zip,lat,lon
00501,40.92,-72.64
00544,40.92,-72.64
00601,18.17,-66.72
00602,18.39,-67.18
00603,18.46,-67.15
00604,18.49,-67.14
00605,18.47,-67.14
00606,18.17,-66.94
00610,18.29,-67.14
00611,18.28,-66.8
00612,18.45,-66.7
00613,18.46,-66.73
00614,18.43,-66.67
00616,18.44,-66.64
00617,18.45,-66.54
00622,18.0,-67.19
00623,18.06,-67.15
00624,18.02,-66.73
00627,18.48,-66.85
00631,18.27,-66.86
00636,18.11,-67.04
00637,18.09,-66.93
00638,18.34,-66.47
00641,18.25,-66.7
00646,18.44,-66.28
00647,17.97,-66.94
00650,18.36,-66.56
00652,18.46,-66.6
00653,17.97,-66.9
00656,18.02,-66.79
00659,18.48,-66.81
00660,18.15,-67.14
00662,18.48,-67.03
00664,18.22,-66.6
00667,18.02,-67.06
00669,18.3,-66.88
00670,18.25,-66.99
00674,18.45,-66.49
00676,18.38,-67.08
00677,18.34,-67.25
00678,18.45,-66.93
00680,18.22,-67.51
00681,18.22,-67.51
00682,18.22,-67.51
00683,18.11,-67.04
00685,18.32,-66.97
00687,18.32,-66.42
00688,18.43,-66.67
00690,18.48,-67.14
00692,18.44,-66.34
00693,18.44,-66.4
00694,18.44,-66.4
00698,18.06,-66.86
00703,18.25,-66.13
00704,17.99,-66.14
00705,18.13,-66.27
00707,18.01,-65.9
00714,17.97,-66.04
00715,18.01,-66.56
00716,18.0,-66.61
00717,18.0,-66.61
00718,18.22,-65.78
00719,18.3,-66.23
00720,18.23,-66.39
00721,18.36,-65.78
00723,18.01,-66.01
00725,18.21,-66.06
00726,18.21,-66.06
00727,18.21,-66.06
00728,18.0,-66.61
00729,18.33,-65.88
00730,18.0,-66.61
00731,18.04,-66.63
00732,18.02,-66.61
00733,18.02,-66.62
00734,18.0,-66.64
00735,18.26,-65.59
00736,18.1,-66.14
00737,18.1,-66.14
00738,18.36,-65.61
00739,18.18,-66.17
00740,18.33,-65.64
00741,18.16,-65.75
00742,18.26,-65.59
00744,18.21,-65.74
00745,18.37,-65.82
00751,18.0,-66.26
00754,18.19,-65.96
00757,17.99,-66.4
00765,18.12,-65.46
00766,18.12,-66.5
00767,18.05,-65.89
00769,18.1,-66.35
00771,18.2,-65.87
00772,18.45,-65.9
00773,18.37,-65.71
00775,18.32,-65.3
00777,18.21,-65.9
00778,18.26,-65.97
00780,18.0,-66.61
00782,18.22,-66.22
00783,18.3,-66.33
00784,17.99,-66.14
00785,18.02,-66.8
00786,18.13,-66.27
00791,18.14,-65.79
00792,18.14,-65.79
00794,18.2,-66.31
00795,18.0,-66.49
00801,18.32,-64.96
00802,18.32,-64.96
00803,18.32,-64.96
00804,18.32,-64.96
00805,18.32,-64.96
00820,17.73,-64.73
00821,17.73,-64.73
00822,17.73,-64.73
00823,17.73,-64.73
00824,17.73,-64.73
00830,18.33,-64.74
00831,18.33,-64.74
00840,17.73,-64.73
00841,17.73,-64.73
00850,17.73,-64.73
00851,17.73,-64.73
00901,18.47,-66.1
00902,18.41,-66.06
00906,18.41,-66.06
00907,18.45,-66.08
00908,18.41,-66.06
00909,18.44,-66.07
00910,18.41,-66.06
00911,18.45,-66.06
00912,18.44,-66.06
00913,18.45,-66.04
00914,18.41,-66.06
00915,18.44,-66.05
00916,18.41,-66.06
00917,18.42,-66.05
00918,18.42,-66.06
00919,18.41,-66.06
00920,18.41,-66.09
00921,18.39,-66.07
00922,18.41,-66.06
00923,18.41,-66.04
00924,18.4,-66.01
00925,18.4,-66.05
00926,18.37,-66.06
00927,18.39,-66.07
00928,18.41,-66.06
00929,18.41,-66.06
00930,18.41,-66.06
00931,18.41,-66.06
00933,18.41,-66.06
00934,18.34,-66.17
00935,18.41,-66.06
00936,18.41,-66.06
00937,18.41,-66.06
00938,18.41,-66.06
00939,18.41,-66.06
00940,18.41,-66.06
00949,18.43,-66.2
00950,18.46,-66.2
00951,18.46,-66.2
00952,18.46,-66.2
00953,18.36,-66.26
00954,18.36,-66.26
00955,18.41,-66.06
00956,18.33,-66.17
00957,18.37,-66.18
00958,18.34,-66.17
00959,18.39,-66.16
00960,18.34,-66.17
00961,18.41,-66.17
00962,18.44,-66.14
00963,18.44,-66.14
00965,18.43,-66.12
00966,18.4,-66.11
00968,18.41,-66.06
00969,18.36,-66.11
00970,18.36,-66.11
00971,18.31,-66.11
00975,18.41,-66.06
00976,18.34,-65.99
00977,18.34,-65.99
00978,18.34,-65.99
00979,18.41,-66.06
00981,18.41,-66.06
00982,18.41,-66.06
00983,18.41,-65.98
00984,18.39,-65.97
00985,18.35,-65.94
00986,18.39,-65.97
00987,18.37,-65.96
00988,18.39,-65.97
01001,42.14,-72.79
01002,42.37,-72.46
01003,42.37,-72.64
01004,42.38,-72.51
01005,42.33,-72.14
01007,42.28,-72.4
01008,42.18,-72.96
01009,42.21,-72.34
01010,42.11,-72.2
01011,42.29,-72.95
01012,42.39,-72.83
01013,42.16,-72.67
01014,42.17,-72.6
01020,42.18,-72.56
01021,42.17,-72.6
01022,42.19,-72.55
01026,42.43,-72.91
01027,42.37,-72.77
01028,42.06,-72.5
01029,42.19,-73.05
01030,42.19,-72.8
01031,42.35,-72.21
01032,42.44,-72.82
01033,42.26,-72.5
01034,42.11,-72.95
01035,42.36,-72.58
01036,42.07,-72.42
01037,42.35,-72.23
01038,42.39,-72.64
01039,42.36,-72.68
01040,42.2,-72.64
01041,42.17,-72.6
01050,42.31,-72.9
01053,42.35,-72.7
01054,42.47,-72.47
01056,42.17,-72.63
01057,42.1,-72.28
01059,42.37,-72.64
01060,42.42,-72.77
01061,42.37,-72.64
01062,42.33,-72.85
01063,42.32,-72.64
01066,42.41,-72.63
01068,42.35,-72.06
01069,42.18,-72.31
01070,42.45,-72.96
01071,42.18,-72.86
01072,42.47,-72.44
01073,42.23,-72.73
01074,42.38,-72.15
01075,42.25,-72.58
01077,42.07,-72.54
01079,42.19,-72.33
01080,42.18,-72.52
01081,42.06,-72.21
01082,42.38,-72.55
01083,42.2,-72.2
01084,42.39,-72.87
01085,42.15,-72.5
01086,42.17,-72.85
01088,42.39,-72.65
01089,42.13,-72.65
01090,42.17,-72.6
01092,42.2,-72.23
01093,42.44,-72.65
01094,42.36,-72.14
01095,42.13,-72.49
01096,42.41,-72.82
01097,42.16,-72.85
01098,42.4,-72.9
01101,42.17,-72.6
01102,42.17,-72.6
01103,42.1,-72.59
01104,42.13,-72.57
01105,42.1,-72.58
01106,42.05,-72.57
01107,42.13,-72.59
01108,42.08,-72.56
01109,42.12,-72.55
01111,42.17,-72.6
01114,42.17,-72.6
01115,42.1,-72.59
01116,42.17,-72.6
01118,42.09,-72.52
01119,42.12,-72.53
01128,42.09,-72.49
01129,42.12,-72.49
01133,42.17,-72.6
01138,42.17,-72.6
01139,42.17,-72.6
01144,42.1,-72.59
01151,42.15,-72.51
01152,42.17,-72.6
01199,42.12,-72.6
01201,42.48,-73.25
01202,42.39,-73.23
01203,42.39,-73.23
01220,42.39,-73.17
01222,42.19,-73.32
01223,42.34,-73.1
01224,42.39,-73.23
01225,42.48,-73.13
01226,42.47,-73.09
01227,42.52,-73.09
01229,42.28,-73.34
01230,42.3,-73.27
01235,42.29,-73.22
01236,42.29,-73.36
01237,42.49,-73.24
01238,42.37,-73.27
01240,42.46,-73.22
01242,42.34,-73.25
01243,42.36,-73.01
01244,42.12,-73.25
01245,42.19,-73.21
01247,42.43,-73.19
01252,42.2,-73.45
01253,42.21,-73.09
01254,42.23,-73.24
01255,42.15,-73.15
01256,42.37,-73.13
01257,42.31,-73.27
01258,42.13,-73.36
01259,42.2,-73.28
01260,42.29,-73.31
01262,42.3,-73.33
01263,42.39,-73.23
01264,42.22,-73.2
01266,42.36,-73.27
01267,42.64,-73.26
01270,42.44,-73.12
01301,42.6,-72.62
01302,42.52,-72.62
01330,42.56,-72.74
01331,42.55,-72.18
01337,42.63,-72.64
01338,42.57,-72.77
01339,42.59,-72.67
01340,42.68,-72.82
01341,42.59,-72.71
01342,42.55,-72.61
01343,42.64,-72.99
01344,42.63,-72.55
01346,42.62,-72.79
01347,42.56,-72.52
01349,42.62,-72.71
01350,42.72,-72.98
01351,42.55,-72.49
01354,42.52,-72.62
01355,42.52,-72.53
01360,42.61,-72.53
01364,42.58,-72.56
01366,42.46,-72.18
01367,42.68,-72.72
01368,42.67,-72.2
01369,42.52,-72.62
01370,42.59,-72.76
01373,42.46,-72.68
01375,42.57,-72.7
01376,42.65,-72.72
01378,42.67,-72.34
01379,42.58,-72.44
01380,42.55,-72.39
01420,42.58,-71.82
01430,42.65,-71.92
01431,42.45,-71.46
01432,42.45,-71.46
01436,42.6,-72.08
01438,42.55,-72.03
01440,42.58,-72.03
01441,42.36,-71.9
01450,42.45,-71.46
01451,42.5,-71.58
01452,42.48,-72.01
01453,42.47,-71.84
01460,42.45,-71.46
01462,42.58,-71.75
01463,42.45,-71.46
01464,42.45,-71.46
01467,42.49,-71.61
01468,42.56,-72.07
01469,42.45,-71.46
01470,42.45,-71.46
01471,42.45,-71.46
01472,42.45,-71.46
01473,42.55,-71.91
01474,42.45,-71.46
01475,42.66,-72.05
01477,42.36,-71.9
01501,42.18,-71.95
01503,42.31,-71.84
01504,42.11,-71.8
01505,42.3,-71.94
01506,42.19,-72.11
01507,42.13,-71.97
01508,42.11,-72.08
01509,42.36,-71.9
01510,42.41,-71.69
01515,42.21,-72.05
01516,42.11,-71.89
01517,42.36,-71.9
01518,42.11,-72.11
01519,42.2,-71.68
01520,42.34,-71.85
01521,42.06,-72.16
01522,42.26,-71.8
01523,42.43,-71.91
01524,42.24,-72.01
01525,42.36,-71.9
01526,42.36,-71.9
01527,42.26,-71.82
01529,42.12,-71.85
01531,42.32,-72.13
01532,42.32,-71.64
01534,42.21,-71.86
01535,42.28,-72.09
01536,42.41,-71.86
01537,42.17,-71.89
01538,42.36,-71.9
01540,42.11,-71.86
01541,42.45,-71.88
01542,42.22,-71.91
01543,42.38,-71.95
01545,42.29,-71.72
01546,42.36,-71.9
01550,42.13,-72.03
01560,42.18,-71.68
01561,42.44,-71.69
01562,42.25,-72.07
01564,42.37,-71.94
01566,42.1,-72.08
01568,42.18,-71.6
01569,42.06,-71.64
01570,42.14,-71.99
01571,42.06,-71.94
01580,42.36,-71.9
01581,42.26,-71.85
01582,42.36,-71.9
01583,42.36,-71.78
01585,42.24,-72.17
01586,42.36,-71.9
01588,42.17,-71.9
01590,42.13,-71.76
01601,42.27,-71.88
01602,42.27,-71.85
01603,42.25,-71.84
01604,42.25,-71.77
01605,42.29,-71.8
01606,42.31,-71.79
01607,42.23,-71.79
01608,42.29,-71.93
01609,42.28,-71.83
01610,42.25,-71.81
01611,42.24,-71.88
01612,42.3,-71.89
01613,42.29,-71.8
01614,42.36,-71.9
01615,42.36,-71.9
01653,42.36,-71.9
01654,42.36,-71.9
01655,42.36,-71.9
01701,42.45,-71.46
01702,42.45,-71.46
01703,42.45,-71.46
01704,42.45,-71.46
01705,42.45,-71.46
01718,42.45,-71.46
01719,42.45,-71.46
01720,42.45,-71.46
01721,42.45,-71.46
01730,42.45,-71.46
01731,42.45,-71.46
01740,42.44,-71.61
01741,42.45,-71.46
01742,42.45,-71.46
01745,42.29,-71.5
01746,42.45,-71.46
01747,42.13,-71.53
01748,42.45,-71.46
01749,42.45,-71.46
01752,42.45,-71.46
01754,42.45,-71.46
01756,42.1,-71.55
01757,42.15,-71.53
01760,42.45,-71.46
01770,42.45,-71.46
01772,42.3,-71.53
01773,42.45,-71.46
01775,42.45,-71.46
01776,42.45,-71.46
01778,42.45,-71.46
01784,42.45,-71.46
01801,42.49,-71.16
01803,42.5,-71.2
01805,42.45,-71.46
01806,42.45,-71.46
01807,42.45,-71.46
01808,42.45,-71.46
01810,42.65,-71.17
01812,42.65,-71.18
01813,42.45,-71.46
01815,42.45,-71.46
01821,42.45,-71.46
01822,42.45,-71.46
01824,42.45,-71.46
01826,42.45,-71.46
01827,42.45,-71.46
01830,42.79,-71.07
01831,42.77,-71.12
01832,42.79,-71.13
01833,42.72,-70.98
01834,42.75,-71.02
01835,42.75,-71.08
01840,42.71,-71.16
01841,42.71,-71.16
01842,42.64,-70.88
01843,42.71,-71.09
01844,42.73,-71.19
01845,42.67,-71.09
01850,42.45,-71.46
01851,42.45,-71.46
01852,42.45,-71.46
01853,42.45,-71.46
01854,42.45,-71.46
01860,42.8,-71.09
01862,42.45,-71.46
01863,42.45,-71.46
01864,42.58,-71.08
01865,42.45,-71.46
01866,42.45,-71.46
01867,42.54,-71.11
01876,42.45,-71.46
01879,42.45,-71.46
01880,42.5,-71.07
01885,42.64,-70.88
01886,42.45,-71.46
01887,42.56,-71.17
01888,42.45,-71.46
01889,42.57,-71.11
01890,42.45,-71.15
01899,42.64,-70.88
01901,42.46,-70.95
01902,42.47,-70.93
01903,42.64,-70.88
01904,42.49,-70.96
01905,42.47,-70.97
01906,42.47,-71.0
01907,42.51,-70.91
01908,42.43,-70.92
01910,42.45,-70.97
01913,42.85,-70.95
01915,42.57,-70.85
01921,42.68,-71.02
01922,42.76,-70.93
01923,42.58,-70.95
01929,42.63,-70.78
01930,42.63,-70.69
01931,42.64,-70.88
01936,42.64,-70.88
01937,42.64,-70.88
01938,42.69,-70.86
01940,42.53,-71.03
01944,42.58,-70.76
01945,42.56,-70.77
01949,42.64,-71.09
01950,42.81,-70.87
01951,42.78,-70.87
01952,42.85,-70.87
01960,42.54,-70.97
01961,42.64,-70.88
01965,42.56,-70.83
01966,42.66,-70.62
01969,42.72,-70.89
01970,42.51,-70.9
01971,42.64,-70.88
01982,42.63,-70.85
01983,42.66,-70.95
01984,42.6,-70.87
01985,42.79,-70.97
02018,41.97,-70.7
02019,42.08,-71.47
02020,42.08,-70.64
02021,42.18,-71.12
02025,42.23,-70.82
02026,42.24,-71.18
02027,42.18,-71.09
02030,42.24,-71.28
02031,42.0,-71.2
02032,42.15,-71.21
02035,42.06,-71.24
02038,42.09,-71.4
02040,41.97,-70.7
02041,42.07,-70.65
02043,42.21,-70.88
02044,41.97,-70.7
02045,42.28,-70.87
02047,42.14,-70.69
02048,42.01,-71.22
02050,42.11,-70.71
02051,42.15,-70.73
02052,42.18,-71.31
02053,42.16,-71.43
02054,42.17,-71.36
02055,41.97,-70.7
02056,42.12,-71.33
02059,41.97,-70.7
02060,41.97,-70.7
02061,42.15,-70.82
02062,42.18,-71.2
02065,42.1,-70.65
02066,42.21,-70.77
02067,42.11,-71.18
02070,42.18,-71.09
02071,42.1,-71.27
02072,42.12,-71.11
02081,42.15,-71.26
02090,42.22,-71.2
02093,42.05,-71.37
02101,42.37,-71.03
02102,42.34,-70.92
02103,42.34,-70.92
02104,42.34,-70.92
02105,42.34,-70.92
02106,42.35,-71.07
02107,42.34,-70.92
02108,42.35,-71.1
02109,42.36,-71.05
02110,42.35,-71.05
02111,42.35,-71.06
02112,42.34,-70.92
02113,42.37,-71.06
02114,42.36,-71.02
02115,42.34,-71.1
02116,42.35,-71.09
02117,42.34,-70.92
02118,42.34,-71.07
02119,42.32,-71.08
02120,42.33,-71.1
02121,42.31,-71.08
02122,42.3,-71.06
02123,42.34,-70.92
02124,42.29,-71.07
02125,42.31,-71.07
02126,42.3,-71.11
02127,42.33,-71.02
02128,42.36,-71.03
02129,42.38,-71.07
02130,42.31,-71.12
02131,42.28,-71.12
02132,42.28,-71.16
02133,42.34,-70.92
02134,42.36,-71.11
02135,42.35,-71.1
02136,42.25,-71.13
02137,42.34,-70.92
02138,42.38,-71.13
02139,42.37,-71.1
02140,42.39,-71.13
02141,42.37,-71.08
02142,42.36,-71.08
02143,42.38,-71.1
02144,42.4,-71.12
02145,42.39,-71.1
02148,42.44,-71.09
02149,42.41,-71.05
02150,42.38,-71.04
02151,42.37,-71.02
02152,42.38,-70.98
02153,42.45,-71.46
02155,42.42,-71.11
02156,42.45,-71.46
02163,42.33,-71.11
02169,42.24,-71.01
02170,42.27,-71.02
02171,42.28,-71.01
02176,42.46,-71.05
02177,42.45,-71.46
02180,42.47,-71.1
02184,42.2,-71.01
02185,42.18,-71.09
02186,42.24,-71.08
02187,42.18,-71.09
02188,42.21,-70.96
02189,42.21,-70.93
02190,42.17,-70.95
02191,42.25,-70.94
02196,42.34,-70.92
02199,42.35,-71.08
02201,42.34,-70.92
02202,42.36,-71.06
02203,42.36,-71.06
02204,42.34,-70.92
02205,42.35,-71.05
02206,42.34,-70.92
02207,42.34,-70.92
02208,42.34,-70.92
02209,42.34,-70.92
02210,42.35,-71.04
02211,42.34,-70.92
02212,42.45,-71.46
02215,42.35,-71.11
02216,42.34,-70.92
02217,42.34,-70.92
02222,42.36,-71.06
02228,42.38,-71.04
02238,42.45,-71.46
02239,42.45,-71.46
02241,42.34,-70.92
02266,42.34,-70.92
02269,42.18,-71.09
02283,42.34,-70.92
02284,42.34,-70.92
02293,42.34,-70.92
02295,42.34,-70.92
02297,42.34,-70.92
02301,42.08,-71.04
02302,42.08,-71.0
02303,41.97,-70.7
02304,41.97,-70.7
02305,41.97,-70.7
02322,42.13,-71.05
02324,41.97,-70.98
02325,41.99,-70.97
02327,42.04,-70.83
02330,41.9,-70.76
02331,41.97,-70.7
02332,42.05,-70.71
02333,42.02,-70.93
02334,42.02,-71.13
02337,42.02,-70.93
02338,41.99,-70.86
02339,42.12,-70.85
02340,42.12,-70.85
02341,42.06,-70.88
02343,42.14,-71.0
02344,41.97,-70.7
02345,41.89,-70.58
02346,41.92,-70.88
02347,41.84,-70.96
02348,41.97,-70.7
02349,41.97,-70.7
02350,42.02,-70.85
02351,42.12,-70.96
02355,41.92,-70.8
02356,42.05,-71.12
02357,42.06,-71.09
02358,41.95,-70.71
02359,42.07,-70.8
02360,41.89,-70.64
02361,41.97,-70.7
02362,41.97,-70.7
02364,41.98,-70.74
02366,41.85,-70.7
02367,41.97,-70.81
02368,42.17,-71.06
02370,41.95,-70.89
02375,42.02,-71.11
02379,42.02,-71.02
02381,41.93,-70.56
02382,42.08,-70.94
02420,42.46,-71.22
02421,42.44,-71.23
02445,42.32,-71.14
02446,42.34,-71.12
02447,42.18,-71.09
02451,42.4,-71.25
02452,42.39,-71.22
02453,42.37,-71.23
02454,42.36,-71.25
02455,42.4,-71.23
02456,42.45,-71.46
02457,42.18,-71.09
02458,42.39,-71.21
02459,42.33,-71.18
02460,42.37,-71.18
02461,42.36,-71.21
02462,42.35,-71.21
02464,42.37,-71.22
02465,42.38,-71.21
02466,42.35,-71.22
02467,42.36,-71.21
02468,42.33,-71.23
02471,42.45,-71.46
02472,42.36,-71.2
02474,42.42,-71.16
02475,42.45,-71.46
02476,42.38,-71.18
02477,42.45,-71.46
02478,42.41,-71.2
02479,42.45,-71.46
02481,42.31,-71.27
02482,42.29,-71.3
02492,42.28,-71.25
02493,42.38,-71.23
02494,42.3,-71.26
02495,42.45,-71.46
02532,41.75,-70.59
02534,41.67,-70.62
02535,41.38,-70.67
02536,41.66,-70.56
02537,41.73,-70.44
02538,41.78,-70.66
02539,41.4,-70.55
02540,41.61,-70.49
02541,41.8,-70.31
02542,41.65,-70.55
02543,41.59,-70.65
02552,41.38,-70.64
02553,41.67,-70.61
02554,41.29,-70.09
02556,41.65,-70.38
02557,41.42,-70.56
02558,41.75,-70.66
02559,41.69,-70.62
02561,41.77,-70.53
02562,41.79,-70.52
02563,41.71,-70.48
02564,41.27,-70.02
02565,41.8,-70.31
02568,41.42,-70.6
02571,41.76,-70.69
02573,41.38,-70.64
02574,41.6,-70.64
02575,41.42,-70.64
02576,41.77,-70.75
02584,41.28,-70.05
02601,41.83,-70.14
02630,41.7,-70.3
02631,41.85,-70.04
02632,41.8,-70.18
02633,41.86,-70.05
02634,41.8,-70.31
02635,41.62,-70.44
02636,41.8,-70.31
02637,41.7,-70.28
02638,41.73,-70.09
02639,41.75,-70.07
02641,41.73,-70.2
02642,41.85,-70.02
02643,41.78,-69.96
02644,41.79,-70.27
02645,41.84,-70.04
02646,41.85,-70.05
02647,41.64,-70.31
02648,41.81,-70.25
02649,41.79,-70.25
02650,41.73,-70.03
02651,41.82,-69.98
02652,41.93,-70.28
02653,41.85,-70.02
02655,41.81,-70.19
02657,41.89,-70.09
02659,41.85,-70.03
02660,41.8,-70.09
02661,41.69,-70.03
02662,41.76,-69.98
02663,41.8,-70.08
02664,41.82,-70.08
02666,41.99,-70.05
02667,41.82,-70.02
02668,41.79,-70.2
02669,41.7,-70.0
02670,41.71,-70.07
02671,41.85,-70.04
02672,41.64,-70.32
02673,41.78,-70.15
02675,41.72,-70.14
02702,41.78,-71.02
02703,41.94,-71.3
02712,41.76,-71.07
02713,41.42,-70.93
02714,41.76,-71.07
02715,41.82,-71.15
02717,41.75,-70.98
02718,41.87,-71.01
02719,41.63,-70.87
02720,41.82,-71.17
02721,41.68,-71.15
02722,41.76,-71.07
02723,41.69,-71.13
02724,41.68,-71.18
02725,41.72,-71.17
02726,41.76,-71.15
02738,41.74,-70.75
02739,41.66,-70.81
02740,41.63,-70.95
02741,41.76,-71.07
02742,41.62,-70.96
02743,41.71,-70.91
02744,41.61,-70.92
02745,41.71,-70.95
02746,41.67,-70.94
02747,41.64,-71.01
02748,41.57,-70.98
02760,41.96,-71.33
02761,41.76,-71.07
02762,42.01,-71.33
02763,41.97,-71.31
02764,41.85,-71.16
02766,41.96,-71.18
02767,41.94,-71.05
02768,41.76,-71.07
02769,41.85,-71.24
02770,41.75,-70.85
02771,41.84,-71.32
02777,41.77,-71.23
02779,41.83,-71.06
02780,41.86,-71.09
02783,41.76,-71.07
02790,41.62,-71.08
02791,41.52,-71.09
02801,41.53,-71.28
02802,41.95,-71.46
02804,41.32,-71.68
02806,41.74,-71.32
02807,41.19,-71.58
02808,41.4,-71.76
02809,41.68,-71.27
02812,41.47,-71.68
02813,41.4,-71.67
02814,41.89,-71.69
02815,41.77,-71.66
02816,41.69,-71.64
02817,41.63,-71.67
02818,41.64,-71.48
02822,41.55,-71.65
02823,41.73,-71.55
02824,42.0,-71.56
02825,41.79,-71.71
02826,41.98,-71.6
02827,41.69,-71.73
02828,41.88,-71.55
02829,41.88,-71.59
02830,41.97,-71.65
02831,41.75,-71.58
02832,41.51,-71.73
02833,41.48,-71.77
02835,41.51,-71.38
02836,41.45,-71.62
02837,41.51,-71.17
02838,41.97,-71.48
02839,41.94,-71.64
02840,41.49,-71.33
02841,41.5,-71.3
02842,41.52,-71.27
02852,41.59,-71.46
02854,41.38,-71.64
02857,41.84,-71.66
02858,41.96,-71.65
02859,41.96,-71.72
02860,41.88,-71.39
02861,41.88,-71.37
02862,41.86,-71.37
02863,41.89,-71.39
02864,41.95,-71.43
02865,41.93,-71.49
02871,41.59,-71.26
02872,41.71,-71.29
02873,41.52,-71.77
02874,41.48,-71.47
02875,41.46,-71.64
02876,42.0,-71.58
02877,41.53,-71.53
02878,41.61,-71.18
02879,41.44,-71.53
02880,41.38,-71.64
02881,41.48,-71.52
02882,41.38,-71.5
02883,41.38,-71.64
02885,41.73,-71.26
02886,41.7,-71.48
02887,41.68,-71.56
02888,41.75,-71.41
02889,41.69,-71.5
02891,41.28,-71.71
02892,41.51,-71.62
02893,41.7,-71.51
02894,41.45,-71.71
02895,41.98,-71.52
02896,41.93,-71.54
02898,41.5,-71.66
02901,41.82,-71.41
02902,41.82,-71.42
02903,41.82,-71.41
02904,41.85,-71.44
02905,41.8,-71.42
02906,41.84,-71.39
02907,41.8,-71.43
02908,41.84,-71.44
02909,41.82,-71.44
02910,41.79,-71.44
02911,41.84,-71.45
02912,41.83,-71.4
02914,41.81,-71.36
02915,41.77,-71.35
02916,41.84,-71.36
02917,41.85,-71.5
02918,41.84,-71.44
02919,41.87,-71.5
02920,41.77,-71.47
02921,41.77,-71.48
02940,41.87,-71.56
03031,42.87,-71.63
03032,42.99,-71.34
03033,42.85,-71.77
03034,43.06,-71.31
03036,42.96,-71.25
03037,42.99,-71.25
03038,42.95,-71.2
03040,43.01,-71.01
03041,43.01,-71.01
03042,43.05,-71.08
03043,42.92,-71.82
03044,42.99,-71.13
03045,42.95,-71.69
03046,43.1,-71.61
03047,42.93,-71.86
03048,42.88,-71.72
03049,42.86,-71.58
03051,42.77,-71.62
03052,42.89,-71.49
03053,42.87,-71.39
03054,42.92,-71.67
03055,42.85,-71.74
03057,42.85,-71.73
03060,42.77,-71.63
03061,42.95,-71.65
03062,42.86,-71.5
03063,42.77,-71.51
03064,42.77,-71.63
03070,42.9,-71.78
03071,42.76,-71.85
03073,43.01,-71.01
03076,42.74,-71.32
03077,43.06,-71.2
03079,42.87,-71.2
03082,42.9,-71.77
03084,42.82,-71.86
03086,42.89,-71.73
03087,42.89,-71.23
03101,42.99,-71.46
03102,43.01,-71.49
03103,42.94,-71.46
03104,42.9,-71.37
03105,42.95,-71.65
03106,43.07,-71.44
03107,42.95,-71.65
03108,42.95,-71.65
03109,42.97,-71.41
03110,42.94,-71.54
03111,42.95,-71.65
03215,43.93,-71.53
03216,43.45,-71.68
03217,43.72,-71.64
03218,43.42,-71.37
03220,43.46,-71.41
03221,43.28,-71.79
03222,43.71,-71.72
03223,43.84,-71.67
03224,43.38,-71.6
03225,43.39,-71.29
03226,43.69,-71.47
03227,43.69,-71.32
03229,43.3,-71.81
03230,43.51,-71.88
03231,43.47,-71.74
03232,43.97,-71.84
03233,43.42,-71.94
03234,43.34,-71.67
03235,43.37,-71.68
03237,43.41,-71.38
03238,43.97,-71.84
03240,43.97,-71.84
03241,43.72,-71.89
03242,43.18,-71.82
03243,43.44,-71.76
03244,43.12,-71.91
03245,43.74,-71.6
03246,43.54,-71.43
03247,43.59,-71.45
03249,43.56,-71.38
03251,44.05,-71.65
03252,43.47,-71.54
03253,43.59,-71.52
03254,43.73,-71.34
03255,43.32,-72.01
03256,43.6,-71.63
03257,43.3,-71.73
03258,43.27,-71.41
03259,43.86,-71.38
03260,43.37,-71.93
03261,43.21,-71.2
03262,44.04,-71.69
03263,43.3,-71.34
03264,43.71,-71.69
03266,43.75,-71.79
03268,43.36,-71.56
03269,43.5,-71.51
03272,43.31,-71.66
03273,43.3,-71.93
03274,43.97,-71.84
03275,43.29,-71.6
03276,43.54,-71.49
03278,43.31,-71.84
03279,43.97,-71.84
03280,43.17,-72.1
03281,43.08,-71.76
03282,43.97,-71.84
03284,43.49,-72.05
03287,43.45,-71.92
03289,43.5,-71.52
03290,43.12,-71.13
03291,43.18,-71.14
03293,43.97,-71.84
03298,43.52,-71.45
03299,43.52,-71.45
03301,43.23,-71.54
03302,43.31,-71.66
03303,43.28,-71.66
03304,43.13,-71.54
03305,43.21,-71.52
03307,43.32,-71.47
03431,42.9,-72.25
03435,42.95,-72.24
03440,43.04,-71.97
03441,42.78,-72.44
03442,43.0,-71.91
03443,42.88,-72.45
03444,42.89,-72.02
03445,43.0,-72.2
03446,42.84,-72.33
03447,42.88,-72.25
03448,42.94,-72.21
03449,42.94,-71.98
03450,42.88,-72.1
03451,42.89,-72.28
03452,42.82,-72.08
03455,42.89,-72.28
03456,43.12,-72.2
03457,42.9,-72.09
03458,42.96,-71.94
03461,42.77,-72.01
03462,42.87,-72.24
03464,42.95,-72.1
03465,42.84,-72.28
03466,42.86,-72.43
03467,42.97,-72.44
03468,42.89,-71.93
03469,42.87,-72.32
03470,42.9,-72.27
03561,44.34,-71.88
03570,44.51,-71.19
03574,44.31,-71.73
03575,44.7,-71.39
03576,44.9,-71.5
03579,44.7,-71.39
03580,44.21,-71.74
03581,44.4,-71.15
03582,44.75,-71.42
03583,44.7,-71.39
03584,44.48,-71.56
03585,44.25,-71.89
03587,44.7,-71.39
03588,44.57,-71.22
03589,44.7,-71.39
03590,44.7,-71.39
03592,44.7,-71.39
03595,44.27,-71.55
03597,44.7,-71.39
03598,44.36,-71.61
03601,43.2,-72.3
03602,43.13,-72.31
03603,43.27,-72.37
03604,42.95,-72.24
03605,43.21,-72.2
03607,43.36,-72.19
03608,43.07,-72.39
03609,43.14,-72.41
03740,44.11,-71.95
03741,43.63,-72.06
03743,43.42,-72.21
03745,43.46,-72.34
03746,43.36,-72.19
03748,43.63,-72.12
03749,43.58,-72.09
03750,43.7,-72.22
03751,43.45,-72.06
03752,43.42,-72.2
03753,43.46,-72.22
03754,43.37,-72.13
03755,43.86,-72.12
03756,43.97,-71.84
03765,44.04,-72.05
03766,43.64,-72.24
03768,43.8,-72.13
03769,43.79,-72.12
03770,43.42,-72.26
03771,44.27,-72.02
03773,43.39,-72.2
03774,44.08,-72.01
03777,43.93,-72.11
03779,43.95,-72.06
03780,43.97,-71.84
03781,43.43,-72.28
03782,43.43,-72.15
03784,43.64,-72.23
03785,43.95,-72.08
03801,43.01,-70.95
03802,43.01,-71.01
03803,42.93,-71.44
03804,43.01,-71.01
03805,43.29,-70.93
03809,43.46,-71.22
03810,43.5,-71.28
03811,42.88,-71.16
03812,43.88,-71.26
03813,43.8,-71.15
03814,43.76,-71.12
03815,43.25,-71.11
03816,43.66,-71.27
03817,43.75,-71.09
03818,43.79,-71.1
03819,42.93,-71.08
03820,43.3,-70.99
03821,43.33,-71.03
03822,43.33,-71.03
03824,43.17,-70.96
03825,43.3,-71.1
03826,42.89,-71.14
03827,42.91,-71.05
03830,43.64,-71.01
03832,43.88,-71.26
03833,42.95,-70.92
03835,43.31,-71.0
03836,43.82,-71.09
03837,43.45,-71.3
03838,44.05,-71.27
03839,43.31,-71.0
03840,43.04,-70.81
03841,42.88,-71.14
03842,42.92,-70.95
03843,43.01,-71.01
03844,42.89,-70.98
03845,44.08,-71.13
03846,43.88,-71.26
03847,43.88,-71.26
03848,42.91,-71.1
03849,43.9,-71.12
03850,43.71,-71.3
03851,43.42,-71.01
03852,43.33,-71.03
03853,43.65,-71.28
03854,43.06,-70.72
03855,43.46,-71.12
03856,43.04,-70.98
03857,42.98,-70.89
03858,42.94,-71.01
03859,42.86,-71.04
03860,43.78,-71.1
03862,43.0,-70.91
03864,43.67,-71.15
03865,42.94,-70.93
03866,43.41,-71.03
03867,43.33,-70.99
03868,43.35,-70.95
03869,43.16,-70.94
03870,43.01,-70.76
03871,42.98,-70.77
03872,43.57,-71.08
03873,42.92,-71.17
03874,42.96,-70.82
03875,43.86,-71.18
03878,43.23,-70.96
03882,43.7,-70.99
03883,43.88,-71.26
03884,43.26,-71.17
03885,43.01,-70.88
03886,43.65,-71.28
03887,43.46,-71.04
03890,43.81,-71.19
03894,43.67,-71.18
03896,43.59,-71.22
03897,43.88,-71.26
03901,43.28,-70.74
03902,43.25,-70.66
03903,43.18,-70.75
03904,43.19,-70.68
03905,43.09,-70.69
03906,43.34,-70.75
03907,43.35,-70.73
03908,43.23,-70.71
03909,43.24,-70.69
03910,43.21,-70.73
03911,43.16,-70.64
04001,43.52,-70.8
04002,43.47,-70.74
04003,43.74,-70.0
04004,43.37,-70.6
04005,43.53,-70.65
04006,43.44,-70.36
04007,43.46,-70.51
04008,44.02,-69.88
04009,43.94,-70.75
04010,44.16,-70.74
04011,43.94,-70.34
04013,44.41,-70.47
04014,43.37,-70.6
04015,43.96,-70.52
04016,44.18,-70.89
04017,43.73,-70.12
04019,44.41,-70.47
04020,43.77,-70.79
04021,43.81,-70.45
04022,44.57,-70.66
04024,43.84,-70.69
04027,43.46,-70.92
04028,43.73,-70.85
04029,43.87,-70.55
04030,43.6,-70.69
04032,43.86,-70.1
04033,44.41,-70.47
04034,44.41,-70.47
04037,44.04,-70.96
04038,43.8,-70.36
04039,43.88,-70.33
04040,43.99,-70.36
04041,43.88,-70.83
04042,43.58,-70.62
04043,43.49,-70.55
04046,43.53,-70.61
04047,43.74,-70.91
04048,43.66,-70.83
04049,43.7,-70.75
04050,44.41,-70.47
04051,44.14,-70.89
04053,44.41,-70.47
04054,43.28,-70.6
04055,43.96,-70.64
04056,43.66,-70.87
04057,44.41,-70.47
04061,43.54,-70.71
04062,43.91,-70.4
04063,43.5,-70.39
04064,43.41,-70.47
04066,43.78,-69.98
04068,43.85,-70.94
04069,43.89,-70.19
04070,43.58,-70.27
04071,43.91,-70.47
04072,43.54,-70.67
04073,43.58,-70.63
04074,43.72,-70.38
04075,43.8,-70.55
04076,43.51,-70.77
04077,43.91,-70.52
04078,43.82,-70.12
04079,43.78,-70.0
04081,44.57,-70.66
04082,44.41,-70.47
04083,43.47,-70.75
04084,43.8,-70.55
04085,43.77,-70.64
04086,43.98,-69.94
04087,43.57,-70.75
04088,44.57,-70.66
04090,43.43,-70.67
04091,44.41,-70.47
04092,43.86,-70.57
04093,43.65,-70.62
04094,43.41,-70.57
04095,43.6,-70.9
04096,43.8,-70.17
04097,43.84,-70.2
04098,44.41,-70.47
04101,43.66,-70.26
04102,43.74,-70.44
04103,43.69,-70.29
04104,43.85,-70.46
04105,43.74,-70.27
04106,43.63,-70.29
04107,43.6,-70.24
04108,43.66,-70.19
04109,43.68,-70.2
04110,43.76,-70.2
04112,44.41,-70.47
04116,44.41,-70.47
04122,44.41,-70.47
04123,44.41,-70.47
04124,44.41,-70.47
04210,44.09,-70.24
04211,44.2,-70.24
04212,44.2,-70.24
04216,44.57,-70.7
04217,44.43,-70.77
04219,44.27,-70.59
04220,44.33,-70.38
04221,44.39,-70.31
04222,43.97,-70.18
04223,44.02,-70.29
04224,44.55,-70.42
04225,44.6,-70.23
04226,44.56,-70.69
04227,44.58,-70.33
04228,44.2,-70.24
04230,44.06,-70.33
04231,44.31,-70.86
04234,44.62,-70.18
04236,44.19,-70.14
04237,44.49,-70.74
04238,44.23,-70.37
04239,44.54,-70.21
04240,44.09,-70.17
04241,44.2,-70.24
04243,44.2,-70.24
04250,44.03,-70.1
04252,44.03,-70.07
04253,44.3,-70.19
04254,44.24,-70.19
04255,44.4,-70.71
04256,44.08,-70.27
04257,44.57,-70.52
04258,44.15,-70.34
04259,44.35,-69.87
04260,43.97,-70.3
04261,44.69,-71.01
04262,45.06,-70.38
04263,44.29,-70.14
04265,44.3,-70.04
04266,44.36,-70.26
04267,44.57,-70.66
04268,44.28,-70.69
04270,44.28,-70.51
04271,44.26,-70.5
04274,44.05,-70.39
04275,44.57,-70.66
04276,44.52,-70.64
04278,44.38,-70.57
04280,44.13,-70.13
04281,44.35,-70.61
04282,44.27,-70.25
04283,44.2,-70.24
04284,44.36,-70.07
04285,45.06,-70.38
04286,44.4,-70.86
04287,44.06,-69.97
04288,44.2,-70.24
04289,44.34,-70.54
04290,44.48,-70.44
04291,44.04,-70.45
04292,44.32,-70.48
04294,44.62,-70.25
04330,44.35,-69.8
04332,44.41,-69.75
04333,44.41,-69.75
04336,44.32,-69.82
04338,44.41,-69.75
04341,44.26,-69.55
04342,44.08,-69.74
04343,44.41,-69.75
04344,44.26,-69.8
04345,44.3,-69.8
04346,44.27,-69.72
04347,44.25,-69.8
04348,44.22,-69.51
04349,44.41,-69.75
04350,44.16,-69.95
04351,44.36,-69.87
04352,44.46,-69.99
04353,44.19,-69.58
04354,44.4,-69.42
04355,44.38,-69.95
04357,44.11,-69.83
04358,44.38,-69.59
04359,44.18,-69.78
04360,44.41,-69.75
04363,44.41,-69.75
04364,44.32,-69.96
04401,45.06,-68.88
04402,45.52,-68.65
04406,45.18,-69.23
04408,44.64,-68.39
04410,45.06,-68.95
04411,44.91,-68.63
04412,44.84,-68.78
04413,45.0,-67.5
04414,45.31,-69.03
04415,45.35,-69.06
04416,44.6,-68.77
04417,44.82,-68.82
04418,45.05,-68.58
04419,44.81,-68.94
04420,44.41,-68.8
04421,44.42,-68.79
04422,45.07,-69.04
04423,45.04,-68.53
04424,45.66,-67.87
04426,45.17,-69.21
04427,44.99,-68.87
04428,44.79,-68.58
04429,44.89,-68.82
04430,45.23,-68.69
04431,44.56,-68.66
04434,45.52,-68.65
04435,44.97,-69.13
04438,44.63,-68.85
04441,45.79,-69.3
04442,45.79,-69.3
04443,45.32,-69.46
04444,44.84,-68.83
04448,45.25,-68.67
04449,45.01,-68.88
04450,44.92,-68.97
04451,45.52,-68.65
04453,44.79,-69.22
04454,45.0,-67.5
04455,45.52,-68.65
04456,44.87,-69.01
04457,45.37,-68.49
04459,45.52,-68.65
04460,45.62,-68.54
04461,45.05,-68.6
04462,45.23,-68.75
04463,45.24,-68.98
04464,45.79,-69.3
04467,45.52,-68.65
04468,45.04,-68.72
04469,45.0,-68.63
04471,46.52,-68.89
04472,44.41,-68.63
04473,45.07,-68.74
04474,44.84,-68.78
04475,45.04,-68.62
04476,44.43,-68.72
04478,45.29,-70.05
04479,45.79,-69.3
04481,45.79,-69.3
04485,45.79,-69.3
04487,45.52,-68.65
04488,44.89,-69.14
04489,44.92,-68.69
04490,45.0,-67.5
04491,45.0,-67.5
04492,45.0,-67.5
04493,45.52,-68.65
04495,45.52,-68.65
04496,44.65,-68.92
04497,46.52,-68.89
04530,43.87,-69.83
04535,44.01,-69.57
04536,44.02,-69.52
04537,43.89,-69.63
04538,43.96,-69.52
04539,43.93,-69.6
04541,43.88,-69.48
04543,43.99,-69.42
04544,43.83,-69.6
04547,44.01,-69.23
04548,43.81,-69.75
04549,44.02,-69.52
04551,44.01,-69.44
04552,44.02,-69.52
04553,43.99,-69.5
04554,43.87,-69.57
04555,44.07,-69.54
04556,43.93,-69.59
04558,43.9,-69.51
04562,43.79,-69.81
04563,44.02,-69.26
04564,43.93,-69.47
04565,43.77,-69.86
04567,43.9,-69.86
04568,43.88,-69.61
04570,44.02,-69.52
04571,43.88,-69.68
04572,44.04,-69.42
04573,43.93,-69.59
04574,44.16,-69.39
04575,43.85,-69.66
04576,43.94,-69.53
04578,43.96,-69.6
04579,43.94,-69.76
04605,44.48,-68.36
04606,45.0,-67.5
04607,44.48,-68.09
04609,44.36,-68.31
04611,45.0,-67.5
04612,44.24,-68.35
04613,44.64,-68.39
04614,44.3,-68.62
04615,44.64,-68.39
04616,44.26,-68.57
04617,44.34,-68.77
04619,45.19,-67.39
04622,44.6,-67.92
04623,44.7,-67.78
04624,44.64,-68.39
04625,44.64,-68.39
04626,45.0,-67.5
04627,44.21,-68.71
04628,45.0,-67.5
04629,44.64,-68.39
04630,44.71,-67.46
04631,45.04,-67.14
04634,44.6,-68.23
04635,44.64,-68.39
04637,45.19,-67.6
04640,44.64,-68.39
04642,44.64,-68.39
04643,45.0,-67.5
04644,44.64,-68.39
04645,44.03,-69.15
04646,44.64,-68.39
04648,45.0,-67.5
04649,45.0,-67.5
04650,44.64,-68.39
04652,44.9,-67.04
04653,44.64,-68.39
04654,44.66,-67.47
04655,45.0,-67.5
04656,44.64,-68.39
04657,45.0,-67.5
04658,45.0,-67.5
04660,44.33,-68.31
04662,44.29,-68.28
04664,44.64,-68.39
04665,44.64,-68.39
04666,44.93,-67.16
04667,45.01,-67.1
04668,45.21,-67.58
04669,44.64,-68.39
04671,45.0,-67.5
04672,44.41,-68.25
04673,44.31,-68.69
04674,44.64,-68.39
04675,44.3,-68.25
04676,44.4,-68.7
04677,44.49,-68.19
04679,44.39,-68.26
04680,45.0,-67.5
04681,44.64,-68.39
04683,44.64,-68.39
04684,44.64,-68.39
04685,44.21,-68.4
04686,45.0,-67.5
04690,44.64,-68.39
04691,45.0,-67.5
04693,44.39,-68.07
04694,45.15,-67.38
04730,46.12,-67.83
04732,46.98,-68.4
04733,46.52,-68.89
04734,46.52,-68.89
04735,46.52,-68.89
04736,46.87,-68.03
04737,46.52,-68.89
04738,46.52,-68.89
04739,46.52,-68.89
04740,46.61,-67.86
04741,46.52,-68.89
04742,46.75,-67.84
04743,47.06,-68.26
04744,46.52,-68.89
04745,47.3,-68.39
04746,47.0,-68.0
04747,46.01,-68.27
04750,46.91,-67.85
04751,46.89,-67.96
04756,46.93,-68.11
04757,47.01,-68.18
04758,46.55,-67.85
04759,46.52,-68.89
04760,46.52,-68.89
04761,46.1,-68.0
04762,46.98,-68.21
04763,46.1,-68.14
04764,46.52,-68.89
04765,46.0,-68.44
04766,46.52,-68.89
04768,46.52,-68.89
04769,46.72,-68.01
04770,46.52,-68.89
04772,47.26,-68.34
04773,46.52,-68.89
04774,46.52,-68.89
04775,46.52,-68.89
04776,46.52,-68.89
04777,45.52,-68.65
04779,46.52,-68.89
04780,46.52,-68.89
04781,46.52,-68.89
04782,45.52,-68.65
04783,46.79,-68.16
04785,46.99,-68.04
04786,46.79,-68.11
04787,46.59,-67.93
04788,46.52,-68.89
04841,44.13,-69.07
04843,44.13,-69.03
04846,44.13,-69.09
04847,44.24,-69.2
04848,44.31,-68.9
04849,44.32,-69.0
04850,44.48,-69.15
04851,44.03,-69.15
04852,44.02,-69.52
04853,44.11,-68.86
04854,44.08,-69.09
04855,44.03,-69.15
04856,44.13,-69.03
04857,44.0,-69.2
04858,44.12,-69.13
04859,44.0,-69.12
04860,43.96,-69.21
04861,44.11,-69.04
04862,44.23,-69.22
04863,44.09,-68.84
04864,44.09,-69.19
04865,44.19,-69.12
04901,44.55,-69.62
04903,44.55,-69.71
04910,44.53,-69.64
04911,44.81,-69.91
04912,44.92,-69.68
04915,44.4,-69.04
04917,44.48,-69.83
04918,44.41,-69.75
04920,45.58,-69.91
04921,44.58,-69.18
04922,44.68,-69.38
04923,45.04,-69.44
04924,44.74,-69.59
04925,45.58,-69.91
04926,44.39,-69.54
04927,44.62,-69.51
04928,44.94,-69.23
04929,44.76,-69.32
04930,44.96,-69.2
04932,44.68,-69.12
04933,45.52,-68.65
04935,44.41,-69.75
04936,45.06,-70.38
04937,44.65,-69.68
04938,44.65,-70.13
04939,45.01,-69.16
04940,44.62,-70.08
04941,44.49,-69.34
04942,44.97,-69.55
04943,44.9,-69.46
04944,44.68,-69.64
04945,44.88,-69.45
04947,45.06,-70.38
04949,44.37,-69.16
04950,44.79,-69.81
04951,44.48,-69.15
04952,44.4,-69.14
04953,44.86,-69.27
04954,45.58,-69.91
04955,44.6,-70.01
04956,44.95,-70.18
04957,44.71,-69.82
04958,44.8,-69.95
04961,45.58,-69.91
04962,44.48,-69.62
04963,44.56,-69.83
04964,45.06,-70.38
04965,44.8,-69.54
04966,45.06,-70.38
04967,44.76,-69.39
04969,44.77,-69.25
04970,44.99,-70.66
04971,44.93,-69.4
04972,44.48,-69.15
04973,44.36,-69.22
04974,44.49,-68.93
04975,44.62,-69.59
04976,44.77,-69.59
04978,44.62,-69.77
04979,44.93,-69.83
04981,44.5,-68.89
04982,45.06,-70.38
04983,44.81,-70.19
04984,44.67,-70.2
04985,45.58,-69.91
04986,44.51,-69.18
04987,44.48,-69.15
04988,44.6,-69.36
04989,44.43,-69.64
04992,44.66,-70.15
05001,43.59,-72.46
05009,43.59,-72.59
05030,43.41,-72.43
05031,43.66,-72.55
05032,43.76,-72.69
05033,44.0,-72.16
05034,43.59,-72.62
05035,43.6,-72.68
05036,44.02,-72.58
05037,43.47,-72.49
05038,43.99,-72.46
05039,44.03,-72.29
05040,44.08,-72.21
05041,44.0,-72.41
05042,44.36,-72.09
05043,43.81,-72.21
05045,43.93,-72.2
05046,44.28,-72.21
05047,43.67,-72.36
05048,43.57,-72.4
05049,43.59,-72.59
05050,44.46,-72.14
05051,44.07,-72.12
05052,43.59,-72.35
05053,43.71,-72.51
05054,44.0,-72.41
05055,43.72,-72.36
05056,43.53,-72.72
05058,44.0,-72.41
05059,43.66,-72.43
05060,43.99,-72.69
05061,43.93,-72.57
05062,43.48,-72.57
05065,43.78,-72.41
05067,43.7,-72.51
05068,43.78,-72.53
05069,44.2,-72.11
05070,43.84,-72.38
05071,43.57,-72.53
05072,43.89,-72.37
05073,43.63,-72.49
05074,44.0,-72.41
05075,43.85,-72.25
05076,44.0,-72.41
05077,43.9,-72.47
05079,43.95,-72.31
05081,44.12,-72.09
05083,44.0,-72.41
05084,43.72,-72.44
05085,44.0,-72.41
05086,44.12,-72.32
05088,43.67,-72.31
05089,43.52,-72.42
05091,43.63,-72.51
05101,43.17,-72.62
05141,42.99,-72.72
05142,43.4,-72.58
05143,43.3,-72.67
05144,43.59,-72.59
05146,43.18,-72.61
05148,43.23,-72.79
05149,43.38,-72.71
05150,43.34,-72.53
05151,43.41,-72.5
05152,43.1,-73.03
05153,43.44,-72.62
05154,43.16,-72.53
05155,43.17,-72.85
05156,43.41,-72.59
05158,43.08,-72.47
05159,43.09,-72.46
05161,43.32,-72.74
05201,42.93,-73.11
05250,43.07,-73.13
05251,43.26,-73.14
05252,43.07,-73.17
05253,43.18,-73.07
05254,43.18,-73.05
05255,43.17,-73.05
05257,42.97,-73.25
05260,42.83,-73.26
05261,42.79,-73.2
05262,42.98,-73.19
05301,42.88,-72.76
05302,42.99,-72.72
05303,42.99,-72.72
05304,42.99,-72.72
05340,43.16,-72.92
05341,42.97,-72.81
05342,42.8,-72.82
05343,43.01,-72.77
05344,42.99,-72.72
05345,43.01,-72.68
05346,43.02,-72.53
05350,42.79,-72.97
05351,42.94,-72.73
05352,42.78,-73.07
05353,43.07,-72.67
05354,42.77,-72.52
05355,43.0,-72.79
05356,43.01,-72.79
05357,42.96,-72.62
05358,42.77,-72.75
05359,43.13,-72.71
05360,43.05,-72.83
05361,42.78,-72.87
05362,42.98,-72.67
05363,42.94,-72.73
05401,44.51,-73.15
05402,44.44,-73.08
05403,44.45,-73.1
05404,44.5,-73.18
05405,44.44,-73.08
05406,44.44,-73.08
05407,44.44,-73.08
05439,44.5,-73.17
05440,44.94,-73.29
05441,44.84,-72.92
05442,44.72,-72.7
05443,44.16,-73.07
05444,44.62,-72.88
05445,44.32,-73.23
05446,44.54,-73.1
05447,44.82,-72.9
05448,44.74,-72.88
05449,44.44,-73.08
05450,44.9,-72.78
05451,44.51,-73.05
05452,44.49,-73.03
05453,44.44,-73.08
05454,44.73,-72.95
05455,44.82,-72.97
05456,44.21,-73.26
05457,44.96,-72.91
05458,44.72,-73.3
05459,44.96,-73.03
05460,44.97,-73.11
05461,44.46,-73.07
05462,44.32,-73.01
05463,44.88,-73.34
05464,44.64,-72.82
05465,44.46,-72.96
05466,44.36,-73.02
05468,44.64,-73.12
05469,44.24,-73.13
05470,44.82,-72.9
05471,44.85,-72.62
05472,44.15,-73.2
05473,44.24,-73.21
05474,44.84,-73.28
05476,44.95,-72.65
05477,44.39,-72.95
05478,44.78,-72.91
05479,44.82,-72.9
05481,44.82,-72.9
05482,44.42,-73.11
05483,44.9,-72.96
05485,44.91,-72.96
05486,44.74,-73.31
05487,44.24,-73.02
05488,44.9,-72.95
05489,44.57,-72.91
05490,44.5,-72.89
05491,44.15,-73.26
05492,44.74,-72.7
05494,44.57,-73.03
05495,44.43,-73.03
05501,42.65,-71.18
05544,42.65,-71.18
05601,44.2,-72.56
05602,44.27,-72.62
05603,44.16,-72.66
05604,44.26,-72.59
05609,44.26,-72.59
05620,44.26,-72.59
05633,44.26,-72.59
05640,44.17,-72.5
05641,44.21,-72.61
05647,44.27,-72.53
05648,44.26,-72.59
05649,44.16,-72.45
05650,44.41,-72.5
05651,44.28,-72.5
05652,44.72,-72.58
05653,44.7,-72.48
05654,44.16,-72.48
05655,44.56,-72.59
05656,44.64,-72.74
05657,44.6,-72.65
05658,44.37,-72.33
05660,44.27,-72.79
05661,44.56,-72.62
05662,44.44,-72.72
05663,44.18,-72.68
05664,44.18,-72.65
05665,44.67,-72.6
05666,44.26,-72.59
05667,44.28,-72.55
05669,44.03,-73.09
05670,44.18,-72.5
05671,44.26,-72.59
05672,44.54,-72.66
05673,44.19,-72.84
05674,44.22,-72.82
05675,44.08,-72.43
05676,44.26,-72.78
05677,44.39,-72.71
05678,44.16,-72.47
05679,44.1,-72.53
05680,44.54,-72.49
05681,44.26,-72.59
05682,44.34,-72.58
05701,43.63,-72.94
05702,43.41,-72.99
05730,43.42,-72.83
05731,43.69,-73.29
05732,43.64,-73.21
05733,43.66,-73.12
05734,43.98,-73.33
05735,43.64,-73.13
05736,43.59,-73.01
05737,43.71,-72.93
05738,43.53,-72.87
05739,43.35,-73.03
05740,43.97,-73.09
05741,43.59,-72.82
05742,43.45,-72.92
05743,43.63,-73.18
05744,43.58,-73.11
05745,43.59,-72.82
05746,43.59,-72.59
05747,44.0,-72.82
05748,43.91,-72.89
05750,43.6,-73.25
05751,43.66,-72.78
05753,43.99,-73.17
05757,43.48,-73.06
05758,43.44,-72.8
05759,43.54,-72.97
05760,43.86,-73.24
05761,43.36,-73.15
05762,43.59,-72.82
05763,43.72,-73.0
05764,43.53,-73.11
05765,43.6,-73.1
05766,43.98,-73.01
05767,43.87,-72.85
05768,43.03,-73.06
05769,43.92,-73.12
05770,43.91,-73.28
05772,43.76,-72.73
05773,43.48,-73.07
05774,43.43,-73.16
05775,43.36,-73.22
05776,43.03,-73.06
05777,43.59,-73.07
05778,43.89,-73.2
05819,44.43,-72.11
05820,44.74,-72.36
05821,44.31,-72.12
05822,44.74,-72.2
05823,45.01,-72.14
05824,44.58,-71.83
05825,44.78,-72.23
05826,44.64,-72.39
05827,44.68,-72.36
05828,44.44,-72.12
05829,44.95,-72.22
05830,44.97,-72.04
05832,44.59,-71.91
05833,44.78,-72.23
05836,44.5,-72.17
05837,44.67,-71.81
05838,44.47,-71.93
05839,44.68,-72.22
05840,44.68,-71.72
05841,44.6,-72.29
05842,44.78,-72.23
05843,44.52,-72.31
05845,44.78,-72.3
05846,44.83,-71.84
05847,44.79,-72.44
05848,44.38,-71.92
05849,44.5,-71.95
05850,44.48,-71.99
05851,44.54,-72.06
05853,44.88,-71.97
05855,44.91,-72.2
05857,44.93,-72.3
05858,44.51,-71.8
05859,44.94,-72.43
05860,44.82,-72.1
05861,44.46,-72.14
05862,44.46,-72.14
05863,44.5,-71.97
05866,44.64,-72.13
05867,44.66,-72.04
05868,44.78,-72.23
05871,44.68,-71.94
05872,44.85,-72.03
05873,44.39,-72.22
05874,44.87,-72.45
05875,44.71,-72.26
05901,44.68,-71.72
05902,44.68,-71.72
05903,44.93,-71.6
05904,44.68,-71.72
05905,44.67,-71.66
05906,44.68,-71.72
05907,44.93,-71.78
06001,41.76,-72.73
06002,41.85,-72.74
06006,41.88,-72.73
06010,41.68,-72.94
06011,41.79,-72.72
06013,41.76,-72.96
06016,41.84,-72.71
06018,42.0,-73.3
06019,41.84,-72.9
06020,41.85,-72.9
06021,42.01,-73.12
06022,41.85,-72.92
06023,41.61,-72.72
06024,42.02,-73.29
06025,41.69,-72.53
06026,41.94,-72.74
06027,42.0,-72.9
06028,41.86,-72.6
06029,41.85,-72.41
06030,41.79,-72.72
06031,41.95,-73.3
06032,41.73,-72.83
06033,41.7,-72.54
06034,41.79,-72.72
06035,41.97,-72.8
06037,41.6,-72.77
06039,41.95,-73.38
06040,41.78,-72.52
06041,41.79,-72.56
06043,41.77,-72.44
06045,41.79,-72.72
06049,41.79,-72.72
06050,41.67,-72.78
06051,41.67,-72.77
06052,41.66,-72.8
06053,41.69,-72.79
06057,41.88,-73.05
06058,41.89,-73.18
06059,41.9,-72.89
06060,42.0,-72.84
06061,41.87,-72.97
06062,41.67,-72.86
06063,41.94,-72.99
06064,41.79,-72.72
06065,41.97,-73.01
06066,41.84,-72.45
06067,41.66,-72.67
06068,42.01,-73.4
06069,41.87,-73.43
06070,41.87,-72.82
06071,41.92,-72.43
06072,41.98,-72.49
06073,41.66,-72.57
06074,41.83,-72.56
06075,41.81,-72.31
06076,41.9,-72.28
06077,41.99,-72.26
06078,41.99,-72.66
06079,42.03,-73.4
06080,41.95,-72.63
06081,41.91,-72.77
06082,41.98,-72.56
06083,41.79,-72.72
06084,41.88,-72.36
06085,41.86,-72.93
06087,41.76,-72.88
06088,41.9,-72.59
06089,41.89,-72.7
06090,41.96,-72.86
06091,42.0,-72.99
06092,41.87,-72.85
06093,42.01,-72.73
06094,41.9,-73.15
06095,41.91,-72.8
06096,41.93,-72.66
06098,41.93,-73.06
06101,41.78,-72.68
06102,41.79,-72.72
06103,41.77,-72.67
06104,41.79,-72.72
06105,41.77,-72.7
06106,41.75,-72.69
06107,41.75,-72.76
06108,41.78,-72.62
06109,41.7,-72.67
06110,41.73,-72.74
06111,41.69,-72.73
06112,41.79,-72.69
06114,41.75,-72.67
06115,41.76,-72.68
06117,41.79,-72.76
06118,41.75,-72.61
06119,41.76,-72.73
06120,41.79,-72.67
06123,41.79,-72.72
06126,41.79,-72.72
06127,41.79,-72.72
06128,41.79,-72.72
06129,41.79,-72.72
06131,41.79,-72.72
06132,41.79,-72.72
06133,41.79,-72.72
06134,41.79,-72.72
06137,41.79,-72.72
06138,41.79,-72.72
06140,41.79,-72.72
06141,41.79,-72.72
06142,41.79,-72.72
06143,41.79,-72.72
06144,41.79,-72.72
06145,41.79,-72.72
06146,41.79,-72.72
06147,41.79,-72.72
06150,41.79,-72.72
06151,41.79,-72.72
06152,41.79,-72.72
06153,41.79,-72.72
06154,41.77,-72.69
06155,41.77,-72.69
06156,41.77,-72.69
06160,41.77,-72.69
06161,41.77,-72.67
06167,41.79,-72.72
06176,41.79,-72.72
06180,41.79,-72.72
06183,41.76,-72.67
06199,41.93,-72.68
06226,41.85,-72.09
06230,41.85,-72.03
06231,41.63,-72.37
06232,41.73,-72.37
06233,41.83,-72.02
06234,41.85,-71.98
06235,41.8,-72.13
06237,41.7,-72.3
06238,41.78,-72.32
06239,41.86,-71.87
06241,41.85,-71.86
06242,41.93,-72.04
06243,41.84,-71.82
06244,41.98,-71.98
06245,42.02,-71.94
06246,41.97,-71.89
06247,41.79,-71.98
06248,41.69,-72.4
06249,41.63,-72.25
06250,41.78,-72.23
06251,41.8,-72.31
06254,41.61,-72.15
06255,41.98,-71.9
06256,41.78,-72.04
06258,41.89,-71.97
06259,41.86,-72.0
06260,41.86,-71.89
06262,42.02,-71.95
06263,41.84,-71.91
06264,41.7,-72.09
06265,41.81,-72.31
06266,41.67,-72.17
06267,41.94,-71.95
06268,41.79,-72.25
06269,41.81,-72.25
06277,41.98,-71.86
06278,41.89,-72.15
06279,41.9,-72.26
06280,41.69,-72.14
06281,41.96,-72.01
06282,41.95,-72.06
06320,41.41,-72.11
06330,41.5,-72.04
06331,41.7,-72.0
06332,41.73,-71.91
06333,41.38,-72.24
06334,41.54,-72.18
06335,41.52,-72.02
06336,41.58,-72.2
06337,41.56,-71.89
06339,41.49,-71.97
06340,41.36,-72.04
06349,41.4,-72.09
06350,41.64,-72.07
06351,41.6,-71.98
06353,41.45,-72.14
06354,41.7,-71.85
06355,41.49,-72.0
06357,41.32,-72.22
06359,41.47,-71.88
06360,41.5,-71.99
06365,41.52,-71.99
06370,41.51,-72.1
06371,41.41,-72.15
06372,41.39,-71.95
06373,41.68,-71.82
06374,41.69,-71.88
06375,41.4,-72.14
06376,41.3,-72.26
06377,41.72,-71.82
06378,41.38,-71.92
06379,41.46,-71.9
06380,41.56,-72.06
06382,41.42,-72.07
06383,41.6,-72.04
06384,41.58,-71.87
06385,41.46,-72.13
06386,41.46,-72.13
06387,41.74,-71.91
06388,41.34,-71.98
06389,41.56,-72.12
06390,40.99,-72.72
06401,41.34,-73.07
06403,41.44,-73.06
06404,41.17,-73.13
06405,41.28,-72.8
06408,41.37,-72.93
06409,41.35,-72.41
06410,41.46,-72.97
06411,41.55,-72.92
06412,41.39,-72.46
06413,41.3,-72.53
06414,41.57,-72.56
06415,41.55,-72.34
06416,41.61,-72.67
06417,41.37,-72.45
06418,41.33,-73.08
06419,41.42,-72.49
06420,41.53,-72.27
06422,41.46,-72.68
06423,41.48,-72.39
06424,41.56,-72.49
06426,41.45,-72.5
06430,41.18,-73.28
06431,41.22,-73.25
06432,41.2,-73.25
06436,41.31,-73.36
06437,41.34,-72.69
06438,41.47,-72.51
06439,41.42,-72.41
06440,41.31,-73.36
06441,41.46,-72.58
06442,41.34,-72.44
06443,41.35,-72.79
06444,41.79,-72.72
06447,41.64,-72.46
06450,41.54,-72.8
06451,41.54,-72.82
06454,41.37,-72.93
06455,41.52,-72.71
06456,41.54,-72.53
06457,41.55,-72.66
06459,41.56,-72.66
06460,41.34,-72.95
06467,41.57,-72.9
06468,41.34,-73.24
06469,41.51,-72.44
06470,41.4,-73.31
06471,41.33,-72.78
06472,41.38,-72.77
06473,41.38,-72.86
06474,41.46,-72.13
06475,41.3,-72.39
06477,41.28,-73.03
06478,41.43,-73.14
06479,41.58,-72.9
06480,41.6,-72.6
06481,41.54,-72.67
06482,41.41,-73.25
06483,41.42,-73.1
06484,41.31,-73.14
06487,41.37,-72.93
06488,41.47,-73.24
06489,41.6,-72.87
06490,41.14,-73.29
06491,41.39,-73.19
06492,41.46,-72.81
06493,41.37,-72.93
06494,41.37,-72.93
06495,41.37,-72.93
06497,41.21,-73.13
06498,41.31,-72.46
06501,41.37,-72.93
06502,41.37,-72.93
06503,41.37,-72.93
06504,41.37,-72.93
06505,41.31,-72.78
06506,41.37,-72.93
06507,41.37,-72.93
06508,41.37,-72.93
06509,41.37,-72.93
06510,41.31,-72.92
06511,41.31,-72.93
06512,41.29,-72.87
06513,41.31,-72.87
06514,41.37,-72.94
06515,41.33,-72.96
06516,41.27,-72.94
06517,41.36,-72.91
06518,41.42,-72.91
06519,41.3,-72.94
06520,41.37,-72.93
06521,41.37,-72.93
06524,41.43,-73.0
06525,41.35,-73.01
06530,41.37,-72.93
06531,41.37,-72.93
06532,41.37,-72.93
06533,41.37,-72.93
06534,41.37,-72.93
06535,41.37,-72.93
06536,41.37,-72.93
06537,41.37,-72.93
06538,41.37,-72.93
06540,41.3,-72.92
06601,41.31,-73.36
06602,41.18,-73.19
06604,41.19,-73.21
06605,41.16,-73.22
06606,41.21,-73.21
06607,41.18,-73.17
06608,41.19,-73.18
06610,41.22,-73.16
06611,41.26,-73.21
06612,41.27,-73.3
06614,41.22,-73.13
06615,41.18,-73.13
06650,41.31,-73.36
06673,41.31,-73.36
06699,41.31,-73.36
06701,41.37,-72.93
06702,41.54,-73.07
06703,41.37,-72.93
06704,41.58,-73.03
06705,41.55,-72.99
06706,41.54,-73.03
06708,41.55,-73.06
06710,41.57,-73.04
06712,41.5,-72.98
06716,41.6,-72.98
06720,41.37,-72.93
06721,41.37,-72.93
06722,41.37,-72.93
06723,41.37,-72.93
06724,41.37,-72.93
06725,41.37,-72.93
06726,41.37,-72.93
06749,41.37,-72.93
06750,41.71,-73.25
06751,41.64,-73.21
06752,41.52,-73.36
06753,41.83,-73.33
06754,41.74,-73.3
06755,41.63,-73.47
06756,41.79,-73.24
06757,41.77,-73.4
06758,41.74,-73.22
06759,41.79,-73.23
06762,41.53,-73.12
06763,41.69,-73.21
06770,41.49,-73.05
06776,41.66,-73.37
06777,41.69,-73.31
06778,41.71,-73.11
06779,41.6,-73.22
06781,41.67,-72.99
06782,41.66,-73.04
06783,41.58,-73.3
06784,41.53,-73.49
06785,41.68,-73.31
06786,41.66,-73.02
06787,41.66,-73.1
06790,41.87,-73.13
06791,41.65,-73.18
06793,41.72,-73.29
06794,41.65,-73.32
06795,41.76,-73.16
06796,41.82,-73.35
06798,41.73,-73.14
06801,41.38,-73.4
06804,41.4,-73.28
06807,41.06,-73.59
06810,41.38,-73.47
06811,41.42,-73.48
06812,41.49,-73.49
06813,41.31,-73.36
06814,41.31,-73.36
06816,41.31,-73.36
06817,41.31,-73.36
06820,41.08,-73.48
06829,41.26,-73.43
06830,41.04,-73.63
06831,41.08,-73.65
06832,41.31,-73.36
06836,41.31,-73.36
06840,41.16,-73.5
06842,41.15,-73.5
06850,41.13,-73.44
06851,41.14,-73.4
06852,41.31,-73.36
06853,41.07,-73.44
06854,41.09,-73.43
06855,41.1,-73.4
06856,41.11,-73.42
06857,41.31,-73.36
06858,41.11,-73.42
06859,41.31,-73.36
06860,41.31,-73.36
06870,41.03,-73.57
06875,41.31,-73.36
06876,41.03,-73.58
06877,41.31,-73.49
06878,41.04,-73.58
06879,41.31,-73.36
06880,41.14,-73.34
06881,41.31,-73.36
06883,41.22,-73.38
06888,41.31,-73.36
06889,41.14,-73.35
06896,41.27,-73.39
06897,41.21,-73.44
06901,41.05,-73.54
06902,41.06,-73.54
06903,41.14,-73.57
06904,41.31,-73.36
06905,41.12,-73.55
06906,41.07,-73.52
06907,41.09,-73.54
06910,41.04,-73.56
06911,41.31,-73.36
06912,41.31,-73.36
06913,41.31,-73.36
06914,41.31,-73.36
06920,41.31,-73.36
06921,41.05,-73.54
06922,41.05,-73.51
06925,41.31,-73.36
06926,41.04,-73.54
06927,41.31,-73.36
06928,41.31,-73.36
07001,40.58,-74.28
07002,40.67,-74.11
07003,40.81,-74.19
07004,40.88,-74.3
07005,40.92,-74.43
07006,40.85,-74.28
07007,40.79,-74.25
07008,40.58,-74.23
07009,40.86,-74.23
07010,40.82,-73.99
07011,40.88,-74.14
07012,40.85,-74.16
07013,40.87,-74.17
07014,40.83,-74.14
07015,41.01,-74.3
07016,40.65,-74.3
07017,40.77,-74.21
07018,40.76,-74.22
07019,40.79,-74.25
07020,40.83,-73.98
07021,40.83,-74.28
07022,40.82,-74.0
07023,40.64,-74.39
07024,40.85,-73.97
07026,40.88,-74.11
07027,40.65,-74.32
07028,40.81,-74.21
07029,40.74,-74.15
07030,40.75,-74.03
07031,40.79,-74.13
07032,40.75,-74.12
07033,40.68,-74.29
07034,40.88,-74.38
07035,40.93,-74.3
07036,40.63,-74.25
07039,40.79,-74.33
07040,40.73,-74.27
07041,40.73,-74.3
07042,40.81,-74.22
07043,40.8,-74.19
07044,40.83,-74.24
07045,40.91,-74.36
07046,40.89,-74.44
07047,40.79,-74.02
07050,40.77,-74.24
07051,40.79,-74.25
07052,40.79,-74.23
07054,40.85,-74.41
07055,40.86,-74.13
07057,40.85,-74.11
07058,40.87,-74.34
07059,40.63,-74.53
07060,40.62,-74.41
07061,40.67,-74.3
07062,40.63,-74.4
07063,40.6,-74.44
07064,40.57,-74.25
07065,40.61,-74.28
07066,40.62,-74.31
07067,40.59,-74.31
07068,40.82,-74.31
07069,40.64,-74.44
07070,40.83,-74.11
07071,40.8,-74.12
07072,40.83,-74.08
07073,40.83,-74.09
07074,40.84,-74.06
07075,40.85,-74.09
07076,40.64,-74.37
07077,40.55,-74.26
07078,40.74,-74.33
07079,40.75,-74.27
07080,40.57,-74.41
07081,40.7,-74.32
07082,40.93,-74.35
07083,40.69,-74.27
07086,40.77,-74.02
07087,40.76,-74.06
07088,40.72,-74.28
07090,40.65,-74.35
07091,40.67,-74.3
07092,40.68,-74.36
07093,40.79,-74.01
07094,40.79,-74.06
07095,40.55,-74.29
07096,40.73,-74.08
07097,40.73,-74.08
07099,40.73,-74.08
07101,40.74,-74.23
07102,40.74,-74.17
07103,40.74,-74.19
07104,40.76,-74.15
07105,40.72,-74.15
07106,40.74,-74.23
07107,40.76,-74.19
07108,40.72,-74.2
07109,40.78,-74.17
07110,40.82,-74.16
07111,40.73,-74.23
07112,40.71,-74.21
07114,40.71,-74.17
07175,40.79,-74.25
07182,40.79,-74.25
07184,40.79,-74.25
07188,40.79,-74.25
07189,40.79,-74.25
07191,40.79,-74.25
07192,40.79,-74.25
07193,40.79,-74.25
07194,40.79,-74.25
07195,40.79,-74.25
07197,40.79,-74.25
07198,40.79,-74.25
07199,40.79,-74.25
07201,40.67,-74.18
07202,40.65,-74.22
07203,40.65,-74.26
07204,40.67,-74.27
07205,40.69,-74.23
07206,40.65,-74.19
07207,40.67,-74.3
07208,40.68,-74.23
07302,40.73,-74.05
07303,40.73,-74.08
07304,40.72,-74.07
07305,40.7,-74.08
07306,40.73,-74.07
07307,40.75,-74.05
07308,40.73,-74.08
07309,40.73,-74.08
07310,40.73,-74.04
07311,40.73,-74.08
07399,40.73,-74.08
07401,41.02,-74.06
07403,41.02,-74.33
07405,41.0,-74.43
07407,40.91,-74.12
07410,40.94,-74.12
07416,41.12,-74.59
07417,41.01,-74.21
07418,41.23,-74.48
07419,41.16,-74.58
07420,41.03,-74.3
07421,41.15,-74.36
07422,41.19,-74.46
07423,41.0,-74.1
07424,40.88,-74.21
07428,41.21,-74.54
07430,41.05,-74.17
07432,40.99,-74.14
07435,41.05,-74.44
07436,41.02,-74.24
07438,41.1,-74.44
07439,41.08,-74.59
07440,40.95,-74.3
07442,41.0,-74.3
07444,41.01,-74.4
07446,41.06,-74.13
07450,40.98,-74.11
07451,40.95,-74.08
07452,40.96,-74.13
07456,41.11,-74.29
07457,40.99,-74.31
07458,41.04,-74.1
07460,41.14,-74.56
07461,41.24,-74.6
07462,41.19,-74.51
07463,41.04,-74.13
07465,41.07,-74.3
07470,40.95,-74.24
07474,41.01,-74.3
07477,41.01,-74.3
07480,41.05,-74.29
07481,41.0,-74.17
07495,40.95,-74.08
07498,40.95,-74.08
07501,40.92,-74.17
07502,40.92,-74.19
07503,40.9,-74.15
07504,40.91,-74.14
07505,40.92,-74.17
07506,40.95,-74.16
07507,41.01,-74.3
07508,40.95,-74.19
07509,41.01,-74.3
07510,41.01,-74.3
07511,41.01,-74.3
07512,40.9,-74.22
07513,40.91,-74.15
07514,40.93,-74.14
07522,40.92,-74.18
07524,40.93,-74.16
07533,41.01,-74.3
07538,41.01,-74.3
07543,41.01,-74.3
07544,41.01,-74.3
07601,40.91,-74.0
07602,40.95,-74.08
07603,40.87,-74.03
07604,40.86,-74.08
07605,40.86,-73.99
07606,40.86,-74.05
07607,40.9,-74.06
07608,40.86,-74.06
07620,40.96,-73.93
07621,40.92,-74.0
07624,40.97,-73.96
07626,40.97,-74.1
07627,40.95,-73.96
07628,40.96,-73.99
07630,40.97,-74.02
07631,40.89,-73.97
07632,40.88,-73.95
07640,40.99,-73.98
07641,40.96,-73.99
07642,41.01,-74.05
07643,40.93,-74.08
07644,40.88,-74.08
07645,41.05,-74.05
07646,40.93,-74.02
07647,41.01,-73.94
07648,40.99,-73.95
07649,40.96,-74.03
07650,40.94,-74.01
07652,40.94,-74.07
07653,40.95,-74.08
07656,41.03,-74.04
07657,40.83,-74.0
07660,40.85,-74.02
07661,40.93,-74.04
07662,40.91,-74.08
07663,40.94,-74.09
07666,40.91,-73.99
07670,40.92,-73.96
07675,41.01,-74.02
07676,40.99,-74.06
07677,41.03,-74.06
07701,40.36,-74.07
07702,40.33,-74.11
07703,40.31,-74.04
07704,40.36,-74.04
07709,40.3,-74.25
07710,40.3,-74.25
07711,40.24,-74.01
07712,40.25,-74.05
07715,40.3,-74.25
07716,40.4,-74.06
07717,40.19,-74.02
07718,40.42,-74.09
07719,40.26,-74.11
07720,40.2,-74.01
07721,40.39,-74.12
07722,40.3,-74.16
07723,40.25,-74.0
07724,40.3,-74.07
07726,40.27,-74.27
07727,40.29,-74.16
07728,40.24,-74.31
07730,40.42,-74.18
07731,40.26,-74.2
07732,40.4,-74.0
07733,40.38,-74.17
07734,40.44,-74.13
07735,40.44,-74.19
07737,40.41,-74.06
07738,40.35,-74.13
07739,40.38,-74.17
07740,40.35,-74.11
07746,40.35,-74.14
07747,40.41,-74.23
07748,40.4,-74.14
07750,40.28,-74.19
07751,40.32,-74.21
07752,40.4,-74.03
07753,40.21,-74.07
07754,40.3,-74.25
07755,40.26,-74.02
07756,40.28,-74.12
07757,40.31,-74.02
07758,40.43,-74.11
07760,40.37,-74.01
07762,40.18,-74.03
07763,40.3,-74.25
07764,40.28,-74.02
07765,40.3,-74.25
07777,40.3,-74.25
07799,40.3,-74.25
07801,40.92,-74.55
07802,40.87,-74.58
07803,40.88,-74.58
07806,40.87,-74.58
07820,40.87,-74.85
07821,41.09,-74.72
07822,41.16,-74.62
07823,40.82,-75.03
07825,40.94,-74.94
07826,41.19,-74.82
07827,41.26,-74.64
07828,40.88,-74.76
07829,40.84,-74.99
07830,40.72,-74.81
07831,40.74,-74.94
07832,40.89,-75.03
07833,40.91,-75.08
07834,40.88,-74.49
07836,40.85,-74.7
07837,41.13,-74.68
07838,40.89,-74.94
07839,41.13,-74.68
07840,40.87,-74.84
07842,40.87,-74.58
07843,40.94,-74.66
07844,40.92,-74.98
07845,40.87,-74.58
07846,40.97,-74.87
07847,40.88,-74.7
07848,41.13,-74.73
07849,40.95,-74.61
07850,40.91,-74.66
07851,41.18,-74.89
07852,40.86,-74.72
07853,40.81,-74.79
07855,41.13,-74.68
07856,40.87,-74.73
07857,40.9,-74.7
07860,41.07,-74.81
07863,40.82,-74.94
07865,40.81,-74.87
07866,40.96,-74.5
07869,40.84,-74.59
07870,40.81,-74.82
07871,41.04,-74.72
07874,40.93,-74.71
07875,41.04,-74.87
07876,40.86,-74.66
07877,41.1,-74.85
07878,40.87,-74.48
07879,40.96,-74.79
07880,40.86,-74.9
07881,41.13,-74.92
07882,40.75,-75.01
07885,40.94,-74.58
07890,41.13,-74.68
07901,40.71,-74.36
07902,40.67,-74.3
07920,40.68,-74.57
07921,40.66,-74.68
07922,40.68,-74.42
07924,40.73,-74.59
07926,40.8,-74.57
07927,40.82,-74.46
07928,40.76,-74.5
07930,40.78,-74.68
07931,40.7,-74.65
07932,40.77,-74.4
07933,40.69,-74.47
07934,40.72,-74.68
07935,40.74,-74.45
07936,40.82,-74.37
07938,40.66,-74.59
07939,40.57,-74.6
07940,40.76,-74.42
07945,40.79,-74.59
07946,40.68,-74.51
07950,40.84,-74.54
07960,40.77,-74.51
07961,40.78,-74.44
07962,40.87,-74.58
07963,40.87,-74.58
07970,40.81,-74.57
07974,40.7,-74.41
07976,40.74,-74.48
07977,40.71,-74.65
07978,40.64,-74.64
07979,40.71,-74.75
07980,40.7,-74.45
07981,40.82,-74.42
07983,40.87,-74.58
07999,40.87,-74.58
08001,39.56,-75.35
08002,39.91,-75.01
08003,39.89,-74.97
08004,39.76,-74.87
08005,39.75,-74.29
08006,39.75,-74.11
08007,39.86,-75.05
08008,39.64,-74.19
08009,39.76,-74.93
08010,40.05,-74.92
08011,39.98,-74.71
08012,39.79,-75.04
08014,39.8,-75.34
08015,39.92,-74.67
08016,40.09,-74.75
08018,39.8,-74.94
08019,39.75,-74.56
08020,39.8,-75.22
08021,39.8,-75.01
08022,40.05,-74.7
08023,39.68,-75.49
08025,39.7,-75.16
08026,39.83,-74.97
08027,39.77,-75.27
08028,39.7,-75.13
08029,39.84,-75.06
08030,39.89,-75.11
08031,39.81,-75.07
08032,39.78,-75.06
08033,39.88,-75.03
08034,39.9,-75.04
08035,39.88,-75.07
08036,39.99,-74.83
08037,39.56,-74.71
08038,39.57,-75.31
08039,39.69,-75.27
08041,40.04,-74.68
08042,40.01,-74.66
08043,39.84,-74.97
08045,39.87,-75.03
08046,40.01,-74.81
08048,39.96,-74.8
08049,39.85,-75.04
08050,39.7,-74.26
08051,39.75,-75.21
08052,39.95,-74.99
08053,39.89,-74.94
08054,39.96,-74.92
08055,39.87,-74.76
08056,39.79,-75.25
08057,40.05,-74.84
08059,39.89,-75.09
08060,40.04,-74.8
08061,39.81,-75.21
08062,39.72,-75.24
08063,39.78,-75.22
08064,39.86,-74.73
08065,40.03,-74.86
08066,39.82,-75.24
08067,39.73,-75.41
08068,39.97,-74.71
08069,39.62,-75.29
08070,39.64,-75.51
08071,39.73,-75.14
08072,39.54,-75.38
08073,39.86,-74.73
08074,39.72,-75.17
08075,40.06,-74.85
08076,39.86,-74.73
08077,40.0,-74.91
08078,39.85,-75.07
08079,39.59,-75.44
08080,39.76,-75.2
08081,39.75,-74.97
08083,39.84,-75.02
08084,39.83,-75.01
08085,39.75,-75.32
08086,39.84,-75.25
08087,39.67,-74.29
08088,39.86,-74.67
08089,39.72,-74.84
08090,39.8,-75.15
08091,39.73,-74.95
08092,39.66,-74.3
08093,39.86,-75.14
08094,39.73,-75.06
08095,39.65,-74.87
08096,39.82,-75.13
08097,39.76,-75.2
08098,39.59,-75.38
08099,39.78,-74.96
08101,39.8,-74.94
08102,39.95,-75.12
08103,39.93,-75.11
08104,39.92,-75.11
08105,39.92,-75.08
08106,39.83,-74.99
08107,39.87,-75.05
08108,39.83,-74.99
08109,39.95,-75.06
08110,39.84,-74.95
08201,39.49,-74.68
08202,39.11,-74.73
08203,39.37,-74.49
08204,39.11,-74.77
08205,39.48,-74.45
08210,39.14,-74.78
08212,38.94,-74.97
08213,39.51,-74.61
08214,39.06,-74.82
08215,39.53,-74.64
08217,39.57,-74.72
08218,39.06,-74.82
08219,39.06,-74.82
08220,39.51,-74.61
08221,39.43,-74.62
08223,39.14,-74.73
08224,39.6,-74.44
08225,39.42,-74.57
08226,39.25,-74.6
08230,39.21,-74.78
08231,39.51,-74.61
08232,39.47,-74.69
08234,39.37,-74.61
08240,39.49,-74.55
08241,39.52,-74.69
08242,39.02,-74.88
08243,39.15,-74.7
08244,39.43,-74.66
08245,39.1,-74.85
08246,39.06,-74.82
08247,39.05,-74.78
08248,39.19,-74.66
08250,39.06,-74.82
08251,39.14,-74.85
08252,39.04,-74.86
08260,39.07,-74.78
08270,39.16,-74.79
08302,39.38,-75.16
08310,39.52,-74.9
08311,39.33,-75.12
08312,39.65,-75.08
08313,39.53,-75.22
08314,39.36,-74.98
08315,39.27,-75.1
08316,39.27,-74.98
08317,39.43,-74.83
08318,39.55,-75.2
08319,39.38,-74.81
08320,39.38,-75.22
08321,39.27,-75.19
08322,39.6,-75.04
08323,39.41,-75.32
08324,39.22,-74.99
08326,39.53,-74.93
08327,39.39,-75.01
08328,39.58,-75.06
08329,39.29,-75.0
08330,39.47,-74.72
08332,39.37,-75.04
08340,39.45,-74.87
08341,39.53,-74.94
08342,39.5,-74.83
08343,39.64,-75.14
08344,39.57,-75.01
08345,39.3,-75.11
08346,39.56,-74.87
08347,39.5,-75.08
08348,39.31,-74.98
08349,39.28,-75.1
08350,39.49,-74.88
08352,39.47,-75.15
08353,39.42,-75.21
08360,39.39,-75.03
08361,39.47,-74.97
08362,39.27,-75.03
08401,39.49,-74.64
08402,39.44,-74.67
08403,39.32,-74.51
08404,39.51,-74.61
08405,39.51,-74.61
08406,39.41,-74.66
08501,40.15,-74.54
08502,40.46,-74.65
08504,40.43,-74.67
08505,40.1,-74.72
08510,40.19,-74.44
08511,40.05,-74.56
08512,40.32,-74.52
08514,40.14,-74.47
08515,40.15,-74.66
08518,40.12,-74.74
08520,40.28,-74.57
08525,40.39,-74.78
08526,40.16,-74.48
08527,40.11,-74.35
08528,40.38,-74.61
08530,40.38,-74.9
08533,40.08,-74.5
08534,40.33,-74.81
08535,40.23,-74.45
08536,40.34,-74.58
08540,40.34,-74.69
08541,40.28,-74.71
08542,40.35,-74.66
08543,40.28,-74.71
08544,40.35,-74.65
08550,40.27,-74.65
08551,40.45,-74.84
08553,40.41,-74.63
08554,40.07,-74.71
08555,40.22,-74.47
08556,40.42,-74.99
08557,40.56,-74.95
08558,40.43,-74.71
08559,40.44,-74.97
08560,40.31,-74.86
08561,40.24,-74.58
08562,40.08,-74.61
08570,40.43,-74.42
08601,40.28,-74.71
08602,40.28,-74.71
08603,40.28,-74.71
08604,40.28,-74.71
08605,40.28,-74.71
08606,40.28,-74.71
08607,40.28,-74.71
08608,40.22,-74.76
08609,40.22,-74.74
08610,40.2,-74.7
08611,40.2,-74.74
08618,40.22,-74.73
08619,40.24,-74.7
08620,40.19,-74.64
08625,40.28,-74.71
08628,40.27,-74.82
08629,40.22,-74.73
08638,40.23,-74.72
08640,40.01,-74.61
08641,39.97,-74.62
08645,40.28,-74.71
08646,40.28,-74.71
08647,40.28,-74.71
08648,40.28,-74.69
08650,40.28,-74.71
08666,40.28,-74.71
08677,40.28,-74.71
08690,40.23,-74.66
08691,40.22,-74.59
08695,40.28,-74.71
08701,39.95,-74.15
08720,40.14,-74.11
08721,39.97,-74.3
08722,39.93,-74.2
08723,39.94,-74.12
08724,39.94,-74.17
08730,40.11,-74.07
08731,39.88,-74.23
08732,39.98,-74.13
08733,39.99,-74.28
08734,39.86,-74.17
08735,39.98,-74.07
08736,40.12,-74.07
08738,40.03,-74.06
08739,40.0,-74.25
08740,39.93,-74.13
08741,40.0,-74.11
08742,39.95,-74.16
08750,40.16,-74.04
08751,39.95,-74.18
08752,39.81,-74.15
08753,39.96,-74.22
08754,40.0,-74.25
08755,40.0,-74.26
08756,39.79,-74.19
08757,39.94,-74.26
08758,39.79,-74.25
08759,39.95,-74.3
08801,40.63,-74.89
08802,40.7,-75.03
08803,40.56,-74.95
08804,40.65,-75.09
08805,40.58,-74.54
08807,40.6,-74.61
08808,40.74,-75.05
08809,40.53,-74.85
08810,40.37,-74.49
08812,40.59,-74.46
08816,40.43,-74.42
08817,40.52,-74.39
08818,40.43,-74.42
08820,40.58,-74.36
08821,40.57,-74.6
08822,40.51,-74.86
08823,40.44,-74.56
08824,40.42,-74.55
08825,40.58,-75.01
08826,40.58,-74.9
08827,40.67,-74.96
08828,40.38,-74.42
08829,40.67,-74.89
08830,40.57,-74.32
08831,40.34,-74.43
08832,40.52,-74.31
08833,40.64,-74.83
08834,40.56,-74.95
08835,40.54,-74.59
08836,40.6,-74.55
08837,40.53,-74.35
08840,40.47,-74.45
08844,40.5,-74.67
08846,40.58,-74.5
08848,40.66,-74.97
08850,40.45,-74.44
08852,40.39,-74.56
08853,40.49,-74.73
08854,40.55,-74.46
08855,40.43,-74.42
08857,40.41,-74.31
08858,40.69,-74.75
08859,40.46,-74.31
08861,40.52,-74.28
08862,40.43,-74.42
08863,40.53,-74.32
08865,40.77,-74.99
08867,40.59,-74.98
08868,40.57,-74.94
08869,40.57,-74.64
08870,40.56,-74.95
08871,40.43,-74.42
08872,40.45,-74.33
08873,40.49,-74.52
08875,40.58,-74.71
08876,40.56,-74.66
08877,40.43,-74.42
08878,40.44,-74.25
08879,40.46,-74.27
08880,40.55,-74.53
08882,40.45,-74.38
08884,40.39,-74.39
08885,40.58,-74.83
08886,40.72,-75.07
08887,40.52,-74.79
08888,40.62,-74.74
08889,40.62,-74.77
08890,40.54,-74.58
08896,40.57,-74.6
08899,40.52,-74.42
08901,40.49,-74.44
08902,40.44,-74.49
08903,40.51,-74.45
08904,40.5,-74.43
08905,40.43,-74.42
08906,40.43,-74.42
08922,40.43,-74.42
08933,40.43,-74.42
08988,40.43,-74.42
08989,40.43,-74.42
10001,40.75,-74.0
10002,40.72,-73.99
10003,40.73,-73.99
10004,40.7,-74.03
10005,40.71,-74.01
10006,40.71,-74.01
10007,40.71,-74.01
10008,40.78,-73.98
10009,40.73,-73.98
10010,40.74,-73.98
10011,40.74,-74.0
10012,40.73,-73.99
10013,40.72,-74.0
10014,40.74,-74.01
10015,40.78,-73.98
10016,40.75,-73.98
10017,40.75,-73.97
10018,40.76,-73.99
10019,40.77,-73.99
10020,40.74,-74.0
10021,40.77,-73.96
10022,40.76,-73.97
10023,40.78,-73.98
10024,40.81,-73.97
10025,40.8,-73.97
10026,40.8,-73.95
10027,40.81,-73.95
10028,40.78,-73.95
10029,40.79,-73.94
10030,40.82,-73.94
10031,40.82,-73.95
10032,40.84,-73.94
10033,40.85,-73.93
10034,40.86,-73.93
10035,40.8,-73.93
10036,40.76,-73.99
10037,40.81,-73.94
10038,40.71,-74.0
10039,40.83,-73.94
10040,40.86,-73.93
10041,40.7,-74.01
10043,40.78,-73.98
10044,40.76,-73.95
10045,40.71,-74.01
10046,40.78,-73.98
10047,40.78,-73.98
10048,40.71,-74.01
10055,40.78,-73.98
10060,40.78,-73.98
10069,40.78,-73.99
10072,40.78,-73.98
10079,40.78,-73.98
10080,40.78,-73.98
10081,40.78,-73.98
10082,40.78,-73.98
10087,40.78,-73.98
10090,40.78,-73.98
10094,40.78,-73.98
10095,40.75,-73.99
10096,40.78,-73.98
10098,40.75,-73.99
10099,40.78,-73.98
10101,40.78,-73.98
10102,40.78,-73.98
10103,40.76,-73.98
10104,40.76,-73.98
10105,40.76,-73.98
10106,40.77,-73.98
10107,40.77,-73.98
10108,40.78,-73.98
10109,40.78,-73.98
10110,40.75,-73.98
10111,40.76,-73.98
10112,40.76,-73.98
10113,40.78,-73.98
10114,40.78,-73.98
10115,40.81,-73.96
10116,40.78,-73.98
10117,40.78,-73.98
10118,40.75,-73.99
10119,40.78,-73.98
10120,40.75,-73.99
10121,40.75,-73.99
10122,40.75,-73.99
10123,40.75,-73.99
10124,40.78,-73.98
10125,40.78,-73.98
10126,40.78,-73.98
10128,40.78,-73.95
10129,40.78,-73.98
10130,40.78,-73.98
10131,40.78,-73.98
10132,40.78,-73.98
10133,40.78,-73.98
10138,40.78,-73.98
10149,40.78,-73.98
10150,40.78,-73.98
10151,40.76,-73.97
10152,40.76,-73.97
10153,40.76,-73.97
10154,40.76,-73.97
10155,40.76,-73.97
10156,40.78,-73.98
10157,40.78,-73.98
10158,40.75,-73.98
10159,40.78,-73.98
10160,40.78,-73.98
10161,40.78,-73.98
10162,40.77,-73.95
10163,40.78,-73.98
10164,40.78,-73.98
10165,40.75,-73.98
10166,40.75,-73.98
10167,40.75,-73.97
10168,40.75,-73.98
10169,40.75,-73.98
10170,40.75,-73.98
10171,40.76,-73.97
10172,40.76,-73.98
10173,40.75,-73.98
10174,40.75,-73.98
10175,40.75,-73.98
10176,40.76,-73.98
10177,40.76,-73.98
10178,40.75,-73.98
10179,40.78,-73.98
10184,40.78,-73.98
10185,40.78,-73.98
10196,40.78,-73.98
10197,40.78,-73.98
10199,40.75,-74.0
10203,40.78,-73.98
10211,40.78,-73.98
10212,40.78,-73.98
10213,40.78,-73.98
10242,40.78,-73.98
10249,40.78,-73.98
10256,40.78,-73.98
10257,40.78,-73.98
10258,40.78,-73.98
10259,40.78,-73.98
10260,40.78,-73.98
10261,40.78,-73.98
10265,40.78,-73.98
10268,40.78,-73.98
10269,40.78,-73.98
10270,40.71,-74.01
10271,40.71,-74.01
10272,40.78,-73.98
10273,40.78,-73.98
10274,40.78,-73.98
10275,40.78,-73.98
10276,40.78,-73.98
10277,40.78,-73.98
10278,40.78,-73.98
10279,40.71,-74.01
10280,40.71,-74.02
10281,40.71,-74.01
10282,40.72,-74.01
10285,40.72,-74.02
10286,40.71,-74.01
10292,40.78,-73.98
10301,40.62,-74.09
10302,40.63,-74.14
10303,40.63,-74.17
10304,40.61,-74.09
10305,40.6,-74.08
10306,40.56,-74.12
10307,40.51,-74.24
10308,40.55,-74.15
10309,40.53,-74.22
10310,40.63,-74.12
10311,40.61,-74.18
10312,40.55,-74.17
10313,40.56,-74.15
10314,40.59,-74.15
10451,40.82,-73.92
10452,40.84,-73.92
10453,40.85,-73.91
10454,40.81,-73.92
10455,40.82,-73.91
10456,40.83,-73.91
10457,40.85,-73.9
10458,40.86,-73.89
10459,40.83,-73.89
10460,40.84,-73.88
10461,40.85,-73.84
10462,40.84,-73.85
10463,40.88,-73.9
10464,40.86,-73.8
10465,40.83,-73.83
10466,40.86,-73.84
10467,40.88,-73.87
10468,40.87,-73.9
10469,40.87,-73.84
10470,40.87,-73.86
10471,40.9,-73.9
10472,40.83,-73.87
10473,40.82,-73.86
10474,40.81,-73.88
10475,40.87,-73.83
10499,40.85,-73.84
10501,41.29,-73.76
10502,41.02,-73.84
10503,41.03,-73.87
10504,41.08,-73.76
10505,41.33,-73.75
10506,41.12,-73.72
10507,41.23,-73.7
10509,41.42,-73.73
10510,41.06,-73.83
10511,41.26,-73.94
10512,41.43,-73.78
10514,41.08,-73.78
10516,41.46,-73.81
10517,41.3,-73.86
10518,41.27,-73.61
10519,41.35,-73.66
10520,41.12,-73.87
10521,41.23,-73.93
10522,41.01,-73.87
10523,41.06,-73.84
10524,41.38,-73.93
10526,41.3,-73.65
10527,41.32,-73.76
10528,40.98,-73.72
10530,41.02,-73.81
10532,41.01,-73.84
10533,41.08,-73.86
10535,41.34,-73.74
10536,41.27,-73.69
10537,41.39,-73.72
10538,41.09,-73.76
10540,41.33,-73.72
10541,41.41,-73.75
10542,41.37,-73.76
10543,40.95,-73.74
10545,41.12,-73.73
10546,41.2,-73.8
10547,41.28,-73.8
10548,41.25,-73.94
10549,41.2,-73.72
10550,40.91,-73.83
10551,41.12,-73.73
10552,41.01,-73.8
10553,40.91,-73.82
10557,41.12,-73.73
10558,41.12,-73.73
10559,41.12,-73.73
10560,41.33,-73.61
10562,41.11,-73.83
10566,41.28,-73.89
10567,41.28,-73.89
10570,41.13,-73.79
10571,41.12,-73.73
10572,41.12,-73.73
10573,41.02,-73.68
10576,41.21,-73.57
10577,41.0,-73.75
10578,41.32,-73.65
10579,41.4,-73.78
10580,40.96,-73.74
10581,41.12,-73.73
10583,40.99,-73.8
10587,41.33,-73.74
10588,41.33,-73.82
10589,41.33,-73.69
10590,41.25,-73.54
10591,41.09,-73.84
10592,41.12,-73.73
10594,41.12,-73.77
10595,41.09,-73.78
10596,41.25,-73.96
10597,41.3,-73.6
10598,41.29,-73.79
10601,41.03,-73.77
10602,41.12,-73.73
10603,41.05,-73.78
10604,41.16,-73.81
10605,41.01,-73.75
10606,41.02,-73.77
10607,41.04,-73.81
10610,41.12,-73.73
10625,41.12,-73.73
10629,41.12,-73.73
10633,41.12,-73.73
10650,41.01,-73.71
10701,40.95,-73.87
10702,41.12,-73.73
10703,40.96,-73.88
10704,40.92,-73.86
10705,40.93,-73.87
10706,40.99,-73.86
10707,40.96,-73.82
10708,40.94,-73.83
10709,40.96,-73.81
10710,40.97,-73.85
10801,41.04,-73.8
10802,40.95,-73.8
10803,40.9,-73.81
10804,40.95,-73.79
10805,40.9,-73.78
10901,41.14,-74.11
10910,41.39,-74.13
10911,41.16,-74.06
10912,41.39,-74.35
10913,41.07,-73.96
10914,41.46,-74.26
10915,41.56,-74.33
10916,41.44,-74.26
10917,41.33,-74.12
10918,41.41,-74.35
10919,41.53,-74.37
10920,41.15,-73.94
10921,41.32,-74.37
10922,41.33,-73.99
10923,41.2,-74.0
10924,41.36,-74.21
10925,41.3,-74.26
10926,41.3,-74.12
10927,41.19,-73.96
10928,41.4,-74.26
10930,41.37,-74.25
10931,41.12,-74.17
10932,41.49,-74.48
10933,41.37,-74.51
10940,41.39,-74.34
10941,41.37,-74.35
10943,41.39,-74.35
10950,41.34,-74.32
10952,41.12,-74.08
10953,41.41,-74.08
10954,41.1,-74.01
10956,41.15,-73.99
10958,41.38,-74.43
10959,41.39,-74.35
10960,41.08,-73.93
10962,41.06,-73.95
10963,41.4,-74.54
10964,41.01,-73.92
10965,41.06,-74.02
10968,41.04,-73.92
10969,41.33,-74.49
10970,41.18,-74.05
10973,41.39,-74.48
10974,41.16,-74.2
10975,41.33,-74.11
10976,41.08,-74.06
10977,41.12,-74.05
10979,41.18,-74.32
10980,41.24,-74.03
10981,41.32,-74.29
10982,41.16,-74.06
10983,41.03,-73.95
10984,41.21,-74.02
10985,41.57,-74.32
10986,41.27,-73.98
10987,41.28,-74.2
10988,41.31,-74.55
10989,41.12,-73.93
10990,41.35,-74.32
10992,41.41,-74.35
10993,41.21,-73.98
10994,41.1,-73.97
10995,41.16,-74.06
10996,41.36,-74.0
10997,41.39,-74.35
10998,41.33,-74.46
11001,40.72,-73.71
11002,40.75,-73.6
11003,40.7,-73.7
11004,40.75,-73.71
11005,40.76,-73.72
11010,40.7,-73.67
11020,40.75,-73.6
11021,40.75,-73.6
11022,40.75,-73.6
11023,40.75,-73.6
11024,40.75,-73.6
11025,40.75,-73.6
11026,40.75,-73.6
11027,40.75,-73.6
11030,40.75,-73.6
11040,40.73,-73.68
11041,40.75,-73.6
11042,40.75,-73.6
11043,40.75,-73.6
11044,40.75,-73.6
11050,40.75,-73.6
11051,40.75,-73.6
11052,40.75,-73.6
11053,40.75,-73.6
11054,40.75,-73.6
11055,40.75,-73.6
11096,40.62,-73.75
11099,40.75,-73.6
11101,40.74,-73.93
11102,40.77,-73.93
11103,40.76,-73.91
11104,40.74,-73.92
11105,40.78,-73.91
11106,40.76,-73.93
11109,40.65,-73.87
11120,40.65,-73.87
11201,40.69,-73.99
11202,40.65,-73.95
11203,40.66,-73.95
11204,40.6,-73.99
11205,40.68,-73.94
11206,40.7,-73.95
11207,40.67,-73.9
11208,40.66,-73.91
11209,40.62,-74.03
11210,40.63,-73.95
11211,40.71,-73.95
11212,40.66,-73.92
11213,40.67,-73.94
11214,40.6,-74.0
11215,40.66,-73.98
11216,40.68,-73.95
11217,40.68,-73.98
11218,40.64,-73.98
11219,40.63,-74.0
11220,40.63,-74.02
11221,40.7,-73.94
11222,40.73,-73.95
11223,40.63,-73.95
11224,40.64,-73.97
11225,40.66,-73.95
11226,40.64,-73.96
11228,40.62,-73.99
11229,40.6,-73.94
11230,40.62,-73.97
11231,40.68,-74.0
11232,40.67,-73.97
11233,40.68,-73.92
11234,40.61,-73.91
11235,40.58,-73.95
11236,40.66,-73.92
11237,40.7,-73.92
11238,40.68,-73.96
11239,40.65,-73.88
11240,40.65,-73.95
11241,40.65,-73.95
11242,40.65,-73.95
11243,40.65,-73.95
11244,40.65,-73.95
11245,40.65,-73.95
11247,40.65,-73.95
11248,40.65,-73.95
11249,40.65,-73.95
11251,40.65,-73.95
11252,40.65,-73.95
11254,40.65,-73.95
11255,40.65,-73.95
11256,40.65,-73.95
11351,40.78,-73.83
11352,40.65,-73.87
11354,40.77,-73.83
11355,40.75,-73.81
11356,40.78,-73.84
11357,40.79,-73.82
11358,40.76,-73.8
11359,40.79,-73.78
11360,40.76,-73.8
11361,40.76,-73.77
11362,40.76,-73.74
11363,40.77,-73.75
11364,40.74,-73.76
11365,40.74,-73.79
11366,40.73,-73.79
11367,40.73,-73.82
11368,40.75,-73.85
11369,40.76,-73.87
11370,40.76,-73.89
11371,40.77,-73.87
11372,40.75,-73.88
11373,40.74,-73.88
11374,40.72,-73.86
11375,40.72,-73.84
11377,40.75,-73.91
11378,40.72,-73.91
11379,40.72,-73.89
11380,40.65,-73.87
11381,40.65,-73.87
11385,40.7,-73.89
11386,40.65,-73.87
11390,40.65,-73.87
11405,40.65,-73.87
11411,40.69,-73.74
11412,40.7,-73.76
11413,40.66,-73.76
11414,40.66,-73.84
11415,40.71,-73.83
11416,40.68,-73.85
11417,40.68,-73.84
11418,40.7,-73.83
11419,40.69,-73.82
11420,40.67,-73.82
11421,40.69,-73.86
11422,40.66,-73.74
11423,40.72,-73.77
11424,40.65,-73.87
11425,40.65,-73.87
11426,40.74,-73.72
11427,40.73,-73.75
11428,40.72,-73.74
11429,40.71,-73.74
11430,40.66,-73.8
11431,40.69,-73.85
11432,40.71,-73.79
11433,40.7,-73.79
11434,40.67,-73.78
11435,40.7,-73.8
11436,40.68,-73.8
11439,40.72,-73.79
11451,40.65,-73.87
11484,40.65,-73.87
11499,40.65,-73.87
11501,40.74,-73.64
11507,40.75,-73.6
11509,40.59,-73.73
11510,40.65,-73.61
11514,40.74,-73.61
11516,40.63,-73.73
11518,40.64,-73.67
11520,40.65,-73.59
11530,40.73,-73.64
11531,40.75,-73.6
11535,40.75,-73.6
11536,40.75,-73.6
11542,40.75,-73.6
11545,40.75,-73.6
11547,40.75,-73.6
11548,40.75,-73.6
11549,40.75,-73.6
11550,40.7,-73.62
11551,40.75,-73.6
11552,40.69,-73.65
11553,40.71,-73.59
11554,40.72,-73.56
11555,40.75,-73.6
11556,40.75,-73.6
11557,40.64,-73.69
11558,40.61,-73.65
11559,40.62,-73.73
11560,40.75,-73.6
11561,40.59,-73.64
11563,40.66,-73.67
11564,40.75,-73.6
11565,40.67,-73.67
11566,40.67,-73.55
11568,40.75,-73.6
11569,40.59,-73.58
11570,40.67,-73.64
11571,40.75,-73.6
11572,40.64,-73.64
11575,40.68,-73.59
11576,40.66,-73.62
11577,40.75,-73.6
11579,40.75,-73.6
11580,40.68,-73.7
11581,40.65,-73.71
11582,40.75,-73.6
11583,40.75,-73.6
11588,40.75,-73.6
11590,40.75,-73.57
11592,40.62,-73.63
11593,40.75,-73.6
11594,40.75,-73.6
11595,40.75,-73.6
11596,40.75,-73.6
11597,40.75,-73.6
11598,40.63,-73.71
11599,40.61,-73.74
11690,40.65,-73.87
11691,40.6,-73.76
11692,40.59,-73.79
11693,40.6,-73.81
11694,40.58,-73.84
11695,40.65,-73.87
11697,40.56,-73.91
11701,40.69,-73.41
11702,40.66,-73.34
11703,40.73,-73.33
11704,40.71,-73.36
11705,40.75,-73.06
11706,40.71,-73.24
11707,40.92,-72.64
11708,40.92,-72.64
11709,40.75,-73.6
11710,40.67,-73.54
11713,40.92,-72.64
11714,40.73,-73.5
11715,40.76,-73.04
11716,40.77,-73.11
11717,40.78,-73.25
11718,40.72,-73.26
11719,40.92,-72.64
11720,40.92,-72.64
11721,40.89,-73.37
11722,40.78,-73.2
11724,40.86,-73.44
11725,40.84,-73.28
11726,40.68,-73.39
11727,40.92,-72.64
11729,40.76,-73.32
11730,40.72,-73.18
11731,40.86,-73.31
11732,40.75,-73.6
11733,40.92,-72.64
11735,40.75,-73.6
11736,40.75,-73.6
11737,40.75,-73.6
11738,40.92,-72.64
11739,40.92,-72.64
11740,40.87,-73.36
11741,40.79,-73.07
11742,40.8,-73.05
11743,40.87,-73.41
11745,40.92,-72.64
11746,40.81,-73.36
11747,40.79,-73.41
11749,40.92,-72.64
11750,40.92,-72.64
11751,40.73,-73.22
11752,40.76,-73.18
11753,40.75,-73.6
11754,40.8,-73.3
11755,40.85,-73.13
11756,40.72,-73.52
11757,40.69,-73.38
11758,40.75,-73.6
11760,40.81,-73.19
11762,40.75,-73.6
11763,40.92,-72.64
11764,40.92,-72.64
11765,40.75,-73.6
11766,40.92,-72.64
11767,40.85,-73.15
11768,40.91,-73.33
11769,40.74,-73.13
11770,40.64,-73.16
11771,40.75,-73.6
11772,40.92,-72.64
11773,40.75,-73.6
11774,40.75,-73.6
11775,40.92,-72.64
11776,40.92,-72.64
11777,40.92,-72.64
11778,40.92,-72.64
11779,40.81,-73.13
11780,40.89,-73.17
11782,40.75,-73.09
11783,40.68,-73.5
11784,40.92,-72.64
11786,40.92,-72.64
11787,40.86,-73.21
11788,40.82,-73.21
11789,40.92,-72.64
11790,40.9,-73.18
11791,40.75,-73.6
11792,40.92,-72.64
11793,40.68,-73.51
11794,40.92,-72.64
11795,40.7,-73.29
11796,40.73,-73.1
11797,40.75,-73.6
11798,40.73,-73.35
11801,40.75,-73.6
11802,40.75,-73.6
11803,40.75,-73.6
11804,40.75,-73.6
11805,40.92,-72.64
11815,40.75,-73.6
11819,40.75,-73.6
11853,40.75,-73.6
11854,40.75,-73.6
11855,40.75,-73.6
11901,40.92,-72.64
11930,40.92,-72.64
11931,40.92,-72.64
11932,40.92,-72.64
11933,40.92,-72.64
11934,40.92,-72.64
11935,40.92,-72.64
11937,40.92,-72.64
11939,40.92,-72.64
11940,40.92,-72.64
11941,40.92,-72.64
11942,40.92,-72.64
11944,40.92,-72.64
11946,40.92,-72.64
11947,40.92,-72.64
11948,40.92,-72.64
11949,40.92,-72.64
11950,40.92,-72.64
11951,40.92,-72.64
11952,40.92,-72.64
11953,40.92,-72.64
11954,40.92,-72.64
11955,40.92,-72.64
11956,40.92,-72.64
11957,40.92,-72.64
11958,40.92,-72.64
11959,40.92,-72.64
11960,40.92,-72.64
11961,40.92,-72.64
11962,40.92,-72.64
11963,40.92,-72.64
11964,40.92,-72.64
11965,40.92,-72.64
11967,40.92,-72.64
11968,40.92,-72.64
11969,40.92,-72.64
11970,40.92,-72.64
11971,40.92,-72.64
11972,40.92,-72.64
11973,40.92,-72.64
11975,40.92,-72.64
11976,40.92,-72.64
11977,40.92,-72.64
11978,40.92,-72.64
11980,40.92,-72.64
12007,42.48,-73.94
12008,42.86,-73.9
12009,42.69,-74.03
12010,42.91,-74.23
12015,42.28,-73.84
12016,42.91,-74.42
12017,42.31,-73.57
12018,42.67,-73.55
12019,42.93,-73.85
12020,42.98,-73.88
12022,42.67,-73.36
12023,42.6,-74.15
12024,42.49,-73.51
12025,43.08,-74.16
12027,42.92,-73.91
12028,42.85,-73.45
12029,42.36,-73.45
12031,42.59,-74.44
12032,43.16,-74.49
12033,42.59,-73.57
12035,42.72,-74.38
12036,42.54,-74.66
12037,42.34,-73.53
12040,42.65,-73.37
12041,42.56,-73.96
12042,42.41,-73.93
12043,42.67,-74.52
12045,42.48,-73.8
12046,42.49,-73.93
12047,42.65,-73.74
12050,42.32,-73.75
12051,42.36,-73.85
12052,42.67,-73.55
12053,42.78,-74.2
12054,42.61,-73.88
12055,42.61,-73.97
12056,42.77,-74.09
12057,42.98,-73.35
12058,42.35,-73.91
12059,42.62,-74.03
12060,42.42,-73.51
12061,42.57,-73.66
12062,42.54,-73.5
12063,42.56,-73.63
12064,42.63,-74.67
12065,42.85,-73.79
12066,42.8,-74.34
12067,42.56,-73.91
12068,42.94,-74.39
12069,42.95,-74.26
12070,42.97,-74.29
12071,42.59,-74.44
12072,42.88,-74.4
12073,42.59,-74.44
12074,43.08,-74.04
12075,42.37,-73.59
12076,42.41,-74.43
12077,42.6,-73.79
12078,43.11,-74.34
12082,42.77,-73.45
12083,42.38,-73.95
12084,42.7,-73.96
12085,42.69,-73.91
12086,42.97,-74.16
12087,42.41,-73.88
12089,42.87,-73.32
12090,42.74,-73.44
12092,42.71,-74.35
12093,42.46,-74.58
12094,42.88,-73.49
12095,43.09,-74.36
12106,42.39,-73.7
12107,42.66,-74.12
12108,43.67,-74.46
12110,42.75,-73.78
12111,42.61,-73.97
12115,42.47,-73.57
12116,42.55,-74.91
12117,43.13,-74.25
12118,43.03,-73.9
12120,42.48,-74.15
12121,42.71,-73.6
12122,42.56,-74.3
12123,42.57,-73.63
12124,42.44,-73.79
12125,42.47,-73.57
12128,42.72,-73.76
12130,42.44,-73.67
12131,42.59,-74.44
12132,42.47,-73.63
12133,42.93,-73.35
12134,43.18,-74.25
12136,42.43,-73.56
12137,42.84,-74.13
12138,42.69,-73.39
12139,43.43,-74.53
12140,42.69,-73.53
12141,42.73,-74.19
12143,42.49,-73.86
12144,42.62,-73.6
12147,42.5,-74.16
12148,42.84,-73.85
12149,42.61,-74.59
12150,42.87,-74.05
12151,42.92,-73.79
12153,42.64,-73.48
12154,42.9,-73.62
12155,42.61,-74.82
12156,42.49,-73.72
12157,42.66,-74.34
12158,42.53,-73.84
12159,42.64,-73.88
12160,42.76,-74.32
12161,42.52,-73.85
12164,43.67,-74.46
12165,42.33,-73.53
12166,42.84,-74.45
12167,42.41,-74.62
12168,42.64,-73.41
12169,42.59,-73.42
12170,43.0,-73.66
12172,42.29,-73.73
12173,42.4,-73.62
12174,42.34,-73.73
12175,42.54,-74.55
12176,42.39,-73.96
12177,42.95,-74.3
12179,42.71,-73.53
12180,42.67,-73.61
12181,42.74,-73.67
12182,42.69,-73.65
12183,42.75,-73.69
12184,42.4,-73.63
12185,42.86,-73.5
12186,42.62,-73.98
12187,42.59,-74.44
12188,42.85,-73.7
12189,42.74,-73.72
12190,43.67,-74.46
12192,42.4,-73.83
12193,42.52,-74.04
12194,42.57,-74.51
12195,42.48,-73.47
12196,42.6,-73.56
12197,42.61,-74.73
12198,42.68,-73.61
12201,42.61,-73.97
12202,42.64,-73.76
12203,42.7,-73.86
12204,42.68,-73.77
12205,42.72,-73.82
12206,42.68,-73.79
12207,42.66,-73.75
12208,42.65,-73.81
12209,42.68,-73.91
12210,42.68,-73.76
12211,42.71,-73.77
12212,42.72,-73.81
12214,42.61,-73.97
12220,42.61,-73.97
12222,42.69,-73.84
12223,42.61,-73.97
12224,42.61,-73.97
12225,42.61,-73.97
12226,42.61,-73.97
12227,42.61,-73.97
12228,42.61,-73.97
12229,42.61,-73.97
12230,42.61,-73.97
12231,42.61,-73.97
12232,42.61,-73.97
12233,42.61,-73.97
12234,42.61,-73.97
12235,42.61,-73.97
12236,42.61,-73.97
12237,42.61,-73.97
12238,42.61,-73.97
12239,42.61,-73.97
12240,42.61,-73.97
12241,42.61,-73.97
12242,42.61,-73.97
12243,42.61,-73.97
12244,42.61,-73.97
12245,42.61,-73.97
12246,42.65,-73.75
12247,42.61,-73.97
12248,42.61,-73.97
12249,42.61,-73.97
12250,42.61,-73.97
12252,42.61,-73.97
12255,42.61,-73.97
12256,42.61,-73.97
12257,42.61,-73.97
12260,42.61,-73.97
12261,42.61,-73.97
12262,42.61,-73.97
12288,42.61,-73.97
12301,42.83,-74.06
12302,42.88,-73.99
12303,42.78,-73.94
12304,42.79,-73.9
12305,42.81,-73.94
12306,42.82,-74.05
12307,42.81,-73.93
12308,42.84,-73.92
12309,42.81,-73.87
12325,42.83,-74.06
12345,42.83,-74.06
12401,41.97,-74.07
12402,41.88,-74.35
12404,41.95,-74.13
12405,42.32,-74.07
12406,42.14,-74.57
12407,42.33,-74.37
12409,42.05,-74.19
12410,42.07,-74.45
12411,41.88,-74.04
12412,42.0,-74.27
12413,42.3,-74.03
12414,42.26,-74.02
12416,42.1,-74.27
12417,41.91,-73.99
12418,42.37,-74.18
12419,41.86,-74.11
12420,41.67,-74.38
12421,42.24,-74.57
12422,42.31,-74.2
12423,42.38,-74.12
12424,42.28,-74.16
12427,42.17,-74.13
12428,41.9,-74.25
12429,41.82,-73.99
12430,42.18,-74.55
12431,42.34,-74.02
12432,41.95,-74.0
12433,42.01,-74.15
12434,42.32,-74.46
12435,41.73,-74.52
12436,42.2,-74.1
12438,42.18,-74.93
12439,42.29,-74.19
12440,41.87,-74.15
12441,41.88,-74.35
12442,42.23,-74.24
12443,41.85,-74.12
12444,42.26,-74.3
12446,41.88,-74.23
12448,42.08,-74.19
12449,41.88,-74.18
12450,42.21,-74.16
12451,42.3,-73.93
12452,42.22,-74.39
12453,42.1,-73.94
12454,42.28,-74.16
12455,42.19,-74.62
12456,42.04,-73.99
12457,41.87,-74.17
12458,41.8,-74.42
12459,42.21,-74.68
12460,42.41,-74.19
12461,41.88,-74.27
12463,42.2,-74.01
12464,42.02,-74.23
12465,42.14,-74.47
12466,41.89,-73.98
12468,42.29,-74.39
12469,42.46,-74.21
12470,42.28,-74.02
12471,41.84,-74.03
12472,41.87,-74.07
12473,42.28,-74.04
12474,42.3,-74.56
12475,42.02,-74.01
12477,42.0,-74.2
12480,41.91,-74.41
12481,41.97,-74.22
12482,42.27,-73.99
12483,41.66,-74.42
12484,41.85,-74.21
12485,42.2,-74.14
12486,41.84,-74.23
12487,41.86,-74.02
12489,41.76,-74.35
12490,42.11,-73.93
12491,41.98,-74.12
12492,42.21,-74.38
12493,41.8,-73.98
12494,41.97,-74.27
12495,42.05,-74.2
12496,42.32,-74.23
12498,41.88,-74.17
12501,41.83,-73.71
12502,42.07,-73.66
12503,42.04,-73.59
12504,42.04,-73.91
12506,41.76,-73.74
12507,42.0,-73.92
12508,41.71,-73.77
12510,41.76,-73.74
12511,41.76,-73.74
12512,41.55,-73.97
12513,42.21,-73.69
12514,41.87,-73.78
12515,41.68,-74.06
12516,42.1,-73.58
12517,42.13,-73.55
12518,41.35,-74.14
12520,41.43,-74.13
12521,42.19,-73.64
12522,41.8,-73.69
12523,42.12,-73.7
12524,41.62,-73.85
12525,41.68,-74.17
12526,42.12,-73.79
12527,41.52,-73.93
12528,41.72,-74.01
12529,42.19,-73.55
12530,42.21,-73.69
12531,41.55,-73.67
12533,41.75,-73.77
12534,42.18,-73.74
12537,41.58,-73.94
12538,41.81,-73.81
12540,41.63,-73.74
12541,42.14,-73.76
12542,41.61,-74.0
12543,41.36,-74.23
12544,42.26,-73.67
12545,41.83,-73.64
12546,41.94,-73.55
12547,41.64,-74.07
12548,41.67,-74.1
12549,41.41,-74.26
12550,41.39,-74.19
12551,41.39,-74.35
12552,41.39,-74.35
12553,41.41,-74.31
12555,41.39,-74.35
12561,41.75,-74.11
12563,41.49,-73.6
12564,41.66,-73.59
12565,42.25,-73.66
12566,41.41,-74.22
12567,41.95,-73.64
12568,41.64,-74.08
12569,41.83,-73.78
12570,41.65,-73.65
12571,41.81,-73.79
12572,41.84,-73.76
12574,41.92,-73.95
12575,41.51,-74.16
12577,41.44,-74.12
12578,41.81,-73.79
12580,41.88,-73.72
12581,41.91,-73.7
12582,41.55,-73.73
12583,41.91,-73.75
12584,41.46,-74.06
12585,41.72,-73.69
12586,41.41,-74.27
12588,41.88,-74.35
12589,41.63,-74.15
12590,41.74,-73.74
12592,41.8,-73.56
12593,42.24,-73.64
12594,41.67,-73.58
12601,41.7,-73.9
12602,41.76,-73.74
12603,41.69,-73.86
12604,41.76,-73.74
12701,41.69,-74.68
12719,41.49,-74.92
12720,41.66,-74.91
12721,41.64,-74.72
12722,41.72,-74.76
12723,41.78,-75.02
12724,41.72,-74.76
12725,41.9,-74.59
12726,41.69,-74.97
12727,41.72,-74.76
12729,41.4,-74.43
12732,41.52,-74.85
12733,41.65,-74.54
12734,41.73,-74.73
12736,41.88,-75.03
12737,41.55,-74.82
12738,41.66,-74.57
12739,41.45,-74.6
12740,41.82,-74.75
12741,41.84,-75.05
12742,41.71,-74.72
12743,41.53,-74.85
12745,41.76,-75.03
12746,41.44,-74.64
12747,41.77,-74.73
12748,41.78,-74.91
12749,41.69,-74.84
12750,41.73,-74.96
12751,41.69,-74.68
12752,41.76,-74.95
12754,41.72,-74.67
12758,41.82,-74.8
12759,41.79,-74.66
12760,41.87,-75.08
12762,41.69,-74.78
12763,41.8,-74.7
12764,41.6,-74.96
12765,41.87,-74.61
12766,41.82,-75.0
12767,41.72,-74.76
12768,41.84,-74.86
12769,41.65,-74.44
12770,41.45,-74.86
12771,41.36,-74.5
12775,41.62,-74.58
12776,41.82,-74.95
12777,41.55,-74.6
12778,41.66,-74.82
12779,41.77,-74.72
12780,41.38,-74.46
12781,41.72,-74.76
12782,41.88,-74.43
12783,41.66,-74.84
12784,41.71,-74.58
12785,41.72,-74.76
12786,41.65,-74.81
12787,41.8,-74.83
12788,41.81,-74.73
12789,41.8,-74.67
12790,41.59,-74.55
12791,41.7,-74.75
12792,41.59,-74.75
12801,43.32,-73.67
12803,43.28,-73.63
12804,43.49,-73.79
12808,43.71,-73.79
12809,43.28,-73.48
12810,43.6,-73.94
12811,43.62,-74.06
12812,43.67,-74.46
12814,43.57,-73.68
12815,43.68,-73.77
12816,43.07,-73.39
12817,43.52,-73.79
12819,43.61,-73.5
12820,43.47,-73.64
12821,43.46,-73.4
12822,43.24,-73.89
12823,43.15,-73.46
12824,43.56,-73.76
12827,43.44,-73.49
12828,43.37,-73.43
12831,43.2,-73.71
12832,43.37,-73.33
12833,43.18,-73.91
12834,43.21,-73.43
12835,43.29,-73.98
12836,43.73,-73.54
12837,43.49,-73.28
12838,43.35,-73.4
12839,43.2,-73.47
12841,43.65,-73.51
12842,43.75,-74.33
12843,43.59,-73.92
12844,43.48,-73.63
12845,43.52,-73.88
12846,43.46,-73.77
12847,43.95,-74.44
12848,43.1,-73.52
12849,43.44,-73.29
12850,43.19,-73.98
12851,44.21,-73.79
12852,44.15,-73.82
12853,43.62,-73.92
12854,43.45,-73.34
12855,43.97,-73.72
12856,43.72,-74.09
12857,44.15,-73.82
12858,43.88,-73.4
12859,43.2,-73.89
12860,43.59,-73.78
12861,43.74,-73.42
12862,43.68,-73.93
12863,43.06,-73.92
12864,43.67,-74.46
12865,43.23,-73.35
12866,43.1,-73.85
12870,43.84,-73.76
12871,43.13,-73.64
12872,44.15,-73.82
12873,43.1,-73.31
12874,43.69,-73.51
12878,43.46,-73.88
12879,44.15,-73.82
12883,43.85,-73.48
12884,43.09,-73.59
12885,43.57,-73.86
12886,43.63,-73.94
12887,43.49,-73.42
12901,44.71,-73.64
12903,44.69,-73.45
12910,44.87,-73.58
12911,44.53,-73.47
12912,44.71,-73.65
12913,44.4,-74.07
12914,44.67,-74.44
12915,44.55,-74.32
12916,44.88,-74.49
12917,44.93,-74.2
12918,44.69,-73.67
12919,44.73,-73.58
12920,44.93,-74.07
12921,44.88,-73.45
12922,44.29,-74.7
12923,44.92,-73.93
12924,44.71,-73.74
12926,44.94,-74.33
12927,44.23,-74.86
12928,43.93,-73.59
12929,44.85,-73.58
12930,44.55,-74.32
12932,44.15,-73.82
12933,44.88,-73.96
12934,44.89,-73.91
12935,44.8,-73.74
12936,44.27,-73.38
12937,44.96,-74.49
12939,44.55,-74.32
12941,44.15,-73.82
12942,44.15,-73.82
12943,44.2,-73.77
12944,44.34,-73.44
12945,44.55,-74.32
12946,44.13,-73.73
12949,44.75,-74.66
12950,44.15,-73.82
12952,44.73,-73.9
12953,44.86,-74.29
12955,44.8,-73.97
12956,44.12,-73.49
12957,44.86,-74.55
12958,44.79,-73.66
12959,44.76,-73.62
12960,44.04,-73.51
12961,44.06,-73.53
12962,44.62,-73.61
12964,44.15,-73.82
12965,44.73,-74.68
12966,44.85,-74.42
12967,44.76,-74.68
12969,44.55,-74.32
12970,44.55,-74.32
12972,44.67,-73.57
12973,44.23,-74.56
12974,44.09,-73.46
12975,44.53,-73.41
12976,44.55,-74.32
12977,44.15,-73.82
12978,44.66,-73.76
12979,44.86,-73.63
12980,44.66,-74.52
12981,44.62,-73.81
12983,44.58,-74.27
12985,44.57,-73.68
12986,44.6,-74.29
12987,44.15,-73.82
12989,44.55,-74.32
12992,44.83,-73.51
12993,44.19,-73.43
12995,44.81,-74.25
12996,44.24,-73.42
12997,44.15,-73.82
12998,44.08,-73.53
13020,42.82,-76.06
13021,42.89,-76.57
13022,43.16,-76.51
13024,43.16,-76.51
13026,42.76,-76.65
13027,43.16,-76.36
13028,43.31,-76.14
13029,43.23,-76.14
13030,43.17,-75.99
13031,43.05,-76.35
13032,43.01,-75.8
13033,43.19,-76.58
13034,42.92,-76.68
13035,42.94,-75.78
13036,43.33,-76.17
13037,43.01,-75.81
13039,43.13,-76.15
13040,42.57,-75.96
13041,43.12,-76.13
13042,43.28,-76.23
13043,43.04,-75.74
13044,43.3,-75.98
13045,42.61,-76.12
13051,42.87,-75.91
13052,42.78,-75.86
13053,42.48,-76.29
13054,43.15,-75.56
13056,42.68,-76.11
13057,43.1,-76.05
13060,43.03,-76.42
13061,42.84,-75.74
13062,42.48,-76.39
13063,42.86,-75.98
13064,43.43,-76.2
13065,42.82,-76.8
13066,42.95,-76.0
13068,42.5,-76.37
13069,43.35,-76.23
13071,42.67,-76.53
13072,42.77,-75.79
13073,42.58,-76.39
13074,43.32,-76.31
13076,43.34,-76.19
13077,42.68,-76.18
13078,42.97,-76.06
13080,43.07,-76.44
13081,42.88,-76.63
13082,43.1,-75.96
13083,43.64,-76.03
13084,42.89,-76.13
13087,42.71,-76.16
13088,43.12,-76.21
13089,43.02,-76.2
13090,43.15,-76.22
13092,42.66,-76.41
13093,43.43,-76.2
13101,42.6,-76.07
13102,42.55,-76.29
13103,43.34,-76.1
13104,42.96,-75.97
13107,43.46,-76.15
13108,42.95,-76.33
13110,42.88,-76.29
13111,43.26,-76.63
13112,43.1,-76.41
13113,43.09,-76.62
13114,43.4,-76.2
13115,43.4,-76.48
13116,43.08,-76.01
13117,43.0,-76.7
13118,42.74,-76.41
13119,42.97,-76.44
13120,42.95,-76.18
13121,43.48,-76.32
13122,42.83,-75.85
13123,43.24,-75.78
13124,42.48,-75.62
13126,43.47,-76.34
13129,42.71,-75.73
13131,43.43,-76.12
13132,43.3,-76.23
13134,42.97,-75.68
13135,43.33,-76.26
13136,42.62,-75.85
13137,43.16,-76.45
13138,42.89,-76.03
13139,42.74,-76.63
13140,42.89,-76.54
13141,42.74,-76.16
13142,43.56,-76.16
13143,43.24,-76.75
13144,43.57,-75.97
13145,43.62,-76.11
13146,43.1,-76.76
13147,42.77,-76.59
13148,42.91,-76.79
13152,42.88,-76.29
13153,42.99,-76.45
13154,43.13,-76.77
13155,42.65,-75.77
13156,43.34,-76.67
13157,43.21,-75.72
13158,42.7,-75.98
13159,42.83,-76.12
13160,42.85,-76.65
13162,43.19,-75.71
13163,43.08,-75.7
13164,43.1,-76.32
13165,42.89,-76.88
13166,43.05,-76.56
13167,43.35,-76.23
13201,43.02,-76.2
13202,43.04,-76.15
13203,43.06,-76.13
13204,43.06,-76.18
13205,43.01,-76.14
13206,43.08,-76.11
13207,43.01,-76.17
13208,43.07,-76.15
13209,43.08,-76.24
13210,43.03,-76.11
13211,43.09,-76.12
13212,43.12,-76.13
13214,43.04,-76.07
13215,42.97,-76.23
13217,43.02,-76.2
13218,43.02,-76.2
13219,43.04,-76.22
13220,43.12,-76.13
13221,43.02,-76.2
13224,43.04,-76.1
13225,43.02,-76.2
13235,43.04,-76.13
13244,43.04,-76.14
13250,43.02,-76.2
13251,43.02,-76.2
13252,43.05,-76.16
13260,43.02,-76.2
13261,43.02,-76.2
13290,43.07,-76.17
13301,43.42,-75.22
13302,43.5,-75.99
13303,43.36,-75.47
13304,43.24,-75.17
13305,43.82,-75.48
13308,43.14,-75.52
13309,43.23,-75.29
13310,42.93,-75.56
13312,43.82,-75.48
13313,42.88,-75.27
13314,42.95,-75.62
13315,42.73,-75.13
13316,43.29,-75.63
13317,42.87,-74.6
13318,42.92,-75.26
13319,43.03,-75.26
13320,42.77,-74.76
13321,43.09,-75.39
13322,42.96,-75.23
13323,43.04,-75.38
13324,43.27,-75.05
13325,43.57,-75.43
13326,42.71,-74.89
13327,43.91,-75.37
13328,42.98,-75.42
13329,43.18,-74.94
13331,43.82,-74.89
13332,42.72,-75.56
13333,42.79,-74.84
13334,42.83,-75.65
13335,42.71,-75.25
13337,42.76,-74.88
13338,43.5,-75.15
13339,42.92,-74.62
13340,43.04,-75.12
13341,43.04,-75.4
13342,42.63,-75.19
13343,43.82,-75.48
13345,43.82,-75.48
13346,42.82,-75.55
13348,42.69,-75.06
13350,43.03,-74.93
13352,43.33,-75.12
13353,43.67,-74.46
13354,43.27,-75.3
13355,42.82,-75.42
13357,43.01,-74.96
13360,43.67,-74.46
13361,42.96,-74.88
13362,42.98,-75.52
13363,43.33,-75.52
13364,42.95,-75.62
13365,43.08,-74.86
13367,43.79,-75.42
13368,43.62,-75.37
13401,43.27,-75.69
13402,42.9,-75.55
13403,43.17,-75.27
13404,43.82,-75.48
13406,43.14,-74.93
13407,43.03,-75.01
13408,42.92,-75.65
13409,42.97,-75.6
13410,42.94,-74.61
13411,42.63,-75.39
13413,43.07,-75.29
13415,42.59,-75.2
13416,43.2,-74.97
13417,43.1,-75.29
13418,42.95,-75.62
13420,43.75,-74.87
13421,43.05,-75.64
13424,43.06,-75.38
13425,42.97,-75.49
13426,43.56,-76.0
13428,42.93,-74.54
13431,43.23,-75.07
13433,43.58,-75.32
13435,43.31,-75.15
13436,43.67,-74.46
13437,43.58,-75.83
13438,43.34,-75.22
13439,42.84,-74.97
13440,43.21,-75.38
13441,43.16,-75.51
13442,43.24,-75.48
13449,43.24,-75.48
13450,42.71,-74.8
13452,42.98,-74.66
13454,43.46,-74.96
13455,42.92,-75.35
13456,42.99,-75.27
13457,42.78,-75.05
13459,42.79,-74.58
13460,42.65,-75.46
13461,43.07,-75.58
13464,42.67,-75.59
13465,42.95,-75.62
13468,42.84,-74.86
13469,43.22,-75.3
13470,43.19,-74.65
13471,43.23,-75.59
13472,43.46,-74.96
13473,43.82,-75.48
13475,42.89,-74.84
13476,43.09,-75.5
13477,43.14,-75.53
13478,43.15,-75.59
13479,43.05,-75.27
13480,42.93,-75.36
13482,42.7,-75.18
13483,43.4,-75.83
13484,42.85,-75.66
13485,42.75,-75.16
13486,43.34,-75.34
13488,42.68,-74.77
13489,43.44,-75.54
13490,43.12,-75.43
13491,42.91,-75.13
13492,43.2,-75.29
13493,43.43,-75.88
13494,43.52,-75.14
13495,43.1,-75.32
13501,43.08,-75.23
13502,43.15,-75.19
13503,43.1,-75.23
13504,43.14,-75.43
13505,43.09,-75.26
13599,43.24,-75.48
13601,44.07,-76.02
13602,44.03,-75.75
13603,43.91,-75.9
13605,43.96,-75.91
13606,43.83,-76.01
13607,44.07,-75.84
13608,44.15,-75.76
13611,43.78,-76.13
13612,43.99,-75.77
13613,44.79,-74.88
13614,44.54,-75.69
13615,44.06,-76.02
13616,43.95,-75.86
13617,44.57,-75.06
13618,44.13,-76.27
13619,44.07,-75.92
13620,43.82,-75.48
13621,44.85,-75.05
13622,44.09,-76.11
13623,44.44,-75.76
13624,44.14,-76.06
13625,44.42,-75.11
13626,43.89,-75.7
13627,43.82,-75.48
13628,43.89,-75.8
13630,44.46,-75.3
13631,43.82,-75.48
13632,44.14,-76.06
13633,44.5,-75.48
13634,44.01,-76.08
13635,44.52,-75.16
13636,43.76,-76.15
13637,44.1,-75.82
13638,44.02,-75.76
13639,44.24,-75.12
13640,44.32,-76.02
13641,44.21,-75.91
13642,44.55,-75.24
13643,44.01,-75.73
13645,44.53,-75.19
13646,44.47,-75.36
13647,44.61,-74.97
13648,43.82,-75.48
13649,44.92,-74.71
13650,43.81,-76.21
13651,43.87,-76.18
13652,44.55,-75.2
13654,44.62,-75.19
13655,44.98,-74.65
13656,44.2,-75.98
13657,44.04,-76.09
13658,44.52,-75.22
13659,43.75,-75.9
13660,44.77,-75.02
13661,43.73,-76.09
13662,44.57,-75.15
13664,44.56,-75.66
13665,44.05,-75.51
13666,44.53,-75.19
13667,44.86,-74.94
13668,44.54,-75.1
13669,44.51,-75.25
13670,44.22,-75.08
13671,44.31,-75.67
13672,44.54,-74.78
13673,44.12,-75.72
13674,43.73,-76.05
13675,44.28,-75.86
13676,44.54,-75.14
13677,44.67,-75.08
13678,44.83,-74.98
13679,44.33,-75.8
13680,44.45,-75.34
13681,44.44,-75.38
13682,43.86,-75.91
13683,44.53,-75.19
13684,44.38,-75.1
13685,43.87,-76.09
13687,44.64,-74.88
13688,43.95,-75.77
13690,44.17,-74.99
13691,44.22,-75.77
13692,44.29,-76.03
13693,44.03,-76.22
13694,44.55,-75.19
13695,44.14,-74.91
13696,44.7,-74.9
13697,44.64,-74.84
13699,44.5,-75.07
13730,42.26,-75.53
13731,42.13,-74.84
13732,42.05,-76.18
13733,42.3,-75.51
13734,42.13,-76.41
13736,42.29,-76.2
13737,42.08,-76.1
13738,42.57,-76.12
13739,42.34,-74.87
13740,42.18,-74.93
13743,42.23,-76.31
13744,42.24,-75.91
13745,42.17,-75.87
13746,42.28,-75.85
13747,42.51,-74.98
13748,42.11,-75.81
13749,42.21,-75.74
13750,42.44,-74.84
13751,42.42,-74.9
13752,42.22,-74.92
13753,42.29,-74.92
13754,42.1,-75.71
13755,42.04,-74.9
13756,42.0,-75.12
13757,42.35,-74.98
13758,42.58,-75.72
13760,42.15,-76.06
13761,42.21,-75.74
13762,42.21,-75.74
13763,42.21,-75.74
13774,42.18,-74.93
13775,42.33,-75.14
13776,42.46,-75.31
13777,42.24,-75.99
13778,42.34,-75.73
13780,42.37,-75.61
13782,42.19,-75.01
13783,42.12,-75.03
13784,42.43,-76.16
13786,42.18,-74.93
13787,42.19,-75.68
13788,42.38,-74.71
13790,42.16,-75.93
13794,42.4,-76.04
13795,42.06,-75.79
13796,42.56,-75.14
13797,42.34,-76.05
13801,42.5,-75.73
13802,42.25,-76.05
13803,42.5,-76.05
13804,42.18,-74.93
13806,42.18,-74.93
13807,42.6,-74.98
13808,42.53,-75.13
13809,42.4,-75.45
13810,42.61,-75.1
13811,42.17,-76.21
13812,42.04,-76.37
13813,42.15,-75.56
13814,42.6,-75.53
13815,42.54,-75.6
13820,42.46,-75.1
13825,42.44,-75.15
13826,42.11,-75.64
13827,42.18,-76.26
13830,42.44,-75.57
13832,42.57,-75.65
13833,42.2,-75.76
13834,42.54,-74.97
13835,42.37,-76.2
13837,42.18,-74.93
13838,42.31,-75.39
13839,42.22,-75.23
13840,42.04,-76.4
13841,42.46,-75.63
13842,42.18,-74.93
13843,42.54,-75.41
13844,42.62,-75.65
13845,42.07,-76.38
13846,42.38,-75.06
13847,42.18,-74.93
13848,42.21,-75.73
13849,42.38,-75.29
13850,42.06,-76.03
13851,42.21,-75.74
13856,42.25,-75.13
13859,42.38,-75.26
13860,42.18,-74.93
13861,42.5,-75.14
13862,42.32,-75.95
13863,42.45,-75.92
13864,42.19,-76.35
13865,42.07,-75.64
13901,42.17,-75.89
13902,42.11,-75.89
13903,42.08,-75.92
13904,42.13,-75.79
13905,42.17,-75.92
14001,43.01,-78.53
14003,43.0,-78.18
14004,42.87,-78.53
14005,42.92,-78.26
14006,42.82,-78.86
14008,43.29,-78.63
14009,42.6,-78.37
14010,42.77,-78.89
14011,42.7,-78.29
14012,43.33,-78.53
14013,43.08,-78.39
14020,42.98,-78.23
14021,43.0,-78.18
14024,42.59,-78.25
14025,42.63,-78.73
14026,42.94,-78.69
14027,42.57,-79.03
14028,43.31,-78.74
14029,42.47,-78.25
14030,42.56,-78.52
14031,42.99,-78.6
14032,42.94,-78.59
14033,42.65,-78.67
14034,42.67,-78.82
14035,42.49,-78.85
14036,42.98,-78.37
14037,42.81,-78.45
14038,42.95,-78.47
14039,42.84,-78.17
14040,42.9,-78.39
14041,42.41,-78.98
14042,42.47,-78.49
14043,42.9,-78.71
14047,42.68,-79.0
14048,42.49,-79.33
14051,43.04,-78.7
14052,42.77,-78.58
14054,42.92,-78.13
14055,42.56,-78.62
14056,42.99,-78.31
14057,42.64,-78.88
14058,43.09,-78.16
14059,42.83,-78.63
14060,42.45,-78.34
14061,42.59,-79.08
14062,42.44,-79.17
14063,42.41,-79.32
14065,42.48,-78.37
14066,42.63,-78.19
14067,43.21,-78.57
14068,43.03,-78.76
14069,42.61,-78.64
14070,42.42,-78.95
14072,43.02,-78.96
14075,42.73,-78.84
14080,42.64,-78.54
14081,42.54,-79.1
14082,42.65,-78.39
14083,42.68,-78.44
14085,42.72,-78.93
14086,42.91,-78.63
14091,42.54,-78.94
14092,43.17,-78.99
14094,43.17,-78.71
14095,43.33,-78.83
14098,43.32,-78.37
14101,42.39,-78.55
14102,42.85,-78.55
14103,43.24,-78.36
14105,43.2,-78.5
14107,43.33,-78.83
14108,43.27,-78.72
14109,43.33,-78.83
14110,42.77,-78.89
14111,42.58,-78.92
14112,42.69,-78.99
14113,42.66,-78.34
14120,43.18,-78.81
14125,43.09,-78.27
14126,43.33,-78.73
14127,42.74,-78.7
14129,42.47,-79.01
14130,42.54,-78.15
14131,43.23,-78.91
14132,43.15,-78.89
14133,42.49,-78.37
14134,42.53,-78.52
14135,42.49,-79.24
14136,42.52,-79.21
14138,42.37,-78.95
14139,42.72,-78.54
14140,42.81,-78.67
14141,42.54,-78.69
14143,42.98,-78.07
14144,43.2,-79.04
14145,42.73,-78.42
14150,43.0,-78.88
14151,42.77,-78.89
14166,42.45,-79.42
14167,42.74,-78.31
14168,42.51,-79.0
14169,42.77,-78.59
14170,42.7,-78.67
14171,42.41,-78.64
14172,43.27,-78.83
14173,42.52,-78.48
14174,43.24,-78.99
14201,42.93,-78.83
14202,42.89,-78.88
14203,42.87,-78.87
14204,42.88,-78.86
14205,42.77,-78.89
14206,42.88,-78.81
14207,42.95,-78.9
14208,42.92,-78.86
14209,42.92,-78.87
14210,42.86,-78.83
14211,42.91,-78.82
14212,42.89,-78.82
14213,42.92,-78.89
14214,42.94,-78.84
14215,42.93,-78.81
14216,42.95,-78.86
14217,42.9,-78.81
14218,42.81,-78.81
14219,42.79,-78.83
14220,42.85,-78.82
14221,42.97,-78.75
14222,42.92,-78.88
14223,42.97,-78.85
14224,42.84,-78.75
14225,42.93,-78.75
14226,42.97,-78.79
14227,42.89,-78.75
14228,43.03,-78.77
14231,42.77,-78.89
14233,42.77,-78.89
14240,42.77,-78.89
14241,42.94,-78.74
14260,42.77,-78.89
14261,42.77,-78.89
14263,42.77,-78.89
14264,42.89,-78.87
14265,42.77,-78.89
14267,42.77,-78.89
14269,42.77,-78.89
14270,42.77,-78.89
14272,42.77,-78.89
14273,42.75,-78.78
14276,42.77,-78.89
14280,42.77,-78.89
14301,43.09,-79.01
14302,43.33,-78.83
14303,43.09,-79.04
14304,43.1,-78.95
14305,43.12,-79.02
14410,43.2,-77.86
14411,43.24,-78.19
14413,43.22,-76.98
14414,42.9,-77.74
14415,42.75,-77.03
14416,43.07,-78.02
14418,42.62,-77.23
14420,43.22,-77.92
14422,43.07,-78.06
14423,42.94,-77.84
14424,42.81,-77.29
14425,42.96,-77.31
14427,42.63,-78.06
14428,43.07,-77.84
14429,43.38,-78.23
14430,43.29,-77.68
14432,42.96,-77.15
14433,43.1,-76.87
14435,42.72,-77.67
14437,42.62,-77.74
14441,42.72,-76.96
14443,42.9,-77.42
14445,43.11,-77.48
14449,43.24,-77.14
14450,43.1,-77.43
14452,43.38,-78.23
14453,43.01,-77.47
14454,42.78,-77.78
14456,42.86,-77.03
14461,42.81,-77.29
14462,42.69,-77.75
14463,42.8,-77.06
14464,43.32,-77.93
14466,42.78,-77.62
14467,43.06,-77.56
14468,43.29,-77.83
14469,42.87,-77.47
14470,43.22,-78.07
14471,42.76,-77.49
14472,42.98,-77.61
14475,42.94,-77.5
14476,43.32,-78.05
14477,43.33,-78.12
14478,42.57,-77.12
14479,43.24,-78.32
14480,42.84,-77.7
14481,42.76,-77.9
14482,42.96,-77.99
14485,42.89,-77.61
14486,42.92,-77.95
14487,42.81,-77.65
14488,42.73,-77.77
14489,43.1,-76.97
14502,43.11,-77.31
14504,42.97,-77.23
14505,43.16,-77.17
14506,43.0,-77.5
14507,42.69,-77.26
14508,43.38,-78.23
14510,42.68,-77.87
14511,43.0,-77.86
14512,42.67,-77.41
14513,43.09,-77.1
14514,43.09,-77.81
14515,43.26,-77.74
14516,43.2,-76.91
14517,42.59,-77.89
14518,42.93,-77.01
14519,43.22,-77.31
14520,43.35,-77.05
14521,42.69,-76.79
14522,43.08,-77.22
14525,42.91,-78.03
14526,43.15,-77.45
14527,42.64,-77.07
14529,42.54,-77.63
14530,42.68,-78.06
14532,42.96,-77.04
14533,42.84,-77.9
14534,43.06,-77.52
14536,42.56,-78.1
14537,43.03,-77.16
14538,43.28,-77.14
14539,42.83,-77.88
14541,42.75,-76.84
14542,43.14,-76.86
14543,43.0,-77.67
14544,42.73,-77.24
14545,42.65,-77.71
14546,43.04,-77.77
14547,42.81,-77.29
14548,42.98,-77.25
14549,42.69,-78.02
14550,42.67,-78.08
14551,43.21,-77.05
14555,43.25,-76.98
14556,42.73,-77.77
14557,43.04,-78.06
14558,42.86,-77.69
14559,43.19,-77.83
14560,42.64,-77.59
14561,42.83,-77.13
14563,43.35,-77.05
14564,42.97,-77.43
14568,43.14,-77.29
14569,42.74,-78.16
14571,43.33,-78.24
14572,42.52,-77.56
14580,43.22,-77.45
14585,42.91,-77.55
14586,43.04,-77.68
14588,42.68,-76.87
14589,43.24,-77.16
14590,43.22,-76.84
14591,42.82,-78.1
14592,42.88,-77.88
14601,43.29,-77.68
14602,43.29,-77.68
14603,43.16,-77.61
14604,43.16,-77.6
14605,43.17,-77.6
14606,43.17,-77.69
14607,43.15,-77.58
14608,43.15,-77.62
14609,43.2,-77.55
14610,43.14,-77.56
14611,43.14,-77.65
14612,43.26,-77.68
14613,43.13,-77.52
14614,43.1,-77.51
14615,43.22,-77.55
14616,43.23,-77.68
14617,43.21,-77.61
14618,43.11,-77.56
14619,43.14,-77.65
14620,43.13,-77.62
14621,43.15,-77.63
14622,43.2,-77.6
14623,43.08,-77.65
14624,43.12,-77.73
14625,43.15,-77.51
14626,43.19,-77.72
14627,43.13,-77.63
14638,43.29,-77.68
14639,43.29,-77.68
14642,43.29,-77.68
14643,43.29,-77.68
14644,43.29,-77.68
14645,43.29,-77.68
14646,43.29,-77.68
14647,43.29,-77.68
14649,43.29,-77.68
14650,43.29,-77.68
14651,43.29,-77.68
14652,43.29,-77.68
14653,43.29,-77.68
14660,43.29,-77.68
14664,43.29,-77.68
14673,43.29,-77.68
14683,43.29,-77.68
14692,43.29,-77.68
14694,43.29,-77.68
14701,42.2,-79.43
14702,42.08,-79.29
14703,42.34,-79.41
14704,42.34,-79.41
14706,42.12,-78.52
14707,42.07,-78.06
14708,42.03,-78.08
14709,42.22,-78.09
14710,42.08,-79.39
14711,42.32,-78.13
14712,42.16,-79.45
14714,42.29,-78.24
14715,42.15,-78.14
14716,42.32,-79.43
14717,42.26,-78.17
14718,42.25,-79.3
14719,42.34,-78.87
14720,42.11,-79.28
14721,42.01,-78.26
14722,42.19,-79.45
14723,42.31,-79.39
14724,42.07,-79.64
14726,42.25,-79.01
14727,42.25,-78.21
14728,42.28,-79.37
14729,42.41,-78.74
14730,42.17,-78.95
14731,42.3,-78.65
14732,42.23,-79.11
14733,42.13,-79.18
14735,42.45,-78.1
14736,42.13,-79.74
14737,42.34,-78.49
14738,42.05,-79.12
14739,42.19,-78.16
14740,42.21,-79.17
14741,42.22,-78.58
14742,42.12,-79.31
14743,42.2,-78.42
14744,42.42,-78.21
14745,42.48,-78.14
14747,42.15,-79.11
14748,42.14,-78.65
14750,42.12,-79.44
14751,42.3,-79.01
14752,42.35,-79.32
14753,42.14,-78.61
14754,42.03,-78.21
14755,42.25,-78.82
14756,42.2,-79.42
14757,42.24,-79.37
14758,42.34,-79.41
14760,42.08,-78.43
14766,42.36,-78.81
14767,42.19,-79.51
14769,42.37,-79.47
14770,42.09,-78.34
14772,42.16,-78.84
14774,42.11,-78.17
14775,42.23,-79.43
14777,42.4,-78.23
14778,42.27,-78.68
14779,42.18,-78.62
14781,42.17,-79.61
14782,42.26,-79.25
14783,42.08,-78.92
14784,42.32,-79.39
14785,42.16,-79.41
14786,42.12,-78.22
14787,42.25,-79.48
14788,42.06,-78.38
14801,42.21,-77.31
14802,42.24,-77.78
14803,42.25,-77.8
14804,42.31,-77.85
14805,42.38,-76.73
14806,42.15,-77.81
14807,42.47,-77.57
14808,42.56,-77.47
14809,42.37,-77.46
14810,42.36,-77.3
14812,42.32,-76.98
14813,42.24,-77.96
14814,42.16,-76.93
14815,42.37,-77.24
14816,42.2,-76.73
14817,42.36,-76.35
14818,42.46,-76.8
14819,42.21,-77.45
14820,42.18,-77.28
14821,42.26,-77.22
14822,42.42,-77.84
14823,42.35,-77.43
14824,42.27,-76.69
14825,42.05,-76.61
14826,42.47,-77.39
14827,42.18,-77.14
14830,42.12,-77.05
14831,42.15,-77.57
14836,42.55,-77.9
14837,42.56,-77.01
14838,42.18,-76.67
14839,42.14,-77.56
14840,42.32,-77.2
14841,42.49,-76.82
14842,42.58,-76.96
14843,42.38,-77.48
14844,42.16,-76.88
14845,42.21,-76.84
14846,42.56,-78.0
14847,42.61,-76.74
14850,42.4,-76.48
14851,42.46,-76.51
14852,42.45,-76.47
14853,42.45,-76.48
14854,42.51,-76.61
14855,42.14,-77.5
14856,42.37,-77.36
14857,42.51,-76.93
14858,42.05,-77.11
14859,42.12,-76.51
14860,42.59,-76.8
14861,42.09,-76.68
14863,42.45,-76.71
14864,42.26,-76.84
14865,42.36,-76.84
14867,42.37,-76.61
14869,42.38,-76.78
14870,42.16,-77.38
14871,42.05,-76.88
14872,42.24,-76.88
14873,42.38,-77.35
14874,42.52,-77.2
14876,42.43,-76.93
14877,42.07,-77.68
14878,42.48,-76.95
14879,42.33,-77.19
14880,42.17,-77.97
14881,42.4,-76.36
14882,42.57,-76.55
14883,42.2,-76.47
14884,42.46,-77.89
14885,42.06,-77.56
14886,42.48,-76.64
14887,42.4,-77.03
14889,42.21,-76.59
14891,42.37,-76.93
14892,42.11,-76.5
14893,42.47,-77.1
14894,42.03,-76.76
14895,42.23,-77.92
14897,42.05,-77.82
14898,42.07,-77.44
14901,42.08,-76.72
14902,42.15,-76.75
14903,42.12,-76.89
14904,42.06,-76.82
14905,42.09,-76.84
14925,42.15,-76.75
15001,40.68,-80.3
15003,40.6,-80.21
15004,40.34,-80.38
15005,40.62,-80.2
15006,40.49,-79.9
15007,40.43,-80.02
15009,40.73,-80.39
15010,40.67,-80.35
15012,40.07,-79.6
15014,40.27,-79.9
15015,40.43,-80.02
15017,40.35,-80.09
15018,40.46,-80.21
15019,40.41,-80.32
15020,40.43,-80.02
15021,40.38,-80.4
15022,40.14,-79.93
15024,40.43,-80.02
15025,40.32,-79.93
15026,40.49,-80.29
15027,40.7,-80.26
15028,40.43,-80.02
15030,40.43,-80.02
15031,40.35,-80.17
15032,40.43,-80.02
15033,40.18,-79.87
15034,40.32,-79.89
15035,40.43,-80.02
15036,40.21,-80.18
15037,40.27,-79.9
15038,40.25,-79.93
15042,40.71,-80.24
15043,40.64,-80.34
15044,40.43,-80.02
15045,40.43,-80.02
15046,40.47,-80.12
15047,40.43,-80.02
15049,40.43,-80.02
15050,40.55,-80.43
15051,40.43,-80.02
15052,40.7,-80.39
15053,40.38,-80.36
15054,40.36,-80.41
15055,40.31,-80.12
15056,40.38,-80.02
15057,40.36,-80.27
15059,40.74,-80.4
15060,40.37,-80.29
15061,40.66,-80.33
15062,40.36,-79.75
15063,40.26,-80.12
15064,40.36,-80.14
15065,40.43,-80.02
15066,40.71,-80.32
15067,40.28,-80.17
15068,40.48,-79.58
15069,40.36,-79.44
15071,40.4,-80.18
15072,40.14,-79.86
15074,40.69,-80.33
15075,40.43,-80.02
15076,40.43,-80.02
15077,40.6,-80.39
15078,40.36,-80.39
15081,40.58,-80.24
15082,40.39,-80.21
15083,40.23,-79.75
15084,40.43,-80.02
15085,40.38,-79.59
15086,40.43,-80.02
15087,40.36,-79.44
15088,40.27,-79.9
15089,40.2,-79.73
15090,40.43,-80.02
15091,40.43,-80.02
15095,40.43,-80.02
15096,40.43,-80.02
15101,40.43,-80.02
15102,40.37,-80.12
15104,40.37,-79.86
15106,40.45,-80.1
15108,40.47,-80.14
15110,40.37,-79.85
15112,40.43,-80.02
15116,40.36,-79.98
15120,40.39,-79.91
15122,40.36,-79.91
15123,40.43,-80.02
15126,40.45,-80.13
15127,40.43,-80.02
15129,40.3,-80.0
15130,40.43,-80.02
15131,40.43,-80.02
15132,40.41,-80.05
15133,40.32,-79.94
15134,40.43,-80.02
15135,40.43,-80.02
15136,40.47,-80.1
15137,40.43,-80.02
15139,40.43,-80.02
15140,40.43,-80.02
15142,40.4,-80.17
15143,40.45,-80.21
15144,40.43,-80.02
15145,40.43,-80.02
15146,40.55,-80.24
15147,40.35,-80.01
15148,40.43,-80.02
15189,40.43,-80.02
15201,40.43,-80.02
15202,40.33,-79.95
15203,40.43,-79.98
15204,40.46,-80.06
15205,40.43,-80.1
15206,40.42,-80.08
15207,40.36,-79.98
15208,40.52,-80.17
15209,40.39,-80.04
15210,40.42,-80.03
15211,40.43,-80.01
15212,40.43,-80.07
15213,40.42,-79.98
15214,40.43,-80.02
15215,40.38,-79.99
15216,40.4,-80.05
15217,40.39,-80.05
15218,40.43,-80.02
15219,40.38,-80.02
15220,40.42,-80.05
15221,40.41,-80.04
15222,40.43,-80.02
15223,40.46,-80.04
15224,40.43,-80.02
15225,40.51,-80.12
15226,40.4,-80.02
15227,40.38,-79.97
15228,40.37,-80.04
15229,40.43,-80.02
15230,40.43,-80.02
15231,40.43,-80.02
15232,40.43,-80.02
15233,40.43,-80.02
15234,40.37,-80.02
15235,40.4,-80.0
15236,40.34,-79.98
15237,40.43,-80.02
15238,40.38,-80.01
15239,40.43,-80.02
15240,40.43,-80.02
15241,40.33,-80.08
15242,40.43,-80.02
15243,40.38,-80.07
15244,40.43,-80.02
15250,40.43,-80.02
15251,40.43,-80.02
15252,40.43,-80.02
15253,40.43,-80.02
15254,40.43,-80.02
15255,40.43,-80.02
15257,40.43,-80.02
15258,40.43,-80.02
15259,40.43,-80.02
15260,40.43,-80.02
15261,40.43,-80.02
15262,40.43,-80.02
15263,40.43,-80.02
15264,40.43,-80.02
15265,40.43,-80.02
15266,40.43,-80.02
15267,40.43,-80.02
15268,40.43,-80.02
15270,40.43,-80.02
15272,40.43,-80.02
15274,40.43,-80.02
15275,40.45,-80.18
15276,40.43,-80.02
15277,40.43,-80.02
15278,40.43,-80.02
15279,40.43,-80.02
15281,40.43,-80.02
15282,40.43,-80.02
15283,40.43,-80.02
15285,40.43,-80.02
15286,40.43,-80.02
15290,40.43,-80.02
15295,40.43,-80.02
15301,40.14,-80.15
15310,39.87,-80.21
15311,40.05,-80.17
15312,40.2,-80.27
15313,40.07,-80.02
15314,40.15,-80.08
15315,39.82,-79.96
15316,39.87,-80.21
15317,40.16,-80.13
15320,39.92,-79.99
15321,40.16,-80.1
15322,39.97,-80.05
15323,40.11,-80.25
15324,40.05,-79.98
15325,39.95,-79.97
15327,39.76,-79.94
15329,40.05,-80.28
15330,40.18,-80.1
15331,40.11,-80.02
15332,40.2,-80.06
15333,40.03,-80.01
15334,39.87,-80.21
15336,40.26,-79.99
15337,39.94,-80.0
15338,39.82,-79.97
15339,40.3,-80.15
15340,40.23,-80.17
15341,39.87,-80.21
15342,40.13,-80.13
15344,39.87,-80.21
15345,40.03,-80.1
15346,39.93,-80.07
15347,40.22,-80.23
15348,39.99,-80.0
15349,39.77,-80.02
15350,40.29,-80.2
15351,39.88,-79.93
15352,39.87,-80.21
15353,39.87,-80.21
15354,39.87,-80.21
15357,39.95,-79.99
15358,40.06,-79.99
15359,39.87,-80.21
15360,40.09,-80.1
15361,40.33,-80.26
15362,39.74,-80.21
15363,40.25,-80.2
15364,39.87,-80.21
15365,40.16,-80.38
15366,40.11,-80.03
15367,40.24,-80.25
15368,40.02,-80.01
15370,39.87,-80.08
15376,40.13,-80.27
15377,40.02,-80.43
15378,40.28,-80.27
15379,40.24,-80.42
15380,39.91,-80.43
15401,39.94,-79.77
15410,39.91,-79.9
15411,39.75,-79.33
15412,40.1,-79.85
15413,39.99,-79.86
15415,39.98,-79.85
15416,39.93,-79.65
15417,39.92,-79.69
15419,40.07,-79.87
15420,39.93,-79.65
15421,39.85,-79.6
15422,39.99,-79.82
15423,40.08,-79.93
15424,39.82,-79.31
15425,40.01,-79.7
15427,40.07,-79.97
15428,39.98,-79.73
15429,40.01,-79.94
15430,40.04,-79.66
15431,39.95,-79.72
15432,40.1,-79.86
15433,39.97,-79.7
15434,40.08,-79.88
15435,39.95,-79.86
15436,39.95,-79.81
15437,39.8,-79.6
15438,40.07,-79.84
15439,39.77,-79.64
15440,39.76,-79.63
15442,40.02,-79.84
15443,39.93,-79.9
15444,40.06,-79.9
15445,39.88,-79.67
15446,40.04,-79.38
15447,39.95,-79.94
15448,40.36,-79.44
15449,39.96,-79.79
15450,40.0,-79.98
15451,39.74,-79.85
15454,39.93,-79.65
15455,40.0,-79.64
15456,39.88,-79.81
15458,39.89,-79.87
15459,39.82,-79.53
15460,39.93,-79.65
15461,39.95,-79.68
15462,40.06,-79.38
15463,39.88,-79.83
15464,39.93,-79.43
15465,39.93,-79.65
15466,40.08,-79.89
15467,39.93,-79.65
15468,39.94,-79.84
15469,40.01,-79.44
15470,39.85,-79.52
15472,39.92,-79.72
15473,40.06,-79.78
15474,39.91,-79.71
15475,39.98,-79.88
15476,39.88,-79.92
15477,40.08,-79.86
15478,39.93,-79.7
15479,40.16,-79.74
15480,39.99,-79.77
15482,40.07,-79.77
15483,40.04,-79.92
15484,39.89,-79.79
15485,39.82,-79.33
15486,40.01,-79.75
15488,39.98,-79.77
15489,39.96,-79.7
15490,40.08,-79.45
15492,40.12,-79.77
15501,39.99,-79.09
15502,40.05,-79.26
15510,39.96,-79.04
15520,40.11,-79.07
15521,40.2,-78.62
15522,39.95,-78.57
15530,39.94,-78.98
15531,40.01,-78.99
15532,39.77,-79.06
15533,39.98,-78.25
15534,39.86,-78.67
15535,39.84,-78.47
15536,39.94,-78.12
15537,39.97,-78.46
15538,39.95,-78.95
15539,40.13,-78.59
15540,39.8,-79.25
15541,40.09,-78.96
15542,39.87,-79.07
15544,40.14,-79.09
15545,39.89,-78.71
15546,40.15,-79.07
15547,40.16,-79.06
15548,40.1,-78.94
15549,40.02,-79.01
15550,39.9,-78.66
15551,39.89,-79.25
15552,39.88,-79.04
15553,39.98,-78.77
15554,39.98,-78.61
15555,40.09,-79.09
15557,39.96,-79.14
15558,39.94,-79.08
15559,40.06,-78.64
15560,40.02,-78.91
15561,40.1,-79.09
15562,39.75,-79.12
15563,40.09,-78.97
15564,39.73,-78.84
15565,40.0,-79.04
15601,40.35,-79.5
15605,40.36,-79.44
15606,40.36,-79.44
15610,40.12,-79.41
15611,40.3,-79.65
15612,40.36,-79.44
15613,40.44,-79.62
15615,40.36,-79.74
15616,40.36,-79.44
15617,40.36,-79.44
15618,40.5,-79.49
15619,40.36,-79.44
15620,40.32,-79.34
15621,40.36,-79.44
15622,40.19,-79.3
15623,40.37,-79.62
15624,40.36,-79.48
15625,40.36,-79.44
15626,40.36,-79.57
15627,40.35,-79.4
15628,40.1,-79.38
15629,40.6,-79.56
15630,40.85,-79.45
15631,40.08,-79.59
15632,40.43,-79.63
15633,40.36,-79.52
15634,40.31,-79.67
15635,40.35,-79.5
15636,40.37,-79.66
15637,40.27,-79.57
15638,40.26,-79.14
15639,40.33,-79.62
15640,40.23,-79.73
15641,40.63,-79.6
15642,40.37,-79.58
15644,40.37,-79.41
15646,40.36,-79.44
15647,40.34,-79.73
15650,40.36,-79.42
15655,40.23,-79.17
15656,40.64,-79.61
15658,40.27,-79.25
15660,40.25,-79.76
15661,40.29,-79.51
15662,40.36,-79.44
15663,40.24,-79.68
15664,40.31,-79.62
15665,40.29,-79.66
15666,40.2,-79.61
15668,40.42,-79.66
15670,40.4,-79.44
15671,40.35,-79.32
15672,40.24,-79.66
15673,40.59,-79.56
15674,40.22,-79.49
15675,40.31,-79.68
15676,40.24,-79.45
15677,40.36,-79.44
15678,40.28,-79.72
15679,40.23,-79.67
15680,40.52,-79.5
15681,40.54,-79.4
15682,40.85,-79.45
15683,40.36,-79.52
15684,40.46,-79.52
15685,40.36,-79.44
15686,40.62,-79.48
15687,40.36,-79.44
15688,40.36,-79.44
15689,40.36,-79.44
15690,40.4,-79.55
15691,40.29,-79.69
15692,40.33,-79.68
15693,40.25,-79.41
15695,40.2,-79.69
15696,40.28,-79.37
15697,40.24,-79.51
15698,40.22,-79.69
15701,40.62,-79.08
15705,40.64,-79.13
15710,40.63,-78.87
15711,41.17,-78.91
15712,40.78,-78.85
15713,40.62,-79.08
15714,40.66,-78.79
15715,40.97,-78.88
15716,40.48,-79.21
15717,40.49,-79.2
15720,40.53,-79.08
15721,41.05,-78.41
15722,40.58,-78.73
15723,40.71,-79.16
15724,40.72,-78.86
15725,40.63,-79.13
15727,40.55,-79.32
15728,40.75,-79.0
15729,40.71,-78.92
15730,40.97,-78.93
15731,40.5,-79.17
15732,40.66,-79.22
15733,41.14,-78.96
15734,40.72,-78.98
15736,40.69,-79.34
15737,40.61,-78.75
15738,40.69,-78.78
15739,40.68,-79.17
15740,41.14,-78.96
15741,40.8,-78.86
15742,40.8,-78.89
15744,41.14,-78.96
15745,40.62,-78.92
15746,40.77,-78.88
15747,40.7,-79.18
15748,40.63,-79.09
15750,40.48,-79.19
15751,40.64,-79.13
15752,40.54,-79.28
15753,40.99,-78.42
15754,40.5,-79.18
15756,40.57,-79.3
15757,40.99,-78.42
15758,40.64,-79.13
15759,40.69,-79.05
15760,40.65,-78.81
15761,40.62,-78.89
15762,40.6,-78.82
15763,40.64,-79.13
15764,41.14,-78.96
15765,40.62,-78.99
15767,40.94,-78.98
15770,41.14,-78.96
15771,40.72,-79.01
15772,40.87,-78.9
15773,40.63,-78.73
15774,40.85,-79.45
15775,40.64,-78.77
15776,41.14,-78.96
15777,40.7,-78.96
15778,40.97,-79.2
15779,40.36,-79.44
15780,41.14,-78.96
15781,41.14,-78.96
15783,40.58,-79.34
15784,41.14,-78.96
15801,41.12,-78.72
15821,41.42,-78.67
15822,41.42,-78.67
15823,41.25,-78.7
15824,41.25,-78.8
15825,41.16,-79.08
15827,41.29,-78.5
15828,41.48,-79.24
15829,41.14,-78.96
15831,41.3,-78.62
15832,41.42,-78.2
15834,41.51,-78.23
15840,41.15,-78.82
15841,41.28,-78.55
15845,41.5,-78.69
15846,41.34,-78.61
15847,41.14,-78.96
15848,40.99,-78.42
15849,41.2,-78.58
15851,41.1,-78.89
15853,41.36,-78.73
15856,40.99,-78.42
15857,41.45,-78.53
15860,41.14,-78.96
15861,41.42,-78.2
15863,41.14,-78.96
15864,41.14,-78.96
15865,41.05,-78.82
15866,41.01,-78.79
15868,41.28,-78.53
15870,41.57,-78.67
15901,40.41,-78.85
15902,40.42,-78.81
15904,40.32,-78.83
15905,40.31,-78.87
15906,40.49,-78.84
15907,40.33,-78.92
15909,40.44,-78.86
15915,40.48,-78.7
15920,40.46,-79.01
15921,40.32,-78.69
15922,40.48,-78.7
15923,40.35,-79.15
15924,40.11,-78.79
15925,40.41,-78.63
15926,40.07,-78.84
15927,40.54,-78.79
15928,40.24,-78.92
15929,40.46,-79.01
15930,40.29,-78.72
15931,40.46,-78.77
15934,40.28,-78.8
15935,40.2,-78.96
15936,40.16,-78.92
15937,40.21,-78.99
15938,40.43,-78.64
15940,40.52,-78.61
15942,40.42,-78.82
15943,40.39,-78.85
15944,40.33,-79.1
15945,40.36,-78.87
15946,40.37,-78.75
15948,40.46,-78.69
15949,40.4,-79.12
15951,40.34,-78.78
15952,40.3,-78.78
15953,40.21,-78.9
15954,40.4,-79.03
15955,40.33,-78.72
15956,40.41,-78.78
15957,40.57,-78.9
15958,40.39,-78.74
15959,40.27,-78.92
15960,40.5,-78.86
15961,40.44,-78.92
15962,40.38,-78.72
15963,40.18,-78.83
16001,40.89,-79.93
16002,40.84,-79.86
16003,40.92,-79.93
16016,40.92,-79.93
16017,40.92,-79.93
16018,40.92,-79.93
16020,41.11,-79.9
16021,40.92,-79.93
16022,41.06,-79.73
16023,40.79,-79.76
16024,40.92,-79.99
16025,40.94,-79.78
16027,40.83,-80.01
16028,40.98,-79.62
16029,40.78,-79.78
16030,41.14,-79.8
16033,40.9,-79.94
16034,40.86,-79.74
16035,41.11,-80.01
16036,41.2,-79.45
16037,40.83,-80.1
16038,40.94,-80.01
16039,40.92,-79.93
16040,41.09,-79.84
16041,41.01,-79.77
16045,40.8,-79.96
16046,40.87,-79.94
16048,41.05,-79.81
16049,41.09,-79.68
16050,41.04,-79.76
16051,41.02,-80.07
16052,40.96,-79.93
16053,40.8,-79.99
16054,41.2,-79.45
16055,40.72,-79.76
16056,40.86,-79.86
16057,41.05,-80.04
16058,41.2,-79.45
16059,40.71,-79.94
16061,41.02,-79.88
16063,40.76,-80.11
16066,40.71,-80.1
16101,40.96,-80.3
16102,40.96,-80.41
16103,40.99,-80.31
16105,41.02,-80.35
16107,40.99,-80.31
16108,40.99,-80.31
16110,41.63,-80.21
16111,41.52,-80.32
16112,40.96,-80.49
16113,41.29,-80.42
16114,41.41,-80.18
16115,40.79,-80.39
16116,41.03,-80.46
16117,40.92,-80.36
16120,40.91,-80.47
16121,41.21,-80.49
16123,40.81,-80.2
16124,41.33,-80.26
16125,41.33,-80.29
16127,41.17,-80.09
16130,41.33,-80.29
16131,41.53,-80.42
16132,41.01,-80.5
16133,41.28,-80.11
16134,41.46,-80.45
16136,40.83,-80.33
16137,41.22,-80.25
16140,40.99,-80.31
16141,40.83,-80.38
16142,41.1,-80.35
16143,41.09,-80.47
16145,41.38,-80.22
16146,41.23,-80.45
16148,41.22,-80.44
16150,41.28,-80.4
16151,41.44,-80.21
16153,41.34,-80.1
16154,41.37,-80.36
16155,40.99,-80.31
16156,41.09,-80.19
16157,40.89,-80.34
16159,41.24,-80.3
16160,40.93,-80.36
16161,41.2,-80.5
16172,41.12,-80.33
16201,40.82,-79.42
16210,40.86,-79.55
16211,40.64,-79.13
16212,40.75,-79.58
16213,41.12,-79.57
16214,41.14,-79.45
16215,40.85,-79.45
16216,40.85,-79.45
16217,41.48,-79.24
16218,40.85,-79.45
16220,41.2,-79.45
16221,41.2,-79.45
16222,40.88,-79.24
16223,40.85,-79.45
16224,41.2,-79.45
16225,41.2,-79.45
16226,40.8,-79.42
16228,40.76,-79.52
16229,40.74,-79.46
16230,41.02,-79.28
16232,41.19,-79.59
16233,41.39,-79.27
16234,41.2,-79.45
16235,41.3,-79.36
16236,40.78,-79.52
16238,40.79,-79.52
16239,41.47,-79.13
16240,41.2,-79.45
16242,41.13,-79.41
16244,40.85,-79.45
16245,40.85,-79.45
16246,40.64,-79.13
16248,41.04,-79.5
16249,40.75,-79.5
16250,40.78,-79.23
16253,40.85,-79.45
16254,41.26,-79.43
16255,41.11,-79.49
16256,40.87,-79.14
16257,41.2,-79.45
16258,41.24,-79.28
16259,40.92,-79.46
16260,41.2,-79.45
16261,40.85,-79.45
16262,40.84,-79.63
16263,40.85,-79.45
16301,41.33,-79.78
16311,41.46,-80.04
16312,41.94,-79.31
16313,41.8,-79.19
16314,41.52,-80.05
16316,41.62,-80.31
16317,41.5,-79.89
16319,41.4,-79.74
16321,41.48,-79.24
16322,41.48,-79.24
16323,41.34,-79.78
16326,41.2,-79.45
16327,41.67,-80.07
16328,41.67,-80.07
16329,41.81,-79.26
16331,41.2,-79.45
16332,41.36,-79.38
16333,41.74,-78.79
16334,41.2,-79.45
16335,41.61,-80.11
16340,41.86,-79.43
16341,41.5,-79.63
16342,41.32,-79.93
16343,41.41,-79.75
16344,41.47,-79.69
16345,41.93,-79.09
16346,41.38,-79.71
16347,41.68,-79.03
16350,41.89,-79.23
16351,41.83,-79.23
16352,41.74,-79.05
16353,41.5,-79.41
16354,41.66,-79.72
16360,41.69,-79.9
16361,41.2,-79.45
16362,41.4,-79.74
16364,41.4,-79.74
16365,41.84,-79.17
16366,41.81,-79.26
16367,41.81,-79.26
16368,41.81,-79.26
16369,41.81,-79.26
16370,41.48,-79.24
16371,41.82,-79.2
16372,41.2,-79.87
16373,41.27,-79.81
16374,41.4,-79.74
16375,41.2,-79.45
16388,41.66,-80.16
16401,41.89,-80.31
16402,41.97,-79.48
16403,41.8,-80.06
16404,41.67,-80.07
16405,41.94,-79.57
16406,41.76,-80.37
16407,41.92,-79.7
16410,41.92,-80.3
16411,41.98,-80.44
16412,41.9,-80.16
16413,42.18,-80.06
16415,42.01,-80.34
16416,41.82,-79.45
16417,41.95,-80.3
16420,41.81,-79.26
16421,42.17,-79.94
16422,41.64,-80.39
16423,42.02,-80.35
16424,41.62,-80.45
16426,41.99,-80.13
16427,41.88,-79.97
16428,42.18,-79.84
16430,42.0,-80.43
16432,41.67,-80.07
16433,41.75,-80.21
16434,41.67,-80.1
16435,41.8,-80.37
16436,41.92,-79.45
16438,41.94,-79.85
16440,41.76,-80.1
16441,41.97,-80.0
16442,42.03,-79.83
16443,41.94,-80.47
16444,42.18,-80.06
16475,42.18,-80.06
16501,42.09,-80.09
16502,42.11,-80.1
16503,42.13,-80.06
16504,42.11,-80.05
16505,42.11,-80.15
16506,42.06,-80.17
16507,42.13,-80.08
16508,42.1,-80.09
16509,42.05,-80.03
16510,42.11,-79.95
16511,42.16,-79.98
16512,42.03,-80.26
16514,42.18,-80.06
16515,42.18,-80.06
16522,42.18,-80.06
16530,42.18,-80.06
16531,42.18,-80.06
16532,42.18,-80.06
16533,42.18,-80.06
16534,42.18,-80.06
16538,42.18,-80.06
16541,42.18,-80.06
16544,42.18,-80.06
16546,42.18,-80.06
16550,42.18,-80.06
16553,42.18,-80.06
16554,42.18,-80.06
16558,42.18,-80.06
16563,42.18,-80.06
16565,42.18,-80.06
16601,40.49,-78.35
16602,40.51,-78.38
16603,40.5,-78.41
16611,40.55,-78.1
16613,40.55,-78.54
16614,40.26,-78.42
16616,40.99,-78.42
16617,40.56,-78.36
16619,40.68,-78.41
16620,40.99,-78.42
16621,40.2,-78.14
16622,40.4,-77.97
16623,40.29,-78.02
16624,40.57,-78.6
16625,40.35,-78.46
16627,40.75,-78.54
16629,40.52,-78.53
16630,40.47,-78.59
16631,40.49,-78.37
16633,40.16,-78.23
16634,40.4,-77.97
16635,40.51,-78.41
16636,40.61,-78.53
16637,40.35,-78.44
16638,40.4,-77.97
16639,40.67,-78.51
16640,40.69,-78.55
16641,40.51,-78.58
16644,40.72,-78.46
16645,40.99,-78.42
16646,40.68,-78.6
16647,40.4,-77.97
16648,40.43,-78.36
16650,40.11,-78.28
16651,40.79,-78.38
16652,40.52,-77.98
16654,40.4,-77.97
16655,40.25,-78.54
16656,40.99,-78.42
16657,40.39,-78.17
16659,40.17,-78.39
16660,40.4,-77.97
16661,40.83,-78.44
16662,40.34,-78.34
16663,40.99,-78.42
16664,40.19,-78.43
16665,40.39,-78.45
16666,40.82,-78.46
16667,40.18,-78.49
16668,40.63,-78.61
16669,40.58,-78.07
16670,40.25,-78.51
16671,40.99,-78.42
16672,40.18,-78.25
16673,40.34,-78.39
16674,40.19,-78.12
16675,40.67,-78.68
16677,40.81,-78.24
16678,40.2,-78.25
16679,40.17,-78.21
16680,40.76,-78.45
16681,40.99,-78.42
16682,40.27,-78.46
16683,40.4,-77.97
16684,40.64,-78.3
16685,40.27,-78.08
16686,40.52,-78.34
16689,39.94,-78.12
16691,39.94,-78.12
16692,40.75,-78.68
16693,40.4,-78.26
16694,40.17,-78.14
16695,40.23,-78.36
16698,40.99,-78.42
16699,40.48,-78.7
16701,41.86,-78.64
16720,41.62,-77.96
16724,41.8,-78.58
16725,41.89,-78.72
16726,41.82,-78.6
16727,41.98,-78.55
16728,41.42,-78.67
16729,41.96,-78.49
16730,41.8,-78.58
16731,41.94,-78.36
16732,41.8,-78.58
16733,41.8,-78.58
16734,41.62,-78.84
16735,41.8,-78.63
16738,41.84,-78.69
16740,41.72,-78.62
16743,41.88,-78.46
16744,41.88,-78.56
16745,41.92,-78.49
16746,41.74,-77.9
16748,41.96,-78.19
16749,41.8,-78.54
16750,41.8,-78.58
16751,41.8,-78.58
16801,40.88,-77.87
16802,40.8,-77.86
16803,40.88,-77.76
16804,40.97,-77.76
16805,40.97,-77.76
16820,40.9,-77.46
16821,40.99,-78.42
16822,41.11,-77.51
16823,40.9,-77.77
16825,40.99,-78.36
16826,40.97,-77.76
16827,40.89,-77.64
16828,40.81,-77.7
16829,40.93,-77.76
16830,41.04,-78.44
16832,40.84,-77.45
16833,40.95,-78.58
16834,40.99,-78.42
16835,40.9,-77.88
16836,40.99,-78.42
16837,40.99,-78.42
16838,40.99,-78.42
16839,40.99,-78.42
16840,40.99,-78.42
16841,40.92,-77.68
16843,41.0,-78.46
16844,40.9,-77.75
16845,40.99,-78.42
16847,40.99,-78.42
16848,41.22,-77.62
16849,40.99,-78.42
16850,40.99,-78.42
16851,40.81,-77.81
16852,40.97,-77.76
16853,40.95,-77.78
16854,40.89,-77.47
16855,40.99,-78.42
16856,40.93,-77.64
16858,40.97,-78.19
16859,40.9,-78.03
16860,40.99,-78.42
16861,40.99,-78.42
16863,40.99,-78.42
16864,40.97,-77.76
16865,40.87,-77.96
16866,40.91,-77.84
16868,40.73,-77.91
16870,40.91,-77.83
16871,40.99,-78.42
16872,40.94,-77.45
16873,40.99,-78.42
16874,40.99,-78.03
16875,40.88,-77.52
16876,40.96,-78.29
16877,40.69,-78.17
16878,40.99,-78.42
16879,40.99,-78.42
16881,40.99,-78.42
16882,40.9,-77.4
16901,41.86,-77.26
16910,41.77,-76.52
16911,41.77,-77.24
16912,41.82,-77.2
16914,41.77,-76.52
16915,41.78,-77.96
16917,41.77,-77.0
16918,41.77,-77.24
16920,41.98,-77.37
16921,41.77,-77.24
16922,41.73,-77.64
16923,41.74,-77.9
16925,41.94,-76.8
16926,41.77,-76.52
16927,41.74,-77.9
16928,41.94,-77.45
16929,41.98,-77.18
16930,41.77,-77.24
16932,41.79,-77.04
16933,41.79,-77.07
16935,41.77,-77.24
16936,41.91,-77.01
16937,41.74,-77.9
16938,41.77,-77.24
16939,41.68,-77.02
16940,41.98,-77.25
16941,41.74,-77.9
16942,41.99,-77.35
16943,41.77,-77.24
16945,41.77,-76.52
16946,41.94,-77.23
16947,41.79,-76.84
16948,41.84,-77.76
16950,41.92,-77.52
17001,40.22,-76.92
17002,40.54,-77.79
17003,40.35,-76.44
17004,40.59,-77.73
17005,40.6,-76.81
17006,40.3,-77.56
17007,40.14,-77.24
17008,40.17,-76.98
17009,40.63,-77.61
17010,40.27,-76.58
17011,40.25,-77.08
17012,40.14,-77.24
17013,40.17,-77.23
17014,40.48,-77.35
17016,40.28,-76.41
17017,40.89,-76.6
17018,40.36,-76.9
17019,40.09,-76.98
17020,40.46,-77.06
17021,40.48,-77.35
17022,40.15,-76.61
17023,40.58,-76.77
17024,40.44,-77.27
17025,40.24,-76.99
17026,40.46,-76.43
17027,40.16,-77.0
17028,40.37,-76.68
17029,40.55,-77.63
17030,40.61,-76.74
17031,40.41,-77.29
17032,40.51,-76.84
17033,40.27,-76.64
17034,40.33,-76.83
17035,40.48,-77.35
17036,40.34,-76.78
17037,40.44,-77.4
17038,40.43,-76.48
17039,40.3,-76.26
17040,40.34,-77.3
17041,40.22,-76.54
17042,40.33,-76.4
17043,40.24,-76.92
17044,40.56,-77.63
17045,40.57,-76.99
17046,40.38,-76.44
17047,40.41,-77.29
17048,40.56,-76.79
17049,40.65,-77.31
17050,40.25,-77.03
17051,40.48,-77.73
17052,40.4,-77.97
17053,40.33,-77.03
17054,40.5,-77.72
17055,40.18,-77.18
17056,40.48,-77.35
17057,40.19,-76.72
17058,40.56,-77.4
17059,40.57,-77.32
17060,40.4,-77.97
17061,40.57,-76.84
17062,40.56,-77.15
17063,40.74,-77.49
17064,40.25,-76.46
17065,40.2,-77.08
17066,40.38,-77.88
17067,40.37,-76.36
17068,40.41,-77.13
17069,40.46,-76.97
17070,40.26,-76.9
17071,40.41,-77.29
17072,40.23,-77.08
17073,40.31,-76.26
17074,40.51,-77.13
17075,40.39,-77.83
17076,40.48,-77.35
17077,40.38,-76.41
17078,40.32,-76.42
17080,40.64,-76.8
17081,40.2,-77.28
17082,40.55,-77.4
17083,40.28,-76.41
17084,40.54,-77.69
17085,40.28,-76.39
17086,40.48,-77.35
17087,40.36,-76.27
17088,40.31,-76.3
17089,40.27,-76.94
17090,40.34,-77.18
17091,40.14,-77.24
17093,40.29,-76.93
17094,40.57,-77.24
17097,40.57,-76.66
17098,40.59,-76.7
17099,40.64,-77.57
17101,40.26,-76.87
17102,40.27,-76.89
17103,40.27,-76.86
17104,40.25,-76.86
17105,40.28,-76.88
17106,40.29,-76.85
17107,40.3,-76.88
17108,40.31,-76.8
17109,40.29,-76.82
17110,40.3,-76.87
17111,40.27,-76.8
17112,40.34,-76.79
17113,40.24,-76.84
17120,40.27,-76.88
17121,40.29,-76.89
17122,40.25,-76.87
17123,40.27,-76.88
17124,40.27,-76.89
17125,40.27,-76.88
17126,40.26,-76.88
17127,40.26,-76.88
17128,40.39,-76.78
17129,40.26,-76.88
17130,40.27,-76.88
17140,40.31,-76.85
17177,40.3,-76.85
17201,39.91,-77.67
17210,40.17,-77.66
17211,39.76,-78.41
17212,39.94,-78.12
17213,40.18,-77.87
17214,39.74,-77.47
17215,39.94,-78.12
17217,40.23,-77.73
17219,40.22,-77.68
17220,40.18,-77.74
17221,40.07,-77.83
17222,39.9,-77.53
17223,39.94,-78.12
17224,40.0,-77.81
17225,39.81,-77.73
17228,39.94,-78.12
17229,39.94,-78.12
17231,39.86,-77.86
17232,40.11,-77.64
17233,39.93,-77.98
17235,39.86,-77.7
17236,39.82,-77.8
17237,39.84,-77.55
17238,39.94,-78.12
17239,40.4,-77.97
17240,40.17,-77.47
17241,40.17,-77.42
17243,40.23,-77.89
17244,40.08,-77.68
17246,40.05,-77.67
17247,39.8,-77.58
17249,40.4,-77.97
17250,39.74,-77.52
17251,40.11,-77.67
17252,39.92,-77.81
17253,40.4,-77.97
17254,39.97,-77.58
17255,40.13,-77.87
17256,39.78,-77.67
17257,40.07,-77.46
17260,40.4,-77.97
17261,39.83,-77.49
17262,40.17,-77.71
17263,39.72,-77.72
17264,40.22,-77.94
17265,40.05,-77.78
17266,40.1,-77.47
17267,39.94,-78.12
17268,39.79,-77.59
17270,39.85,-77.8
17271,40.11,-77.81
17272,39.77,-77.63
17301,39.9,-76.99
17302,39.82,-76.41
17303,39.92,-77.3
17304,39.98,-77.23
17306,39.98,-77.25
17307,39.93,-77.29
17309,39.86,-76.47
17310,39.89,-77.36
17311,39.87,-76.76
17312,39.95,-76.51
17313,39.91,-76.65
17314,39.79,-76.54
17315,40.0,-76.88
17316,39.88,-77.03
17317,39.97,-76.52
17318,40.02,-76.73
17319,40.15,-76.8
17320,39.78,-77.36
17321,39.78,-76.52
17322,39.84,-76.58
17323,40.08,-77.03
17324,40.02,-77.19
17325,39.84,-77.23
17326,39.89,-77.21
17327,39.89,-76.75
17329,39.77,-76.88
17331,39.94,-76.67
17332,39.78,-76.74
17333,39.97,-76.69
17334,39.81,-76.97
17337,40.02,-77.2
17339,40.0,-76.89
17340,39.83,-77.1
17342,39.85,-76.71
17343,39.87,-77.33
17344,39.8,-77.02
17345,39.95,-76.84
17347,39.94,-76.55
17349,39.87,-76.63
17350,39.88,-77.08
17352,39.84,-76.45
17353,39.88,-77.39
17354,39.82,-76.9
17355,39.76,-76.7
17356,39.91,-76.62
17358,39.97,-76.69
17360,39.82,-76.7
17361,39.8,-76.69
17362,39.94,-76.78
17363,39.81,-76.61
17364,39.93,-76.91
17365,40.02,-76.78
17366,40.01,-76.61
17368,39.99,-76.68
17370,40.07,-76.72
17371,39.9,-76.79
17372,40.01,-77.1
17375,39.89,-77.21
17401,39.96,-76.73
17402,40.0,-76.69
17403,39.94,-76.67
17404,39.93,-76.58
17405,40.01,-76.6
17406,40.0,-76.59
17407,39.9,-76.66
17415,39.97,-76.69
17501,40.13,-76.36
17502,40.09,-76.46
17503,40.02,-76.3
17504,40.02,-76.33
17505,40.07,-76.19
17506,40.12,-76.05
17507,40.2,-76.02
17508,40.13,-76.21
17509,39.9,-76.04
17512,40.12,-76.37
17516,40.03,-76.26
17517,40.19,-76.34
17518,39.82,-76.25
17519,40.14,-76.02
17520,40.1,-76.36
17521,40.2,-76.35
17522,40.17,-76.36
17527,40.01,-76.02
17528,40.04,-76.24
17529,40.04,-76.11
17532,39.87,-76.28
17533,40.23,-76.26
17534,40.04,-76.11
17535,40.01,-76.04
17536,39.84,-76.08
17537,39.99,-76.24
17538,40.11,-76.36
17540,40.1,-76.19
17543,40.13,-76.46
17545,40.16,-76.46
17547,40.06,-76.49
17549,40.15,-76.09
17550,40.07,-76.58
17551,40.03,-76.24
17552,40.11,-76.35
17554,40.04,-76.43
17555,40.12,-75.96
17557,40.15,-76.07
17560,39.91,-76.24
17562,39.9,-76.09
17563,39.84,-76.16
17564,40.02,-76.3
17565,39.9,-76.32
17566,39.86,-76.15
17567,40.21,-76.12
17568,39.95,-76.23
17569,40.15,-76.09
17570,40.13,-76.57
17572,40.02,-76.15
17573,40.02,-76.3
17575,40.06,-76.43
17576,40.04,-76.2
17577,40.02,-76.3
17578,40.17,-76.33
17579,40.08,-76.11
17580,40.12,-76.21
17581,40.16,-76.05
17582,39.99,-76.43
17583,39.97,-76.29
17584,39.96,-76.26
17585,40.05,-76.21
17601,40.08,-76.31
17602,40.0,-76.25
17603,40.01,-76.37
17604,40.07,-76.34
17605,40.02,-76.3
17606,40.11,-76.31
17607,40.02,-76.3
17608,40.02,-76.3
17699,40.02,-76.3
17701,41.27,-76.96
17702,41.19,-77.05
17703,41.33,-77.02
17705,41.33,-77.02
17720,41.19,-77.22
17721,41.19,-77.32
17722,41.33,-77.02
17723,41.33,-77.02
17724,41.64,-76.84
17726,41.12,-77.43
17727,41.33,-77.02
17728,41.26,-76.95
17729,41.74,-77.9
17730,41.11,-76.88
17731,41.43,-76.52
17735,41.77,-76.52
17737,41.28,-76.68
17738,41.22,-77.62
17739,41.33,-77.02
17740,41.21,-77.03
17742,41.23,-76.59
17743,41.77,-76.52
17744,41.25,-77.16
17745,41.23,-77.64
17747,41.02,-77.34
17748,41.14,-77.37
17749,41.07,-76.82
17750,41.03,-77.5
17751,41.07,-77.48
17752,41.21,-76.86
17754,41.31,-76.88
17756,41.24,-76.74
17758,41.43,-76.52
17759,41.22,-77.12
17760,41.22,-77.62
17762,41.22,-76.66
17763,41.5,-76.95
17764,41.31,-77.57
17765,41.77,-77.24
17767,41.22,-77.62
17768,41.43,-76.52
17769,41.33,-77.02
17771,41.44,-77.06
17772,41.1,-76.82
17773,41.22,-77.62
17774,41.23,-76.65
17776,41.38,-77.33
17777,41.1,-76.85
17778,41.27,-77.97
17779,41.19,-77.37
17801,40.87,-76.74
17810,40.98,-77.08
17812,40.73,-77.27
17813,40.75,-77.17
17814,41.22,-76.4
17815,41.01,-76.43
17820,41.02,-76.44
17821,40.99,-76.65
17822,40.97,-76.6
17823,40.89,-76.66
17824,40.86,-76.55
17825,40.89,-76.66
17827,40.77,-76.94
17828,40.89,-76.66
17829,40.88,-77.19
17830,40.89,-76.66
17831,40.83,-76.84
17832,40.81,-76.46
17833,40.76,-77.08
17834,40.79,-76.48
17835,40.98,-77.08
17836,40.89,-76.66
17837,40.97,-76.95
17839,41.02,-76.44
17840,40.77,-76.44
17841,40.77,-77.15
17842,40.78,-77.12
17843,40.76,-77.08
17844,40.95,-77.01
17845,40.98,-77.08
17846,41.14,-76.53
17847,40.99,-76.85
17850,40.89,-76.66
17851,40.8,-76.43
17853,40.72,-77.01
17855,40.88,-76.98
17856,41.05,-76.9
17857,40.91,-76.78
17858,41.04,-76.42
17859,41.06,-76.42
17860,40.89,-76.66
17861,40.76,-77.08
17862,40.86,-77.06
17864,40.7,-76.9
17865,40.89,-76.66
17866,40.79,-76.55
17867,40.89,-76.66
17868,40.95,-76.63
17870,40.83,-76.86
17872,40.79,-76.6
17876,40.85,-76.82
17877,40.88,-76.67
17878,41.12,-76.41
17880,40.98,-77.08
17881,40.78,-76.67
17882,40.76,-77.08
17883,40.98,-77.08
17884,41.03,-76.65
17885,40.98,-77.08
17886,41.02,-76.87
17887,40.98,-77.08
17888,40.82,-76.37
17889,40.91,-76.86
17901,40.71,-76.28
17920,40.82,-76.35
17921,40.69,-76.3
17922,40.6,-76.15
17923,40.68,-76.32
17925,40.75,-76.06
17927,40.8,-76.34
17929,40.68,-76.17
17930,40.71,-76.14
17931,40.69,-76.35
17932,40.65,-76.5
17933,40.6,-76.25
17934,40.8,-76.22
17935,40.8,-76.27
17936,40.75,-76.34
17938,40.69,-76.54
17941,40.69,-76.58
17942,40.72,-76.23
17943,40.76,-76.39
17944,40.68,-76.28
17945,40.77,-76.37
17946,40.81,-76.24
17948,40.73,-76.31
17949,40.79,-76.24
17951,40.68,-76.24
17952,40.75,-76.06
17953,40.73,-76.09
17954,40.71,-76.2
17957,40.59,-76.52
17959,40.68,-76.16
17960,40.7,-75.96
17961,40.62,-76.21
17963,40.58,-76.34
17964,40.72,-76.49
17965,40.77,-76.2
17966,40.72,-76.23
17967,40.86,-76.23
17968,40.64,-76.59
17970,40.71,-76.28
17972,40.6,-76.15
17974,40.69,-76.23
17976,40.76,-76.15
17978,40.63,-76.62
17979,40.55,-76.2
17980,40.59,-76.54
17981,40.69,-76.31
17982,40.78,-76.01
17983,40.65,-76.53
17985,40.91,-76.19
18001,40.69,-75.47
18002,40.67,-75.43
18003,40.69,-75.47
18010,40.69,-75.47
18011,40.51,-75.6
18012,40.81,-75.59
18013,40.77,-75.32
18014,40.73,-75.35
18015,40.59,-75.35
18016,40.69,-75.47
18017,40.66,-75.39
18018,40.63,-75.38
18020,40.67,-75.33
18025,40.69,-75.47
18030,40.8,-75.66
18031,40.55,-75.54
18032,40.6,-75.47
18034,40.54,-75.41
18035,40.75,-75.54
18036,40.5,-75.41
18037,40.62,-75.49
18038,40.79,-75.48
18039,40.33,-75.1
18040,40.81,-75.21
18041,40.38,-75.52
18042,40.68,-75.26
18043,40.79,-75.14
18044,40.69,-75.47
18045,40.7,-75.29
18046,40.54,-75.57
18049,40.52,-75.5
18050,40.69,-75.47
18051,40.6,-75.66
18052,40.66,-75.5
18053,40.72,-75.7
18054,40.29,-75.45
18055,40.59,-75.31
18056,40.45,-75.58
18058,40.9,-75.48
18059,40.72,-75.53
18060,40.53,-75.58
18062,40.52,-75.57
18063,40.78,-75.17
18064,40.74,-75.27
18065,40.7,-75.61
18066,40.65,-75.76
18067,40.72,-75.37
18068,40.69,-75.47
18069,40.63,-75.62
18070,40.43,-75.53
18071,40.86,-75.59
18072,40.84,-75.26
18073,40.37,-75.48
18074,40.32,-75.5
18076,40.39,-75.51
18077,40.57,-75.24
18078,40.67,-75.62
18079,40.75,-75.66
18080,40.73,-75.62
18081,40.33,-75.1
18083,40.77,-75.36
18084,40.33,-75.45
18085,40.74,-75.25
18086,40.74,-75.54
18087,40.55,-75.6
18088,40.76,-75.43
18091,40.8,-75.31
18092,40.47,-75.51
18098,40.69,-75.47
18099,40.69,-75.47
18101,40.61,-75.47
18102,40.61,-75.48
18103,40.6,-75.47
18104,40.62,-75.55
18105,40.69,-75.47
18106,40.58,-75.59
18109,40.69,-75.47
18175,40.59,-75.62
18195,40.58,-75.58
18201,40.96,-76.01
18202,40.95,-76.05
18210,41.01,-75.56
18211,40.74,-75.83
18212,40.78,-75.71
18214,40.81,-76.04
18216,40.93,-75.92
18218,40.86,-76.01
18219,40.99,-76.06
18220,40.84,-76.07
18221,41.0,-75.91
18222,41.03,-76.0
18223,41.27,-75.88
18224,41.02,-75.88
18225,40.99,-75.96
18229,40.9,-75.76
18230,40.93,-75.74
18231,40.9,-76.01
18232,40.87,-75.92
18234,40.99,-75.96
18235,40.89,-75.74
18237,40.9,-76.0
18239,41.0,-75.98
18240,40.93,-75.76
18241,40.92,-76.15
18242,40.91,-76.12
18243,41.0,-75.97
18244,40.82,-75.67
18245,40.72,-76.23
18246,40.95,-76.17
18247,41.01,-76.06
18248,40.9,-76.12
18249,40.98,-76.08
18250,40.91,-75.74
18251,41.27,-75.88
18252,40.8,-75.94
18254,40.92,-75.94
18255,40.91,-75.78
18256,40.94,-76.15
18301,41.09,-75.2
18320,41.07,-75.24
18321,41.08,-75.32
18322,41.05,-75.33
18323,41.03,-75.31
18324,41.19,-74.98
18325,41.19,-75.29
18326,41.15,-75.28
18327,40.99,-75.15
18328,41.23,-74.97
18330,41.03,-75.45
18331,40.95,-75.37
18332,41.03,-75.32
18333,40.95,-75.5
18334,41.06,-75.47
18335,41.05,-75.21
18336,41.37,-74.74
18337,41.32,-74.88
18340,41.41,-74.75
18341,40.99,-75.3
18342,41.15,-75.29
18343,40.9,-75.1
18344,41.14,-75.37
18346,41.09,-75.3
18347,41.14,-75.56
18348,41.03,-75.31
18349,41.12,-75.46
18350,41.08,-75.52
18351,40.92,-75.1
18352,40.99,-75.35
18353,41.01,-75.25
18354,40.94,-75.29
18355,41.09,-75.36
18356,41.03,-75.1
18357,41.23,-75.24
18360,41.04,-75.37
18370,41.11,-75.35
18371,41.34,-75.02
18372,41.1,-75.32
18373,41.34,-75.02
18401,41.62,-75.27
18403,41.49,-75.53
18405,41.58,-75.13
18407,41.58,-75.51
18410,41.49,-75.69
18411,41.46,-75.68
18413,41.65,-75.61
18414,41.54,-75.72
18415,41.7,-75.13
18416,41.38,-75.55
18417,41.8,-75.21
18419,41.56,-75.78
18420,41.4,-75.64
18421,41.65,-75.53
18424,41.35,-75.33
18425,41.42,-75.02
18426,41.32,-75.2
18427,41.42,-75.34
18428,41.48,-75.24
18430,41.82,-75.8
18431,41.56,-75.27
18433,41.56,-75.62
18434,41.5,-75.57
18435,41.48,-75.01
18436,41.45,-75.32
18437,41.62,-75.28
18438,41.43,-75.3
18439,41.83,-75.4
18440,41.55,-75.77
18441,41.82,-75.8
18443,41.67,-75.12
18444,41.32,-75.54
18445,41.36,-75.38
18446,41.63,-75.79
18447,41.49,-75.65
18448,41.46,-75.6
18449,41.62,-75.27
18451,41.34,-75.02
18452,41.35,-75.55
18453,41.62,-75.27
18454,41.62,-75.27
18455,41.62,-75.27
18456,41.62,-75.27
18457,41.34,-75.02
18458,41.41,-74.93
18459,41.62,-75.27
18460,41.26,-75.37
18461,41.62,-75.27
18462,41.9,-75.42
18463,41.38,-75.32
18464,41.4,-75.19
18465,41.84,-75.53
18466,41.18,-75.46
18469,41.62,-75.27
18470,41.7,-75.53
18471,41.52,-75.69
18472,41.61,-75.37
18473,41.54,-75.22
18501,41.4,-75.64
18502,41.35,-75.69
18503,41.41,-75.67
18504,41.42,-75.69
18505,41.41,-75.65
18507,41.36,-75.71
18508,41.44,-75.67
18509,41.43,-75.65
18510,41.4,-75.65
18512,41.44,-75.61
18514,41.4,-75.64
18515,41.4,-75.71
18517,41.38,-75.71
18518,41.37,-75.73
18519,41.46,-75.63
18522,41.4,-75.64
18540,41.4,-75.64
18577,41.4,-75.64
18601,41.27,-75.88
18602,41.19,-75.72
18603,41.06,-76.3
18610,41.09,-75.5
18611,41.11,-75.78
18612,41.27,-76.0
18614,41.52,-76.4
18615,41.45,-75.86
18616,41.43,-76.52
18617,41.27,-76.05
18618,41.37,-75.97
18619,41.43,-76.52
18621,41.28,-76.06
18622,41.27,-75.88
18623,41.63,-76.15
18624,41.05,-75.61
18625,41.51,-75.84
18626,41.43,-76.52
18627,41.32,-76.02
18628,41.43,-76.52
18629,41.28,-75.96
18630,41.28,-75.96
18631,40.99,-76.29
18632,41.43,-76.52
18634,41.25,-76.01
18635,41.05,-76.19
18636,41.28,-75.96
18640,41.3,-75.86
18641,41.24,-75.87
18642,41.22,-75.94
18643,41.26,-75.82
18644,41.34,-75.91
18651,41.29,-75.99
18653,41.39,-75.82
18654,41.35,-76.03
18655,41.15,-76.11
18656,41.29,-76.14
18657,41.57,-75.98
18660,41.14,-76.04
18661,41.11,-75.91
18690,41.27,-75.88
18701,41.2,-75.88
18702,41.21,-75.84
18703,41.24,-75.89
18704,41.28,-75.91
18705,41.26,-75.85
18706,41.23,-75.9
18707,41.17,-75.96
18708,41.24,-75.95
18709,41.29,-75.9
18710,41.27,-75.88
18711,41.27,-75.88
18761,41.27,-75.88
18762,41.27,-75.88
18763,41.27,-75.88
18764,41.27,-75.88
18765,41.27,-75.88
18766,41.24,-75.89
18767,41.27,-75.88
18768,41.27,-75.88
18769,41.27,-75.88
18773,41.27,-75.88
18774,41.27,-75.88
18801,41.84,-75.83
18810,41.86,-76.49
18812,41.82,-75.8
18813,41.82,-75.8
18814,41.77,-76.52
18815,41.77,-76.52
18816,41.82,-75.8
18817,41.77,-76.52
18818,41.82,-75.8
18820,41.82,-75.8
18821,41.97,-75.74
18822,41.96,-75.75
18823,41.82,-75.8
18824,41.7,-75.77
18825,41.82,-75.8
18826,41.77,-75.73
18827,41.96,-75.64
18828,41.82,-75.8
18829,41.77,-76.52
18830,41.82,-75.8
18831,41.88,-76.59
18832,41.71,-76.49
18833,41.6,-76.44
18834,41.89,-75.69
18837,41.77,-76.52
18839,41.82,-75.8
18840,41.98,-76.6
18842,41.82,-75.8
18843,41.82,-75.88
18844,41.82,-75.8
18845,41.77,-76.52
18846,41.77,-76.52
18847,41.96,-75.66
18848,41.77,-76.39
18850,41.81,-76.55
18851,41.77,-76.52
18853,41.67,-76.27
18854,41.77,-76.52
18901,40.33,-75.12
18910,40.33,-75.1
18911,40.33,-75.1
18912,40.31,-75.07
18913,40.38,-75.04
18914,40.29,-75.2
18915,40.27,-75.26
18916,40.33,-75.1
18917,40.38,-75.2
18918,40.32,-75.37
18920,40.49,-75.1
18921,40.33,-75.1
18922,40.33,-75.1
18923,40.27,-75.12
18924,40.31,-75.36
18925,40.28,-75.06
18926,40.39,-75.1
18927,40.32,-75.25
18928,40.34,-75.04
18929,40.25,-75.09
18930,40.54,-75.21
18931,40.33,-75.1
18932,40.3,-75.25
18933,40.33,-75.1
18934,40.35,-75.07
18935,40.33,-75.1
18936,40.24,-75.24
18938,40.36,-75.0
18940,40.26,-74.96
18942,40.46,-75.17
18943,40.27,-75.01
18944,40.39,-75.23
18946,40.27,-75.06
18947,40.43,-75.12
18949,40.39,-75.14
18950,40.42,-75.07
18951,40.45,-75.22
18953,40.33,-75.1
18954,40.22,-75.0
18955,40.48,-75.31
18956,40.26,-75.02
18957,40.3,-75.45
18958,40.29,-75.44
18960,40.36,-75.32
18962,40.34,-75.27
18963,40.33,-75.1
18964,40.29,-75.34
18966,40.19,-75.01
18968,40.33,-75.1
18969,40.33,-75.38
18970,40.33,-75.1
18971,40.35,-75.38
18972,40.53,-75.12
18974,40.21,-75.04
18976,40.24,-75.14
18977,40.28,-74.88
18979,40.21,-75.36
18980,40.27,-75.02
18981,40.33,-75.1
18991,40.33,-75.1
19001,40.12,-75.11
19002,40.18,-75.22
19003,40.0,-75.31
19004,40.01,-75.23
19006,40.13,-75.06
19007,40.12,-74.85
19008,39.97,-75.37
19009,40.14,-75.06
19010,39.96,-75.34
19012,40.06,-75.1
19013,39.88,-75.44
19014,39.87,-75.4
19015,39.91,-75.37
19016,39.93,-75.41
19017,39.88,-75.47
19018,39.92,-75.3
19019,40.0,-75.12
19020,40.13,-74.99
19021,40.09,-74.89
19022,39.9,-75.32
19023,39.92,-75.27
19025,40.16,-75.41
19026,39.94,-75.31
19027,40.08,-75.13
19028,39.93,-75.41
19029,39.87,-75.29
19030,40.18,-74.83
19031,40.11,-75.22
19032,39.9,-75.28
19033,39.89,-75.33
19034,40.13,-75.21
19035,40.04,-75.28
19036,39.9,-75.29
19037,39.93,-75.41
19038,40.1,-75.18
19039,39.88,-75.34
19040,40.18,-75.11
19041,40.0,-75.32
19043,39.9,-75.31
19044,40.19,-75.15
19046,40.1,-75.11
19047,40.29,-75.07
19048,40.17,-74.92
19049,40.33,-75.1
19050,39.91,-75.29
19052,39.89,-75.45
19053,40.15,-74.99
19054,40.17,-74.82
19055,40.15,-74.84
19056,40.15,-74.88
19057,40.14,-74.85
19058,40.33,-75.1
19059,40.33,-75.1
19061,39.85,-75.42
19063,39.92,-75.4
19064,39.93,-75.34
19065,39.92,-75.39
19066,40.0,-75.25
19067,40.21,-74.83
19070,39.91,-75.33
19072,40.02,-75.26
19073,39.96,-75.4
19074,39.89,-75.3
19075,40.11,-75.19
19076,39.89,-75.31
19078,39.88,-75.32
19079,39.9,-75.27
19080,40.04,-75.36
19081,39.9,-75.34
19082,39.95,-75.29
19083,39.97,-75.31
19085,40.03,-75.37
19086,39.9,-75.37
19087,39.99,-75.37
19088,39.93,-75.41
19089,40.04,-75.36
19090,40.16,-75.11
19091,39.93,-75.41
19092,40.0,-75.12
19093,40.0,-75.12
19094,39.88,-75.35
19095,40.09,-75.15
19096,40.05,-75.16
19098,39.9,-75.31
19099,40.0,-75.12
19101,40.0,-75.12
19102,39.95,-75.17
19103,40.0,-75.19
19104,39.96,-75.2
19105,40.0,-75.12
19106,39.95,-75.15
19107,39.96,-75.16
19108,39.96,-75.16
19109,39.95,-75.16
19110,39.95,-75.16
19111,40.06,-75.08
19112,39.89,-75.18
19113,39.87,-75.28
19114,40.02,-75.07
19115,40.08,-75.05
19116,40.1,-75.01
19118,40.07,-75.2
19119,40.07,-75.12
19120,40.03,-75.12
19121,39.98,-75.17
19122,39.98,-75.14
19123,39.98,-75.12
19124,40.02,-75.09
19125,39.98,-75.13
19126,40.06,-75.13
19127,40.02,-75.22
19128,40.05,-75.18
19129,40.02,-75.17
19130,40.0,-75.17
19131,40.0,-75.21
19132,40.04,-75.12
19133,39.99,-75.14
19134,39.99,-75.11
19135,40.02,-75.1
19136,40.04,-75.02
19137,39.99,-75.15
19138,40.06,-75.16
19139,40.0,-75.12
19140,40.01,-75.13
19141,40.01,-75.15
19142,39.96,-75.16
19143,39.96,-75.19
19144,40.03,-75.18
19145,39.92,-75.19
19146,39.95,-75.18
19147,39.94,-75.16
19148,39.95,-75.16
19149,40.02,-75.08
19150,40.07,-75.17
19151,39.99,-75.21
19152,40.01,-75.09
19153,39.9,-75.23
19154,40.08,-75.02
19155,40.0,-75.12
19160,40.0,-75.12
19161,40.0,-75.12
19162,40.0,-75.12
19170,40.0,-75.12
19171,40.0,-75.12
19172,39.95,-75.15
19173,40.0,-75.12
19175,39.99,-75.13
19177,40.0,-75.12
19178,40.0,-75.12
19179,40.0,-75.12
19181,40.0,-75.12
19182,40.0,-75.12
19183,40.0,-75.12
19184,40.0,-75.12
19185,40.0,-75.12
19187,40.0,-75.12
19188,40.0,-75.12
19191,40.0,-75.12
19192,39.95,-75.17
19193,40.0,-75.12
19194,40.0,-75.12
19196,40.0,-75.12
19197,40.0,-75.12
19244,40.0,-75.12
19255,40.0,-75.12
19301,40.04,-75.49
19310,39.94,-75.96
19311,39.87,-75.84
19312,40.03,-75.46
19316,40.05,-75.84
19317,39.87,-75.56
19318,39.85,-75.81
19319,39.92,-75.52
19320,39.97,-75.83
19330,39.92,-75.93
19331,39.88,-75.52
19333,40.04,-75.43
19335,40.03,-75.72
19339,39.93,-75.41
19340,39.93,-75.41
19341,40.05,-75.64
19342,39.9,-75.48
19343,40.1,-75.75
19344,40.09,-75.87
19345,39.85,-75.72
19346,39.98,-75.75
19347,39.98,-75.75
19348,39.87,-75.72
19350,39.77,-75.8
19351,39.98,-75.75
19352,39.78,-75.89
19353,40.01,-75.5
19354,40.06,-75.74
19355,40.03,-75.71
19357,39.98,-75.75
19358,39.96,-75.8
19360,39.73,-75.79
19362,39.76,-76.04
19363,39.85,-75.96
19365,40.0,-75.83
19366,39.98,-75.75
19367,39.97,-75.9
19369,39.99,-75.89
19370,39.98,-75.75
19371,39.98,-75.75
19372,39.99,-75.82
19373,39.91,-75.54
19374,39.87,-75.85
19375,39.9,-75.75
19376,39.98,-75.75
19380,39.98,-75.61
19381,39.98,-75.75
19382,39.91,-75.63
19383,39.95,-75.6
19390,39.84,-75.85
19395,39.93,-75.54
19397,39.98,-75.75
19398,39.98,-75.75
19399,39.98,-75.75
19401,40.15,-75.36
19403,40.12,-75.36
19404,40.21,-75.36
19405,40.12,-75.36
19406,40.18,-75.39
19407,40.21,-75.36
19408,40.16,-75.41
19409,40.21,-75.36
19415,40.16,-75.4
19420,40.15,-75.46
19421,39.98,-75.75
19422,40.16,-75.28
19423,40.22,-75.36
19424,40.21,-75.36
19425,40.1,-75.64
19426,40.24,-75.43
19428,40.08,-75.3
19429,40.21,-75.36
19430,40.19,-75.42
19432,40.08,-75.56
19435,40.31,-75.55
19436,40.2,-75.25
19437,40.18,-75.26
19438,40.27,-75.4
19440,40.28,-75.36
19441,40.21,-75.36
19442,40.15,-75.62
19443,40.24,-75.34
19444,40.09,-75.26
19446,40.22,-75.29
19450,40.21,-75.36
19451,40.21,-75.36
19452,40.21,-75.36
19453,40.15,-75.5
19454,40.22,-75.24
19455,40.21,-75.36
19456,40.13,-75.45
19457,40.21,-75.6
19460,40.13,-75.54
19462,40.14,-75.35
19464,40.26,-75.62
19465,40.19,-75.67
19468,40.21,-75.49
19470,40.19,-75.73
19472,40.34,-75.58
19473,40.22,-75.48
19474,40.23,-75.4
19475,40.15,-75.61
19477,40.19,-75.23
19478,40.28,-75.46
19480,40.1,-75.69
19481,40.09,-75.45
19482,40.08,-75.46
19483,40.21,-75.36
19484,40.21,-75.36
19485,40.21,-75.36
19486,40.2,-75.3
19487,39.98,-75.75
19488,39.98,-75.75
19489,39.98,-75.75
19490,40.19,-75.36
19492,40.29,-75.5
19493,39.98,-75.75
19494,39.98,-75.75
19495,39.98,-75.75
19496,39.98,-75.75
19501,40.24,-76.06
19503,40.45,-75.71
19504,40.34,-75.72
19505,40.46,-75.74
19506,40.45,-75.91
19507,40.49,-76.27
19508,40.4,-75.89
19510,40.37,-75.89
19511,40.48,-75.74
19512,40.36,-75.87
19516,40.49,-76.01
19518,40.37,-75.85
19519,40.32,-75.73
19520,40.16,-75.79
19522,40.33,-75.81
19523,40.19,-75.89
19525,40.31,-75.58
19526,40.37,-75.86
19529,40.63,-75.88
19530,40.47,-75.78
19533,40.42,-75.86
19534,40.57,-75.86
19535,40.34,-75.8
19536,40.52,-75.74
19538,40.57,-75.74
19539,40.43,-75.8
19540,40.32,-75.8
19541,40.4,-76.04
19542,40.26,-75.77
19543,40.37,-75.89
19544,40.42,-76.29
19545,40.34,-75.63
19547,40.34,-75.9
19548,40.41,-75.98
19549,40.72,-76.23
19550,40.46,-76.25
19551,40.33,-75.89
19554,40.51,-76.14
19555,40.41,-75.89
19557,40.61,-75.81
19559,40.49,-76.19
19560,40.4,-75.89
19562,40.48,-75.85
19564,40.53,-75.87
19565,40.34,-75.95
19567,40.43,-75.93
19601,40.36,-75.94
19602,40.33,-75.92
19603,40.39,-75.96
19604,40.36,-75.93
19605,40.4,-75.94
19606,40.34,-75.87
19607,40.3,-75.99
19608,40.32,-75.94
19609,40.33,-75.99
19610,40.34,-75.98
19611,40.3,-75.94
19612,40.44,-75.89
19640,40.41,-75.98
19701,39.59,-75.69
19702,39.61,-75.7
19703,39.8,-75.46
19706,39.59,-75.61
19707,39.64,-75.68
19708,39.58,-75.69
19709,39.49,-75.68
19710,39.76,-75.64
19711,39.67,-75.69
19712,39.56,-75.6
19713,39.67,-75.72
19714,39.56,-75.6
19715,39.56,-75.6
19716,39.56,-75.6
19717,39.56,-75.6
19718,39.56,-75.6
19720,39.59,-75.65
19721,39.56,-75.6
19725,39.56,-75.6
19726,39.56,-75.6
19730,39.51,-75.63
19731,39.51,-75.59
19732,39.79,-75.57
19733,39.56,-75.65
19734,39.43,-75.65
19735,39.79,-75.6
19736,39.8,-75.66
19801,39.73,-75.55
19802,39.72,-75.59
19803,39.8,-75.53
19804,39.76,-75.62
19805,39.74,-75.59
19806,39.76,-75.57
19807,39.79,-75.62
19808,39.74,-75.66
19809,39.76,-75.51
19810,39.76,-75.53
19850,39.56,-75.6
19880,39.56,-75.6
19884,39.56,-75.6
19885,39.56,-75.6
19886,39.56,-75.6
19887,39.56,-75.6
19889,39.56,-75.6
19890,39.56,-75.6
19891,39.56,-75.6
19892,39.56,-75.6
19893,39.56,-75.6
19894,39.56,-75.6
19895,39.56,-75.6
19896,39.56,-75.6
19897,39.56,-75.6
19898,39.56,-75.6
19899,39.73,-75.62
19901,39.16,-75.5
19902,39.11,-75.45
19903,39.11,-75.45
19904,39.16,-75.6
19905,39.11,-75.45
19906,39.16,-75.52
19930,38.56,-75.19
19931,38.57,-75.62
19933,38.66,-75.33
19934,39.09,-75.61
19936,39.22,-75.58
19938,39.25,-75.69
19939,38.62,-75.18
19940,38.63,-75.32
19941,38.65,-75.28
19943,39.03,-75.61
19944,38.49,-75.06
19945,38.55,-75.16
19946,39.02,-75.48
19947,38.63,-75.33
19950,38.82,-75.59
19951,38.69,-75.23
19952,38.91,-75.61
19953,39.16,-75.68
19954,38.89,-75.52
19955,39.23,-75.66
19956,38.66,-75.38
19958,38.66,-75.33
19960,38.85,-75.41
19961,39.17,-75.45
19962,38.97,-75.59
19963,38.73,-75.32
19964,39.14,-75.67
19966,38.66,-75.25
19967,38.7,-75.24
19968,38.69,-75.32
19969,38.73,-75.35
19970,38.62,-75.1
19971,38.63,-75.32
19973,38.66,-75.38
19975,38.55,-75.33
19977,39.19,-75.57
19979,38.97,-75.58
19980,39.07,-75.57
20001,38.91,-77.02
20002,38.91,-76.98
20003,38.86,-76.99
20004,38.89,-77.02
20005,38.9,-77.03
20006,38.9,-77.04
20007,38.91,-77.08
20008,38.94,-77.06
20009,38.92,-77.04
20010,38.93,-77.03
20011,38.95,-77.02
20012,38.98,-77.03
20013,38.89,-77.01
20015,38.97,-77.07
20016,38.94,-77.09
20017,38.94,-76.99
20018,38.93,-76.98
20019,38.89,-76.94
20020,38.86,-76.97
20024,38.88,-77.02
20026,38.89,-77.01
20029,38.89,-77.01
20030,38.89,-77.01
20032,38.84,-77.0
20033,38.89,-77.01
20035,38.89,-77.01
20036,38.9,-77.04
20037,38.92,-77.06
20038,38.89,-77.01
20039,38.89,-77.01
20040,38.89,-77.01
20041,38.89,-77.01
20042,38.89,-77.01
20043,38.89,-77.01
20044,38.89,-77.01
20045,38.9,-77.03
20046,38.89,-77.01
20047,38.89,-77.01
20049,38.9,-77.02
20050,38.89,-77.01
20051,38.89,-77.01
20052,38.9,-77.05
20053,38.89,-77.01
20055,38.9,-77.02
20056,38.89,-77.01
20057,38.89,-77.01
20058,38.89,-77.01
20059,38.89,-77.01
20060,38.92,-77.02
20061,38.89,-77.01
20062,38.9,-77.04
20063,38.91,-77.05
20064,38.93,-77.0
20065,38.88,-77.03
20066,38.89,-77.01
20067,38.89,-77.01
20068,38.89,-77.01
20069,38.89,-77.01
20070,38.89,-77.01
20071,38.89,-77.01
20073,38.9,-77.03
20074,38.89,-77.01
20075,38.89,-77.01
20076,38.89,-77.01
20077,38.89,-77.01
20078,38.89,-77.01
20080,38.89,-77.01
20081,38.89,-77.01
20082,38.89,-77.01
20088,38.89,-77.01
20090,38.89,-77.01
20091,38.89,-77.01
20097,38.89,-77.01
20098,38.89,-77.01
20099,38.89,-77.01
20101,39.0,-77.44
20102,39.09,-77.65
20103,39.0,-77.45
20104,39.09,-77.65
20105,38.96,-77.6
20106,38.68,-78.02
20107,38.97,-77.53
20108,38.74,-77.49
20109,38.76,-77.49
20110,38.75,-77.49
20111,38.77,-77.45
20112,38.77,-77.45
20113,38.77,-77.45
20115,38.84,-77.89
20116,38.85,-77.86
20117,39.03,-77.69
20118,39.01,-77.77
20119,38.64,-77.64
20120,38.84,-77.47
20121,38.82,-77.46
20122,38.83,-77.29
20124,38.78,-77.38
20128,38.74,-77.98
20129,39.16,-77.61
20130,39.0,-77.95
20131,39.06,-77.74
20132,39.14,-77.73
20134,39.15,-77.7
20135,39.08,-77.85
20136,38.73,-77.55
20137,38.82,-77.74
20138,38.63,-77.69
20139,38.65,-77.7
20140,38.92,-77.86
20141,39.12,-77.78
20142,39.13,-77.77
20143,38.85,-77.57
20144,38.91,-77.97
20146,39.09,-77.65
20147,39.04,-77.48
20148,39.01,-77.53
20149,39.09,-77.65
20151,38.89,-77.45
20152,38.9,-77.51
20153,38.83,-77.29
20155,38.82,-77.62
20156,38.72,-77.47
20158,39.14,-77.66
20159,39.13,-77.66
20160,39.1,-77.69
20163,39.09,-77.65
20164,39.02,-77.4
20165,39.05,-77.39
20166,38.98,-77.47
20167,39.09,-77.65
20168,38.72,-77.47
20169,38.87,-77.64
20170,38.98,-77.37
20171,38.93,-77.39
20172,38.83,-77.29
20175,39.04,-77.61
20176,39.12,-77.6
20177,39.16,-77.67
20178,39.07,-77.61
20180,39.22,-77.66
20181,38.7,-77.55
20182,38.7,-77.59
20184,38.96,-77.88
20185,38.99,-77.88
20186,38.69,-77.84
20187,38.72,-77.74
20188,38.77,-77.82
20190,38.96,-77.34
20191,38.93,-77.35
20192,38.83,-77.29
20193,38.83,-77.29
20194,38.98,-77.34
20195,38.83,-77.29
20196,38.83,-77.29
20197,39.19,-77.63
20198,38.87,-77.76
20199,39.09,-77.65
20201,38.89,-77.01
20202,38.89,-77.01
20203,38.91,-77.05
20204,38.89,-77.01
20206,38.89,-77.01
20207,38.89,-77.01
20208,38.9,-77.01
20210,38.89,-77.01
20211,38.89,-77.01
20212,38.89,-77.01
20213,38.89,-77.01
20214,38.89,-77.01
20215,38.89,-77.01
20216,38.89,-77.01
20217,38.89,-77.01
20218,38.89,-77.01
20219,38.89,-77.01
20220,38.89,-77.01
20221,38.89,-77.01
20222,38.89,-77.01
20223,38.89,-77.01
20224,38.89,-77.01
20226,38.89,-77.01
20227,38.89,-77.01
20228,38.89,-77.01
20229,38.89,-77.01
20230,38.89,-77.01
20231,38.89,-77.01
20232,38.9,-77.04
20233,38.89,-77.01
20235,38.92,-77.06
20237,38.89,-77.02
20238,38.89,-77.01
20239,38.89,-77.01
20240,38.9,-77.04
20241,38.89,-77.01
20242,38.87,-77.03
20244,38.89,-77.01
20245,38.89,-77.01
20250,38.89,-77.03
20251,38.89,-77.01
20254,38.89,-77.01
20260,38.89,-77.01
20261,38.89,-77.01
20262,38.89,-77.01
20265,38.89,-77.01
20266,38.89,-77.01
20268,38.89,-77.01
20270,38.89,-77.01
20277,38.89,-77.01
20289,38.89,-77.01
20299,38.89,-77.01
20301,38.89,-77.03
20303,38.89,-77.01
20306,38.89,-77.01
20307,38.89,-77.01
20310,38.89,-77.01
20314,38.89,-77.01
20315,38.93,-77.02
20317,38.93,-77.01
20318,38.89,-77.01
20319,38.87,-77.02
20330,38.89,-77.01
20332,38.83,-77.02
20336,38.86,-77.02
20337,38.89,-77.01
20338,38.89,-77.01
20340,38.89,-77.01
20350,38.89,-77.01
20370,38.89,-77.01
20372,38.89,-77.01
20373,38.89,-77.01
20374,38.86,-77.0
20375,38.83,-77.02
20376,38.87,-77.0
20380,38.89,-77.01
20388,38.87,-77.0
20389,38.89,-77.01
20390,38.89,-77.01
20391,38.89,-77.01
20392,38.89,-77.01
20393,38.89,-77.01
20394,38.89,-77.01
20395,38.89,-77.01
20398,38.89,-77.01
20401,38.89,-77.01
20402,38.89,-77.01
20403,38.89,-77.01
20404,38.9,-77.01
20405,38.89,-77.01
20406,38.89,-77.01
20407,38.89,-77.01
20408,38.89,-77.01
20409,38.89,-77.01
20410,38.89,-77.01
20411,38.88,-77.02
20412,38.9,-77.02
20413,38.89,-77.01
20414,38.88,-77.02
20415,38.89,-77.01
20416,38.89,-77.01
20418,38.9,-77.06
20419,38.89,-77.01
20420,38.9,-77.03
20421,38.89,-77.01
20422,38.89,-77.01
20423,38.89,-77.01
20424,38.89,-77.01
20425,38.89,-77.01
20426,38.89,-77.01
20427,38.89,-77.01
20428,38.89,-77.01
20429,38.89,-77.01
20431,38.9,-77.04
20433,38.9,-77.04
20434,38.89,-77.01
20435,38.9,-77.04
20436,38.9,-77.02
20437,38.9,-77.05
20439,38.89,-77.01
20440,38.91,-77.05
20441,38.92,-77.04
20442,38.9,-77.02
20444,38.89,-77.01
20447,38.88,-77.03
20451,38.9,-77.04
20453,38.89,-77.01
20456,38.9,-77.04
20460,38.88,-77.02
20463,38.89,-77.01
20468,38.89,-77.01
20469,38.89,-77.01
20470,38.89,-77.01
20472,38.89,-77.01
20500,38.9,-77.04
20501,38.9,-77.04
20502,38.9,-77.04
20503,38.9,-77.04
20504,38.89,-77.01
20505,38.89,-77.01
20506,38.9,-77.04
20507,38.89,-77.01
20508,38.89,-77.01
20510,38.89,-77.01
20515,38.89,-77.01
20520,38.89,-77.05
20521,38.89,-77.01
20522,38.89,-77.05
20523,38.89,-77.05
20524,38.9,-77.03
20525,38.89,-77.01
20526,38.9,-77.04
20527,38.9,-77.04
20530,38.9,-77.03
20531,38.89,-77.02
20532,38.9,-77.02
20533,38.9,-77.03
20534,38.89,-77.01
20535,38.89,-77.03
20536,38.9,-77.02
20537,38.89,-77.03
20538,38.89,-77.01
20539,38.89,-77.01
20540,38.89,-77.0
20541,38.89,-77.0
20542,38.94,-77.03
20543,38.89,-77.01
20544,38.89,-77.01
20546,38.89,-77.02
20547,38.89,-77.01
20548,38.9,-77.02
20549,38.89,-77.01
20550,38.89,-77.01
20551,38.89,-77.05
20552,38.89,-77.01
20553,38.89,-77.02
20554,38.89,-77.01
20555,38.9,-77.04
20557,38.89,-77.0
20558,38.89,-77.01
20559,38.89,-77.0
20560,38.89,-77.01
20565,38.89,-77.02
20566,38.9,-77.06
20570,38.9,-77.04
20571,38.9,-77.03
20572,38.89,-77.01
20573,38.89,-77.01
20575,38.89,-77.01
20576,38.89,-77.02
20577,38.9,-77.03
20578,38.89,-77.01
20579,38.9,-77.04
20580,38.89,-77.01
20581,38.89,-77.01
20585,38.89,-77.01
20586,38.9,-77.05
20590,38.88,-77.02
20591,38.89,-77.01
20593,38.89,-77.01
20594,38.88,-77.02
20597,38.89,-77.01
20599,38.89,-77.01
20601,38.6,-76.87
20602,38.52,-76.91
20603,38.52,-77.06
20604,38.51,-76.98
20606,38.25,-76.75
20607,38.67,-77.0
20608,38.59,-76.71
20609,38.3,-76.74
20610,38.44,-76.53
20611,38.45,-76.98
20612,38.51,-76.69
20613,38.66,-76.82
20615,38.49,-76.57
20616,38.64,-77.08
20617,38.54,-76.85
20618,38.31,-76.76
20619,38.32,-76.64
20620,38.35,-76.62
20621,38.35,-76.78
20622,38.48,-76.75
20623,38.75,-76.84
20624,38.33,-76.73
20625,38.26,-76.85
20626,38.24,-76.76
20627,38.28,-76.7
20628,38.15,-76.36
20629,38.38,-76.43
20630,38.18,-76.47
20632,38.42,-76.95
20634,38.24,-76.5
20635,38.31,-76.61
20636,38.34,-76.57
20637,38.52,-76.78
20639,38.52,-76.55
20640,38.45,-77.05
20643,38.5,-77.15
20645,38.3,-76.88
20646,38.51,-77.01
20650,38.28,-76.66
20653,38.23,-76.43
20656,38.36,-76.68
20657,38.49,-76.46
20658,38.56,-77.16
20659,38.28,-76.61
20660,38.36,-76.69
20661,38.34,-76.88
20662,38.43,-77.19
20664,38.36,-76.92
20667,38.22,-76.43
20670,38.28,-76.42
20674,38.17,-76.5
20675,38.58,-77.02
20676,38.56,-76.53
20677,38.5,-77.04
20678,38.51,-76.53
20680,38.12,-76.37
20682,38.28,-76.85
20684,38.14,-76.39
20685,38.44,-76.52
20686,38.19,-76.42
20687,38.08,-76.35
20688,38.38,-76.44
20689,38.56,-76.54
20690,38.16,-76.53
20692,38.19,-76.5
20693,38.48,-77.08
20695,38.6,-76.99
20697,38.83,-76.88
20701,39.13,-76.8
20703,38.83,-76.88
20704,38.83,-76.88
20705,39.04,-76.89
20706,38.96,-76.86
20707,39.09,-76.88
20708,39.05,-76.83
20709,38.83,-76.88
20710,38.9,-76.93
20711,38.8,-76.65
20712,38.94,-76.97
20714,38.61,-76.6
20715,38.98,-76.74
20716,38.93,-76.71
20717,38.83,-76.88
20718,38.83,-76.88
20719,38.83,-76.88
20720,38.99,-76.79
20721,38.92,-76.79
20722,38.89,-76.87
20723,39.14,-76.87
20724,39.1,-76.8
20725,38.83,-76.88
20726,38.83,-76.88
20731,38.83,-76.88
20732,38.57,-76.53
20733,38.92,-76.53
20735,38.74,-76.91
20736,38.55,-76.56
20737,38.96,-76.92
20738,38.83,-76.88
20740,38.98,-76.9
20741,38.83,-76.88
20742,38.83,-76.88
20743,38.89,-76.89
20744,38.76,-76.98
20745,38.81,-76.96
20746,38.83,-76.91
20747,38.85,-76.89
20748,38.82,-76.94
20749,38.83,-76.88
20750,38.83,-76.88
20751,38.96,-76.62
20752,38.83,-76.88
20753,38.83,-76.88
20754,38.6,-76.6
20755,39.15,-76.69
20757,38.83,-76.88
20758,38.74,-76.58
20759,39.16,-76.93
20762,38.81,-76.88
20763,39.14,-76.82
20764,38.97,-76.59
20765,38.97,-76.55
20768,38.83,-76.88
20769,38.98,-76.81
20770,39.0,-76.88
20771,38.83,-76.88
20772,38.82,-76.79
20773,38.83,-76.88
20774,38.87,-76.82
20775,38.83,-76.88
20776,38.96,-76.56
20777,39.17,-76.97
20778,39.0,-76.56
20779,38.94,-76.56
20781,38.94,-76.94
20782,38.91,-76.97
20783,39.0,-76.97
20784,38.95,-76.9
20785,38.92,-76.88
20787,38.99,-76.98
20788,38.97,-76.95
20790,38.83,-76.88
20791,38.83,-76.88
20792,38.9,-76.84
20794,39.16,-76.81
20797,38.83,-76.88
20799,38.83,-76.88
20812,38.97,-77.14
20813,39.14,-77.21
20814,39.0,-77.1
20815,38.98,-77.08
20816,38.96,-77.12
20817,38.99,-77.15
20818,39.13,-77.18
20824,39.14,-77.21
20825,39.14,-77.21
20827,39.14,-77.21
20830,39.16,-77.07
20832,39.15,-77.08
20833,39.2,-77.05
20837,39.12,-77.4
20838,39.23,-77.37
20839,39.18,-77.42
20841,39.18,-77.33
20842,39.19,-77.42
20847,39.14,-77.21
20848,39.14,-77.21
20849,39.14,-77.21
20850,39.09,-77.18
20851,39.08,-77.13
20852,39.05,-77.12
20853,39.11,-77.1
20854,39.03,-77.23
20855,39.14,-77.14
20857,39.14,-77.21
20859,39.14,-77.21
20860,39.14,-77.04
20861,39.15,-76.99
20862,39.18,-77.02
20866,39.11,-76.94
20868,39.12,-76.97
20871,39.21,-77.26
20872,39.29,-77.22
20874,39.14,-77.28
20875,39.14,-77.21
20876,39.21,-77.24
20877,39.14,-77.18
20878,39.09,-77.2
20879,39.17,-77.19
20880,39.14,-77.17
20882,39.23,-77.15
20883,39.12,-77.23
20884,39.14,-77.21
20885,39.19,-77.2
20886,39.18,-77.19
20889,39.14,-77.21
20891,39.14,-77.21
20892,39.0,-77.1
20894,39.14,-77.21
20895,39.1,-77.11
20896,39.04,-77.09
20897,39.14,-77.21
20898,39.14,-77.21
20899,39.14,-77.22
20901,39.04,-77.01
20902,39.04,-77.04
20903,39.02,-76.98
20904,39.07,-77.0
20905,39.11,-77.01
20906,39.08,-77.06
20907,39.14,-77.21
20908,39.14,-77.21
20910,39.0,-77.03
20911,39.14,-77.21
20912,38.98,-77.01
20913,38.83,-76.88
20914,39.14,-77.21
20915,39.14,-77.21
20916,39.14,-77.21
20918,39.14,-77.21
20997,39.14,-77.21
21001,39.5,-76.23
21005,39.48,-76.12
21009,39.47,-76.28
21010,39.38,-76.3
21012,39.03,-76.62
21013,39.5,-76.49
21014,39.55,-76.32
21015,39.55,-76.3
21017,39.47,-76.24
21018,39.51,-76.39
21020,39.52,-76.8
21022,39.4,-76.67
21023,39.53,-76.74
21027,39.44,-76.59
21028,39.56,-76.24
21029,39.21,-76.95
21030,39.49,-76.66
21031,39.48,-76.66
21032,39.02,-76.59
21034,39.65,-76.23
21035,39.04,-76.63
21036,39.24,-77.0
21037,38.98,-76.62
21040,39.43,-76.29
21041,39.24,-76.94
21042,39.26,-76.9
21043,39.25,-76.8
21044,39.21,-76.89
21045,39.21,-76.83
21046,39.18,-76.83
21047,39.53,-76.44
21048,39.5,-76.91
21050,39.59,-76.39
21051,39.47,-76.45
21052,39.21,-76.45
21053,39.69,-76.72
21054,39.05,-76.63
21055,39.44,-76.59
21056,39.09,-76.55
21057,39.45,-76.5
21060,39.17,-76.58
21061,38.97,-76.62
21062,38.97,-76.59
21071,39.52,-76.77
21074,39.61,-76.86
21075,39.21,-76.75
21076,39.06,-76.62
21077,38.95,-76.63
21078,39.56,-76.16
21080,39.53,-77.05
21082,39.48,-76.47
21084,39.55,-76.42
21085,39.45,-76.35
21087,39.45,-76.42
21088,39.53,-77.05
21090,39.07,-76.63
21092,39.44,-76.59
21093,39.43,-76.65
21094,39.44,-76.59
21098,38.97,-76.59
21102,39.56,-76.87
21104,39.38,-76.92
21105,39.71,-76.66
21106,38.97,-76.58
21108,38.99,-76.58
21111,39.57,-76.6
21113,38.98,-76.59
21114,39.06,-76.62
21117,39.43,-76.79
21120,39.64,-76.67
21122,38.98,-76.62
21123,38.97,-76.59
21128,39.4,-76.45
21130,39.47,-76.21
21131,39.48,-76.58
21132,39.69,-76.42
21133,39.38,-76.82
21136,39.49,-76.8
21139,39.44,-76.59
21140,39.03,-76.63
21144,38.98,-76.62
21146,38.95,-76.6
21150,39.24,-76.94
21152,39.53,-76.72
21153,39.41,-76.73
21154,39.66,-76.37
21155,39.57,-76.8
21156,39.46,-76.58
21157,39.56,-76.98
21158,39.61,-77.03
21160,39.7,-76.33
21161,39.66,-76.53
21162,39.39,-76.41
21163,39.35,-76.85
21201,39.3,-76.62
21202,39.3,-76.61
21203,39.28,-76.62
21204,39.41,-76.6
21205,39.3,-76.57
21206,39.34,-76.55
21207,39.33,-76.74
21208,39.39,-76.73
21209,39.35,-76.67
21210,39.35,-76.63
21211,39.33,-76.64
21212,39.36,-76.61
21213,39.31,-76.6
21214,39.35,-76.56
21215,39.34,-76.68
21216,39.31,-76.67
21217,39.31,-76.64
21218,39.33,-76.6
21219,39.23,-76.45
21220,39.34,-76.51
21221,39.3,-76.56
21222,39.33,-76.45
21223,39.28,-76.65
21224,39.28,-76.56
21225,39.02,-76.62
21226,39.07,-76.58
21227,39.24,-76.68
21228,39.27,-76.63
21229,39.29,-76.65
21230,39.26,-76.62
21231,39.29,-76.59
21233,39.28,-76.62
21234,39.41,-76.53
21235,39.28,-76.62
21236,39.39,-76.49
21237,39.34,-76.49
21239,39.36,-76.59
21240,39.14,-76.65
21241,39.28,-76.62
21244,39.33,-76.78
21250,39.26,-76.71
21251,39.44,-76.59
21252,39.39,-76.61
21263,39.28,-76.62
21264,39.28,-76.62
21265,39.28,-76.62
21268,39.28,-76.62
21270,39.28,-76.62
21273,39.28,-76.62
21274,39.28,-76.62
21275,39.28,-76.62
21278,39.28,-76.62
21279,39.28,-76.62
21280,39.28,-76.62
21281,39.28,-76.62
21282,39.44,-76.59
21283,39.28,-76.62
21284,39.44,-76.59
21285,39.44,-76.59
21286,39.41,-76.58
21287,39.3,-76.59
21288,39.28,-76.62
21289,39.28,-76.62
21290,39.29,-76.62
21297,39.28,-76.62
21298,39.28,-76.62
21401,38.97,-76.61
21402,39.05,-76.45
21403,39.01,-76.58
21404,38.97,-76.59
21405,38.99,-76.51
21411,38.97,-76.59
21412,38.97,-76.59
21501,39.58,-78.69
21502,39.6,-78.84
21503,39.58,-78.69
21504,39.58,-78.69
21505,39.59,-78.84
21520,39.59,-79.23
21521,39.54,-79.01
21522,39.6,-79.23
21523,39.49,-79.08
21524,39.7,-78.8
21528,39.65,-78.9
21529,39.71,-78.78
21530,39.68,-78.52
21531,39.64,-79.26
21532,39.64,-78.91
21536,39.66,-79.12
21538,39.42,-79.22
21539,39.57,-78.93
21540,39.48,-79.06
21541,39.57,-79.38
21542,39.6,-78.94
21543,39.63,-78.96
21545,39.7,-78.87
21550,39.43,-79.32
21555,39.6,-78.57
21556,39.57,-78.84
21557,39.51,-78.92
21560,39.6,-78.69
21561,39.54,-79.19
21562,39.49,-79.01
21601,38.8,-76.05
21606,38.76,-76.18
21607,39.07,-76.06
21609,38.74,-75.96
21610,39.37,-76.07
21612,38.75,-76.27
21613,38.48,-76.08
21617,39.08,-76.09
21619,38.95,-76.28
21620,39.24,-76.06
21622,38.42,-76.19
21623,39.13,-75.96
21624,38.84,-76.27
21625,38.87,-76.0
21626,38.32,-76.1
21627,38.24,-76.05
21628,39.23,-75.93
21629,38.86,-75.84
21631,38.58,-75.94
21632,38.82,-75.83
21634,38.3,-76.2
21635,39.32,-75.84
21636,39.02,-75.81
21638,39.02,-76.12
21639,38.97,-75.79
21640,39.08,-75.81
21641,38.92,-75.94
21643,38.64,-75.86
21644,39.12,-75.88
21645,39.31,-75.96
21647,38.81,-76.29
21648,38.48,-76.24
21649,39.11,-75.79
21650,39.31,-75.81
21651,39.27,-75.9
21652,38.8,-76.15
21653,38.75,-76.18
21654,38.71,-76.13
21655,38.75,-75.91
21656,39.03,-76.09
21657,38.98,-75.98
21658,39.0,-76.14
21659,38.56,-75.8
21660,38.87,-75.87
21661,39.12,-76.22
21662,38.71,-76.2
21663,38.75,-76.17
21664,38.6,-75.95
21665,38.75,-76.33
21666,39.01,-76.12
21667,39.34,-76.05
21668,39.12,-76.03
21669,38.45,-76.26
21670,38.89,-75.86
21671,38.7,-76.33
21672,38.27,-76.07
21673,38.66,-76.06
21675,38.31,-76.11
21676,38.78,-76.3
21677,38.5,-76.2
21678,39.31,-76.08
21679,38.92,-76.07
21681,38.89,-75.86
21682,38.89,-75.86
21683,38.89,-75.86
21684,38.89,-75.86
21685,38.89,-75.86
21686,38.89,-75.86
21687,38.89,-75.86
21688,38.89,-75.86
21690,39.03,-76.09
21701,39.51,-77.37
21702,39.49,-77.46
21703,39.36,-77.46
21704,39.35,-77.38
21705,39.47,-77.39
21709,39.47,-77.39
21710,39.29,-77.46
21711,39.67,-77.95
21713,39.55,-77.7
21714,39.42,-77.51
21715,39.39,-77.66
21716,39.32,-77.62
21717,39.33,-77.43
21718,39.4,-77.63
21719,39.7,-77.5
21720,39.65,-77.58
21721,39.64,-77.64
21722,39.67,-77.91
21723,39.33,-77.01
21727,39.68,-77.34
21733,39.56,-77.76
21734,39.61,-77.71
21736,39.52,-77.92
21737,39.26,-77.01
21738,39.28,-77.03
21740,39.59,-77.7
21741,39.69,-77.74
21742,39.64,-77.65
21746,39.56,-77.72
21747,39.52,-77.92
21748,39.52,-77.92
21749,39.52,-77.92
21750,39.59,-78.05
21754,39.34,-77.31
21755,39.35,-77.57
21756,39.46,-77.69
21757,39.62,-77.25
21758,39.35,-77.62
21759,39.57,-77.29
21762,39.48,-77.25
21764,39.53,-77.05
21765,39.34,-77.07
21766,39.64,-78.41
21767,39.7,-77.75
21769,39.54,-77.49
21770,39.35,-77.27
21771,39.41,-77.21
21773,39.55,-77.56
21774,39.43,-77.22
21775,39.56,-77.29
21776,39.52,-77.09
21777,39.28,-77.53
21778,39.62,-77.34
21779,39.43,-77.66
21780,39.67,-77.48
21781,39.57,-77.76
21782,39.44,-77.77
21783,39.59,-77.61
21784,39.46,-76.97
21787,39.66,-77.17
21788,39.61,-77.4
21790,39.27,-77.5
21791,39.58,-77.13
21792,39.47,-77.39
21793,39.49,-77.34
21794,39.3,-76.98
21795,39.59,-77.83
21797,39.4,-77.08
21798,39.54,-77.29
21801,38.38,-75.63
21802,38.39,-75.63
21803,38.39,-75.63
21804,38.35,-75.53
21810,38.39,-75.63
21811,38.31,-75.32
21813,38.42,-75.2
21814,38.39,-75.63
21817,38.0,-75.82
21821,38.17,-75.92
21822,38.22,-75.55
21824,37.98,-76.04
21826,38.32,-75.62
21829,38.1,-75.38
21830,38.41,-75.72
21835,38.53,-75.95
21836,38.07,-75.73
21837,38.46,-75.75
21838,38.02,-75.73
21840,38.39,-75.63
21841,38.25,-75.3
21842,38.38,-75.11
21843,38.22,-75.32
21849,38.38,-75.46
21850,38.39,-75.41
21851,38.09,-75.54
21852,38.39,-75.63
21853,38.2,-75.75
21856,38.31,-75.76
21857,38.09,-75.89
21861,38.54,-75.72
21862,38.4,-75.22
21863,38.22,-75.33
21864,38.04,-75.41
21865,38.27,-75.79
21866,37.97,-76.02
21867,38.1,-75.82
21869,38.43,-75.9
21870,38.09,-75.89
21871,38.09,-75.72
21872,38.41,-75.28
21874,38.4,-75.35
21875,38.45,-75.57
21890,38.09,-75.89
21901,39.54,-75.89
21902,39.55,-76.07
21903,39.57,-76.03
21904,39.62,-76.06
21911,39.67,-76.06
21912,39.53,-75.92
21913,39.41,-75.86
21914,39.57,-75.98
21915,39.47,-75.85
21916,39.54,-76.0
21917,39.54,-76.0
21918,39.54,-76.05
21919,39.47,-75.93
21920,39.66,-75.83
21921,39.56,-75.88
21922,39.59,-75.95
21930,39.37,-75.88
22002,38.69,-78.14
22003,38.84,-77.21
22009,38.83,-77.29
22015,38.79,-77.29
22026,38.58,-77.35
22027,38.9,-77.22
22030,38.85,-77.31
22031,38.85,-77.28
22032,38.82,-77.29
22033,38.88,-77.38
22034,38.83,-77.29
22035,38.86,-77.36
22036,38.74,-77.08
22037,38.83,-77.29
22038,38.85,-77.3
22039,38.76,-77.31
22040,38.88,-77.17
22041,38.85,-77.14
22042,38.86,-77.19
22043,38.9,-77.19
22044,38.86,-77.15
22046,38.88,-77.17
22047,38.83,-77.29
22060,38.71,-77.17
22066,39.0,-77.31
22067,38.96,-77.23
22079,38.69,-77.2
22081,38.87,-77.23
22082,38.83,-77.29
22092,38.83,-77.29
22093,39.09,-77.65
22095,38.83,-77.29
22096,38.83,-77.29
22101,38.94,-77.19
22102,38.95,-77.23
22103,38.83,-77.29
22106,38.83,-77.29
22107,38.93,-77.22
22108,38.93,-77.22
22109,38.92,-77.23
22116,38.87,-77.23
22118,38.83,-77.29
22119,38.83,-77.29
22120,38.83,-77.29
22121,38.83,-77.43
22122,38.83,-77.29
22124,38.89,-77.33
22125,38.68,-77.26
22134,38.53,-77.32
22135,38.72,-77.47
22150,38.76,-77.19
22151,38.8,-77.21
22152,38.78,-77.23
22153,38.76,-77.18
22156,38.83,-77.29
22158,38.83,-77.29
22159,38.83,-77.29
22160,38.83,-77.29
22161,38.81,-77.22
22172,38.58,-77.37
22180,38.9,-77.25
22181,38.91,-77.3
22182,38.94,-77.27
22183,38.83,-77.29
22184,38.83,-77.29
22185,38.83,-77.29
22191,38.63,-77.27
22192,38.68,-77.32
22193,38.64,-77.35
22194,38.72,-77.47
22195,38.72,-77.47
22199,38.83,-77.29
22201,38.89,-77.1
22202,38.85,-77.06
22203,38.87,-77.12
22204,38.86,-77.1
22205,38.88,-77.14
22206,38.84,-77.09
22207,38.91,-77.12
22209,38.89,-77.11
22210,38.88,-77.11
22211,38.88,-77.08
22212,38.88,-77.11
22213,38.89,-77.16
22214,38.88,-77.11
22215,38.88,-77.11
22216,38.88,-77.11
22217,38.88,-77.11
22218,38.88,-77.11
22219,38.88,-77.11
22222,38.86,-77.05
22223,38.88,-77.11
22225,38.88,-77.11
22226,38.88,-77.1
22227,38.88,-77.11
22229,38.88,-77.11
22230,38.88,-77.11
22234,38.88,-77.11
22240,38.86,-77.05
22241,38.88,-77.11
22242,38.85,-77.05
22243,38.86,-77.05
22244,38.85,-77.05
22245,38.85,-77.05
22246,38.88,-77.11
22301,38.82,-77.08
22302,38.83,-77.09
22303,38.79,-77.08
22304,38.82,-77.11
22305,38.84,-77.06
22306,38.76,-77.09
22307,38.77,-77.07
22308,38.73,-77.06
22309,38.72,-77.17
22310,38.78,-77.12
22311,38.83,-77.12
22312,38.8,-77.15
22313,38.82,-77.09
22314,38.81,-77.06
22315,38.76,-77.15
22320,38.8,-77.05
22321,38.83,-77.29
22331,38.8,-77.07
22332,38.8,-77.07
22333,38.82,-77.09
22334,38.82,-77.09
22336,38.82,-77.09
22401,38.3,-77.48
22402,38.3,-77.49
22403,38.42,-77.46
22404,38.3,-77.49
22405,38.34,-77.44
22406,38.41,-77.53
22407,38.27,-77.61
22408,38.23,-77.56
22412,38.18,-77.66
22427,38.01,-77.26
22428,38.01,-77.36
22430,38.39,-77.37
22432,37.84,-76.35
22433,38.34,-77.87
22435,37.96,-76.58
22436,38.02,-77.04
22437,37.82,-76.79
22438,38.06,-77.02
22442,38.12,-76.79
22443,38.18,-76.82
22446,38.17,-77.41
22448,38.33,-77.04
22451,38.27,-77.17
22454,37.85,-76.85
22456,37.85,-76.41
22460,37.88,-76.6
22463,38.47,-77.46
22469,38.06,-76.68
22471,38.4,-77.58
22472,37.95,-76.64
22473,37.88,-76.43
22476,38.03,-77.06
22480,37.67,-76.4
22481,38.27,-77.17
22482,37.72,-76.45
22485,38.28,-77.17
22488,38.1,-76.74
22501,38.02,-77.56
22503,37.74,-76.5
22504,37.77,-76.71
22507,37.76,-76.51
22508,38.31,-77.8
22509,38.08,-77.05
22511,37.99,-76.5
22513,37.75,-76.51
22514,37.98,-77.24
22517,37.75,-76.58
22520,38.11,-76.82
22523,37.79,-76.61
22524,38.12,-76.68
22526,38.27,-77.17
22528,37.71,-76.41
22529,38.02,-76.69
22530,37.91,-76.29
22534,38.08,-77.67
22535,38.16,-77.18
22538,38.21,-77.25
22539,37.86,-76.31
22542,38.29,-77.9
22544,38.27,-77.17
22545,38.51,-77.54
22546,37.95,-77.44
22547,38.27,-77.17
22548,37.84,-76.69
22552,38.01,-77.23
22553,38.18,-77.7
22554,38.44,-77.44
22555,38.42,-77.46
22558,38.12,-76.79
22560,37.92,-76.95
22565,38.14,-77.52
22567,38.24,-77.92
22570,37.95,-76.62
22572,37.97,-76.77
22576,37.69,-76.43
22577,38.07,-76.55
22578,37.69,-76.36
22579,37.8,-76.36
22580,38.13,-77.42
22581,38.12,-76.79
22601,39.17,-78.17
22602,39.15,-78.27
22603,39.26,-78.2
22604,39.17,-78.17
22610,38.82,-78.28
22611,39.14,-77.99
22620,39.05,-78.06
22622,39.25,-78.07
22623,38.85,-78.14
22624,39.27,-78.1
22625,39.3,-78.31
22626,38.98,-78.4
22627,38.79,-78.08
22630,38.93,-78.17
22637,39.25,-78.35
22638,39.24,-78.29
22639,38.83,-78.02
22640,38.81,-78.12
22641,39.06,-78.37
22642,38.93,-78.07
22643,38.9,-78.0
22644,38.96,-78.55
22645,39.05,-78.29
22646,39.12,-77.99
22649,39.0,-78.25
22650,38.76,-78.39
22652,38.84,-78.43
22654,39.08,-78.44
22655,39.16,-78.25
22656,39.21,-78.09
22657,39.02,-78.42
22660,38.95,-78.43
22663,39.12,-77.99
22664,38.92,-78.51
22701,38.51,-77.99
22709,38.43,-78.27
22711,38.43,-78.27
22712,38.55,-77.76
22713,38.54,-78.13
22714,38.51,-77.9
22715,38.42,-78.19
22716,38.62,-78.1
22718,38.46,-77.8
22719,38.43,-78.27
22720,38.47,-77.64
22721,38.43,-78.27
22722,38.43,-78.27
22723,38.4,-78.43
22724,38.62,-77.91
22725,38.43,-78.27
22726,38.4,-77.77
22727,38.37,-78.3
22728,38.6,-77.68
22729,38.37,-78.01
22730,38.43,-78.27
22731,38.43,-78.27
22732,38.43,-78.27
22733,38.36,-78.06
22734,38.53,-77.8
22735,38.49,-78.15
22736,38.39,-77.71
22737,38.59,-78.0
22738,38.32,-78.3
22739,38.51,-77.6
22740,38.61,-78.23
22741,38.43,-77.86
22742,38.46,-77.71
22743,38.5,-78.33
22746,38.65,-78.03
22747,38.71,-78.17
22748,38.37,-78.38
22749,38.62,-78.19
22801,38.42,-78.88
22802,38.49,-78.82
22803,38.45,-78.87
22807,38.44,-78.87
22810,38.81,-78.78
22811,38.78,-78.95
22812,38.35,-78.85
22815,38.62,-78.82
22820,38.75,-79.0
22821,38.42,-79.04
22824,38.82,-78.64
22827,38.4,-78.73
22830,38.64,-78.94
22831,38.53,-79.0
22832,38.47,-78.75
22833,38.53,-78.86
22834,38.55,-78.88
22835,38.65,-78.48
22840,38.4,-78.73
22841,38.35,-78.84
22842,38.79,-78.68
22843,38.33,-79.09
22844,38.67,-78.68
22845,38.8,-78.81
22846,38.38,-78.78
22847,38.76,-78.71
22848,38.38,-78.89
22849,38.53,-78.61
22850,38.56,-78.92
22851,38.56,-78.51
22853,38.64,-78.78
22901,38.09,-78.56
22902,38.03,-78.48
22903,38.03,-78.49
22904,38.04,-78.49
22905,38.04,-78.49
22906,38.04,-78.49
22907,38.04,-78.49
22908,38.04,-78.49
22909,38.02,-78.45
22910,38.04,-78.49
22911,38.1,-78.41
22920,37.97,-78.82
22922,37.69,-78.95
22923,38.21,-78.31
22924,38.0,-78.73
22931,37.89,-78.71
22932,38.13,-78.71
22935,38.27,-78.56
22936,38.17,-78.51
22937,37.82,-78.61
22938,37.86,-78.82
22939,38.1,-78.99
22940,38.19,-78.58
22942,38.18,-78.18
22943,38.08,-78.52
22945,38.07,-78.6
22946,37.85,-78.54
22947,38.05,-78.34
22948,38.43,-78.27
22949,37.75,-78.86
22952,37.97,-78.94
22953,38.43,-78.27
22954,37.79,-79.01
22957,38.23,-78.18
22958,37.82,-78.89
22959,37.93,-78.64
22960,38.22,-78.05
22963,37.89,-78.34
22964,37.8,-78.96
22965,38.33,-78.48
22967,37.82,-78.96
22968,38.26,-78.41
22969,37.82,-78.82
22971,37.76,-78.81
22972,38.2,-78.24
22973,38.31,-78.48
22974,37.96,-78.28
22976,37.84,-79.07
22980,38.07,-78.9
22987,38.18,-78.62
22989,38.43,-78.27
23001,37.29,-76.43
23002,37.34,-77.98
23003,37.43,-76.6
23004,37.56,-78.54
23005,37.75,-77.48
23009,37.8,-77.18
23011,37.48,-76.95
23014,37.73,-77.89
23015,37.91,-77.62
23017,37.42,-76.51
23018,37.42,-76.51
23021,37.41,-76.29
23022,37.85,-78.28
23023,37.7,-76.92
23024,37.91,-77.8
23025,37.41,-76.29
23027,37.65,-78.14
23030,37.35,-77.07
23031,37.6,-76.45
23032,37.64,-76.45
23035,37.41,-76.29
23038,37.81,-78.09
23039,37.66,-77.79
23040,37.52,-78.21
23043,37.55,-76.37
23045,37.41,-76.29
23047,37.85,-77.51
23050,37.5,-76.45
23054,37.73,-77.89
23055,37.85,-78.28
23056,37.41,-76.29
23058,37.53,-77.42
23059,37.73,-77.55
23060,37.6,-77.51
23061,37.41,-76.55
23062,37.28,-76.5
23063,37.73,-78.0
23064,37.41,-76.29
23065,37.8,-77.94
23066,37.41,-76.29
23067,37.83,-77.99
23068,37.41,-76.29
23069,37.74,-77.34
23070,37.55,-76.38
23071,37.54,-76.42
23072,37.39,-76.51
23075,37.55,-77.32
23076,37.41,-76.29
23079,37.64,-76.45
23081,37.22,-76.78
23083,37.32,-78.12
23084,37.85,-78.28
23085,37.7,-76.92
23086,37.68,-77.03
23089,37.47,-76.91
23090,37.24,-76.45
23091,37.62,-76.77
23092,37.58,-76.5
23093,38.0,-77.97
23101,37.55,-77.89
23102,37.69,-77.8
23103,37.66,-77.79
23105,37.35,-77.94
23106,37.73,-77.21
23107,37.29,-76.4
23108,37.7,-76.92
23109,37.41,-76.29
23110,37.61,-76.81
23111,37.63,-77.28
23112,37.45,-77.66
23113,37.49,-77.66
23114,37.48,-77.66
23115,37.84,-76.91
23116,37.67,-77.33
23117,37.94,-77.87
23119,37.41,-76.29
23120,37.42,-77.78
23123,37.56,-78.54
23124,37.54,-77.01
23125,37.34,-76.29
23126,37.7,-76.92
23127,37.31,-76.75
23128,37.41,-76.29
23129,37.7,-77.79
23130,37.41,-76.29
23131,37.31,-76.52
23138,37.36,-76.29
23139,37.54,-77.93
23140,37.45,-77.03
23141,37.52,-77.13
23146,37.74,-77.71
23147,37.38,-77.03
23148,37.75,-77.05
23149,37.64,-76.45
23150,37.5,-77.27
23153,37.78,-77.94
23154,37.42,-76.51
23155,37.42,-76.51
23156,37.54,-76.68
23160,37.73,-77.89
23161,37.7,-76.92
23162,37.77,-77.45
23163,37.35,-76.32
23168,37.39,-76.84
23169,37.64,-76.45
23170,37.94,-78.0
23173,37.52,-77.49
23175,37.64,-76.59
23176,37.64,-76.45
23177,37.7,-76.92
23178,37.4,-76.45
23180,37.73,-76.61
23181,37.61,-76.89
23183,37.36,-76.53
23184,37.32,-76.53
23185,37.27,-76.73
23186,37.31,-76.75
23187,37.31,-76.75
23188,37.35,-76.77
23190,37.48,-76.64
23191,37.42,-76.51
23192,37.82,-77.65
23218,37.52,-77.49
23219,37.54,-77.44
23220,37.55,-77.46
23221,37.55,-77.49
23222,37.57,-77.43
23223,37.53,-77.43
23224,37.5,-77.47
23225,37.52,-77.5
23226,37.59,-77.52
23227,37.62,-77.44
23228,37.62,-77.5
23229,37.6,-77.57
23230,37.59,-77.5
23231,37.46,-77.31
23232,37.52,-77.41
23233,37.62,-77.58
23234,37.44,-77.48
23235,37.49,-77.56
23236,37.47,-77.59
23237,37.4,-77.47
23238,37.73,-77.89
23240,37.52,-77.49
23241,37.52,-77.49
23242,37.53,-77.42
23249,37.52,-77.49
23250,37.51,-77.33
23255,37.53,-77.42
23260,37.52,-77.49
23261,37.52,-77.49
23266,37.57,-77.53
23269,37.52,-77.49
23270,37.52,-77.49
23272,37.52,-77.49
23273,37.52,-77.49
23274,37.52,-77.49
23275,37.52,-77.49
23276,37.52,-77.49
23278,37.52,-77.49
23279,37.52,-77.49
23280,37.64,-77.47
23282,37.52,-77.49
23284,37.55,-77.45
23285,37.52,-77.49
23286,37.52,-77.49
23288,37.53,-77.42
23289,37.53,-77.42
23290,37.52,-77.49
23291,37.52,-77.49
23292,37.52,-77.49
23293,37.52,-77.49
23294,37.63,-77.54
23295,37.58,-77.49
23297,37.39,-77.56
23298,37.54,-77.43
23301,37.71,-75.66
23302,37.87,-75.53
23303,37.9,-75.52
23304,36.99,-76.57
23306,37.57,-75.86
23307,37.43,-75.88
23308,37.82,-75.62
23310,37.26,-75.96
23313,37.2,-75.95
23314,36.96,-76.54
23315,36.73,-76.83
23316,37.29,-75.96
23320,36.75,-76.22
23321,36.78,-76.33
23322,36.64,-76.24
23323,36.71,-76.34
23324,36.8,-76.27
23325,36.79,-76.24
23326,36.78,-76.24
23327,36.71,-76.28
23328,36.71,-76.28
23336,37.95,-75.44
23337,37.92,-75.49
23341,37.58,-75.86
23345,37.74,-75.7
23347,37.36,-75.96
23350,37.38,-75.88
23354,37.46,-75.9
23356,38.0,-75.41
23357,37.75,-75.67
23358,37.64,-75.87
23359,37.88,-75.6
23389,37.66,-75.85
23395,37.98,-75.48
23396,37.92,-75.56
23397,36.9,-76.69
23398,37.53,-75.88
23399,37.92,-75.62
23401,37.6,-75.79
23404,37.68,-75.67
23405,37.41,-75.92
23407,37.84,-75.56
23408,37.42,-75.88
23409,37.84,-75.61
23410,37.6,-75.76
23412,37.79,-75.6
23413,37.47,-75.88
23414,37.82,-75.58
23415,37.93,-75.53
23416,37.92,-75.54
23417,37.69,-75.75
23418,37.8,-75.65
23419,37.31,-75.93
23420,37.59,-75.83
23421,37.84,-75.63
23422,37.62,-75.79
23423,37.54,-75.74
23424,37.0,-76.56
23426,37.92,-75.68
23427,37.93,-75.72
23429,37.27,-75.95
23430,36.99,-76.66
23431,36.9,-76.69
23432,36.87,-76.55
23433,36.91,-76.49
23434,36.7,-76.64
23435,36.84,-76.48
23436,36.89,-76.52
23437,36.65,-76.8
23438,36.6,-76.71
23439,36.75,-76.67
23440,37.82,-75.99
23441,37.73,-75.68
23442,37.9,-75.58
23443,37.19,-75.97
23450,36.84,-76.12
23451,36.86,-76.05
23452,36.85,-76.1
23454,36.83,-76.07
23455,36.89,-76.15
23456,36.75,-76.04
23457,36.62,-76.02
23458,36.85,-76.16
23459,36.92,-76.02
23460,36.84,-76.03
23461,36.79,-76.0
23462,36.84,-76.15
23463,36.8,-76.01
23464,36.8,-76.18
23465,36.85,-76.17
23466,36.8,-76.01
23467,36.8,-76.01
23468,36.84,-76.14
23471,36.8,-76.01
23479,36.8,-76.01
23480,37.6,-75.69
23482,37.27,-75.87
23483,37.94,-75.5
23486,37.52,-75.81
23487,36.85,-76.71
23488,37.95,-75.6
23501,36.9,-76.21
23502,36.89,-76.21
23503,36.95,-76.26
23504,36.88,-76.27
23505,36.9,-76.28
23506,36.93,-76.24
23507,36.87,-76.3
23508,36.88,-76.3
23509,36.88,-76.26
23510,36.88,-76.29
23511,36.94,-76.3
23512,36.93,-76.24
23513,36.89,-76.24
23514,36.93,-76.24
23515,36.93,-76.24
23517,36.87,-76.29
23518,36.91,-76.22
23519,36.93,-76.24
23520,36.93,-76.24
23521,36.91,-76.15
23523,36.83,-76.27
23529,36.93,-76.24
23530,36.93,-76.24
23541,36.93,-76.24
23551,36.93,-76.24
23601,37.06,-76.46
23602,37.13,-76.51
23603,37.17,-76.54
23604,37.16,-76.58
23605,37.02,-76.44
23606,37.07,-76.49
23607,36.99,-76.42
23608,37.15,-76.54
23609,37.2,-76.52
23612,37.2,-76.52
23628,37.2,-76.52
23630,37.07,-76.39
23631,37.07,-76.39
23651,37.02,-76.3
23653,37.07,-76.39
23661,37.03,-76.39
23662,37.13,-76.37
23663,37.03,-76.32
23664,37.05,-76.33
23665,37.08,-76.36
23666,37.06,-76.37
23667,37.02,-76.33
23668,37.02,-76.34
23669,37.05,-76.35
23670,37.07,-76.39
23681,37.07,-76.39
23690,37.23,-76.52
23691,37.2,-76.49
23692,37.17,-76.46
23693,37.15,-76.45
23694,37.22,-76.56
23696,37.19,-76.43
23701,36.81,-76.37
23702,36.8,-76.33
23703,36.87,-76.38
23704,36.82,-76.32
23705,36.87,-76.36
23707,36.84,-76.35
23708,36.87,-76.36
23709,36.87,-76.36
23801,37.23,-77.33
23803,37.22,-77.39
23804,37.2,-77.39
23805,37.19,-77.39
23806,37.2,-77.39
23821,36.86,-77.89
23822,37.07,-77.65
23824,37.12,-77.98
23827,36.61,-77.21
23828,36.6,-77.29
23829,36.72,-77.24
23830,37.02,-77.45
23831,37.32,-77.45
23832,37.39,-77.61
23833,37.17,-77.67
23834,37.26,-77.4
23836,37.35,-77.34
23837,36.71,-77.22
23838,37.33,-77.63
23839,37.07,-76.92
23840,37.07,-77.68
23841,37.08,-77.6
23842,37.15,-77.21
23843,36.85,-77.81
23844,36.66,-77.34
23845,36.6,-78.0
23846,37.07,-76.86
23847,36.69,-77.54
23850,37.13,-77.74
23851,36.68,-76.94
23856,36.81,-77.72
23857,36.6,-77.89
23860,37.29,-77.3
23866,36.89,-76.9
23867,36.86,-77.28
23868,36.73,-77.81
23870,36.72,-77.53
23872,37.01,-77.74
23873,36.81,-77.95
23874,36.61,-77.09
23875,37.23,-77.26
23876,36.95,-77.84
23878,36.82,-77.03
23879,36.6,-77.59
23881,37.17,-76.97
23882,36.88,-77.39
23883,37.1,-76.82
23884,36.95,-77.25
23885,37.18,-77.58
23887,36.66,-77.82
23888,36.96,-77.04
23889,36.89,-77.76
23890,36.97,-77.13
23891,36.91,-77.29
23893,36.62,-77.93
23894,37.13,-77.7
23897,36.84,-77.28
23898,36.83,-76.82
23899,37.2,-76.98
23901,37.28,-78.42
23909,37.3,-78.39
23915,36.71,-78.28
23917,36.66,-78.35
23919,36.61,-78.29
23920,36.7,-77.94
23921,37.56,-78.54
23922,37.19,-78.18
23923,37.09,-78.64
23924,36.77,-78.43
23927,36.66,-78.46
23930,37.15,-78.1
23934,37.15,-78.66
23936,37.41,-78.43
23937,36.96,-78.56
23938,36.92,-78.05
23939,37.38,-78.81
23941,36.95,-78.25
23942,37.24,-78.46
23943,37.24,-78.46
23944,36.91,-78.14
23947,37.01,-78.57
23950,36.69,-78.23
23952,36.98,-78.29
23954,37.24,-78.46
23955,37.12,-78.06
23958,37.38,-78.81
23959,37.11,-78.74
23960,37.24,-78.46
23962,36.95,-78.71
23963,37.18,-78.77
23964,36.78,-78.62
23966,37.28,-78.35
23967,36.91,-78.63
23968,36.72,-78.53
23970,36.72,-78.17
23974,36.96,-78.26
23976,36.84,-78.6
24001,37.27,-79.96
24002,37.27,-79.96
24003,37.27,-79.96
24004,37.27,-79.96
24005,37.27,-79.96
24006,37.27,-79.96
24007,37.27,-79.96
24008,37.27,-79.96
24009,37.27,-79.96
24010,37.27,-79.96
24011,37.27,-79.94
24012,37.31,-79.93
24013,37.27,-79.92
24014,37.24,-79.94
24015,37.25,-79.97
24016,37.27,-79.95
24017,37.3,-79.99
24018,37.25,-80.05
24019,37.35,-79.91
24020,37.36,-79.94
24022,37.28,-79.93
24023,37.21,-80.41
24024,37.27,-79.96
24025,37.27,-79.96
24026,37.27,-79.96
24027,37.27,-79.96
24028,37.27,-79.96
24029,37.27,-79.96
24030,37.27,-79.96
24031,37.27,-79.96
24032,37.27,-79.96
24033,37.27,-79.96
24034,37.27,-79.96
24035,37.27,-79.96
24036,37.27,-79.96
24037,37.27,-79.96
24038,37.27,-79.96
24040,37.27,-79.96
24042,37.27,-79.94
24043,37.27,-79.94
24044,37.27,-79.96
24045,37.27,-79.94
24048,37.27,-79.96
24050,37.56,-79.79
24053,36.61,-80.5
24054,36.67,-79.74
24055,36.74,-79.98
24058,37.2,-80.62
24059,37.15,-80.12
24060,37.26,-80.43
24061,37.18,-80.35
24062,37.17,-80.4
24063,37.17,-80.4
24064,37.37,-79.82
24065,37.1,-79.95
24066,37.55,-79.71
24067,37.02,-80.06
24068,37.15,-80.42
24069,36.59,-79.62
24070,37.36,-80.16
24072,37.04,-80.23
24073,37.12,-80.42
24076,36.6,-80.37
24077,37.37,-79.9
24078,36.72,-79.91
24079,37.05,-80.15
24082,36.63,-80.12
24083,37.44,-79.91
24084,37.12,-80.75
24085,37.65,-79.86
24086,37.28,-80.67
24087,37.23,-80.18
24088,36.89,-80.03
24089,36.71,-79.97
24090,37.53,-79.83
24091,36.9,-80.33
24092,36.99,-79.77
24093,37.38,-80.85
24094,37.39,-80.59
24095,37.21,-79.74
24101,37.18,-79.67
24102,36.84,-79.99
24104,37.15,-79.49
24105,36.9,-80.59
24111,37.17,-80.4
24112,36.68,-79.87
24113,36.68,-79.87
24114,36.68,-79.87
24115,36.68,-79.87
24120,36.7,-80.35
24121,37.19,-79.56
24122,37.42,-79.71
24124,37.34,-80.76
24126,37.07,-80.69
24127,37.5,-80.14
24128,37.33,-80.52
24129,37.1,-80.61
24130,37.56,-79.79
24131,37.49,-80.22
24132,37.2,-80.62
24133,36.68,-80.14
24134,37.26,-80.74
24136,37.36,-80.69
24137,36.93,-79.68
24138,37.06,-80.33
24139,37.0,-79.47
24141,37.12,-80.56
24142,37.14,-80.55
24143,37.12,-80.56
24146,37.01,-79.91
24147,37.36,-80.75
24148,36.65,-79.85
24149,37.06,-80.44
24150,37.37,-80.66
24151,37.0,-79.85
24153,37.29,-80.07
24155,37.29,-80.07
24156,37.29,-80.07
24157,37.29,-80.07
24161,36.98,-79.55
24162,37.15,-80.26
24165,36.59,-80.01
24167,37.31,-80.72
24168,36.69,-79.94
24171,36.69,-80.25
24174,37.35,-79.69
24175,37.42,-79.92
24176,37.01,-79.76
24177,36.72,-80.36
24178,37.31,-79.79
24179,37.28,-79.88
24184,37.1,-79.8
24185,36.74,-80.27
24201,36.61,-82.18
24202,36.62,-82.17
24203,36.76,-81.97
24209,36.76,-81.97
24210,36.74,-82.03
24211,36.67,-81.96
24212,36.69,-81.97
24215,36.92,-82.8
24216,36.94,-82.67
24217,37.13,-82.34
24218,36.74,-83.22
24219,36.89,-82.65
24220,37.13,-82.34
24221,36.74,-83.22
24224,37.04,-81.86
24225,36.93,-82.09
24226,37.16,-82.36
24228,37.15,-82.46
24230,36.97,-82.48
24236,36.65,-81.74
24237,36.93,-82.09
24239,37.29,-82.03
24243,36.77,-82.93
24244,36.71,-82.83
24245,36.83,-82.47
24246,36.86,-82.74
24248,36.74,-83.22
24250,36.74,-82.64
24251,36.62,-82.54
24256,37.18,-82.32
24258,36.74,-82.64
24260,36.96,-82.01
24263,36.69,-83.11
24265,36.74,-83.22
24266,36.91,-82.05
24269,37.13,-82.34
24270,36.72,-82.26
24271,36.76,-82.4
24272,37.13,-82.34
24273,36.94,-82.62
24277,36.76,-83.03
24279,37.09,-82.62
24280,36.95,-81.96
24281,36.74,-83.22
24282,36.74,-83.22
24283,36.94,-82.36
24285,36.95,-82.79
24289,37.13,-82.34
24290,36.61,-82.56
24292,36.61,-81.58
24293,37.0,-82.57
24301,37.06,-80.77
24311,36.87,-81.4
24312,36.85,-80.92
24313,36.9,-80.79
24314,37.13,-81.16
24315,37.13,-81.16
24316,36.94,-81.62
24317,36.66,-80.73
24318,37.13,-81.16
24319,36.8,-81.62
24322,36.82,-81.11
24323,36.87,-81.2
24324,36.98,-80.77
24325,36.81,-80.59
24326,36.72,-81.19
24327,36.78,-81.82
24328,36.67,-80.68
24330,36.71,-81.04
24333,36.66,-80.91
24340,36.75,-81.77
24343,36.73,-80.68
24347,36.98,-80.67
24348,36.64,-81.19
24350,36.92,-81.06
24351,36.59,-80.76
24352,36.71,-80.54
24354,36.83,-81.6
24360,36.91,-80.92
24361,36.75,-81.85
24363,36.66,-81.37
24366,37.13,-81.16
24368,36.88,-81.26
24370,36.91,-81.65
24373,36.83,-81.55
24374,36.8,-81.21
24375,36.79,-81.39
24377,37.01,-81.57
24378,36.69,-81.36
24379,36.68,-81.26
24380,36.88,-80.5
24381,36.69,-80.78
24382,36.93,-81.15
24401,38.16,-79.07
24402,38.16,-79.06
24407,38.18,-79.14
24411,38.09,-79.32
24412,38.06,-79.75
24413,38.39,-79.56
24415,37.93,-79.33
24416,37.73,-79.36
24421,38.24,-79.17
24422,37.82,-79.82
24426,37.78,-79.99
24430,38.07,-79.36
24431,38.15,-78.86
24432,38.14,-79.37
24433,38.39,-79.56
24435,37.88,-79.3
24437,38.21,-78.94
24438,37.56,-79.79
24439,37.98,-79.5
24440,37.98,-79.18
24441,38.27,-78.81
24442,38.39,-79.56
24445,37.99,-79.83
24448,37.8,-79.79
24450,37.78,-79.44
24457,37.78,-79.88
24458,38.39,-79.56
24459,38.04,-79.24
24460,38.06,-79.75
24463,38.18,-79.14
24464,37.87,-79.08
24465,38.39,-79.56
24467,38.24,-78.97
24468,38.39,-79.56
24469,38.18,-79.14
24471,38.32,-78.79
24472,37.94,-79.28
24473,37.88,-79.45
24474,37.81,-79.84
24476,38.18,-79.14
24477,37.97,-79.07
24479,38.19,-79.21
24482,38.21,-78.99
24483,37.86,-79.23
24484,38.06,-79.75
24485,38.17,-79.21
24486,38.28,-78.95
24487,38.06,-79.75
24501,37.38,-79.18
24502,37.38,-79.22
24503,37.41,-79.21
24504,37.41,-79.13
24505,37.4,-79.18
24506,37.38,-79.16
24512,37.24,-79.11
24513,37.25,-79.13
24514,37.4,-79.18
24515,37.4,-79.18
24517,37.23,-79.24
24520,36.6,-79.04
24521,37.59,-79.11
24522,37.36,-78.85
24523,37.34,-79.52
24526,37.52,-79.39
24527,36.71,-79.34
24528,37.12,-79.07
24529,36.61,-78.64
24530,36.79,-79.61
24531,36.83,-79.41
24533,37.54,-78.95
24534,36.88,-78.75
24535,36.61,-78.95
24536,37.5,-79.31
24538,37.3,-78.95
24539,36.87,-78.83
24540,36.6,-79.38
24541,36.58,-79.44
24543,36.59,-79.41
24544,36.59,-79.41
24549,36.7,-79.5
24550,37.24,-79.27
24551,37.37,-79.32
24553,37.59,-78.86
24554,37.15,-79.11
24555,37.73,-79.53
24556,37.38,-79.4
24557,36.98,-79.32
24558,36.78,-78.96
24562,37.75,-78.63
24563,37.04,-79.36
24565,36.85,-79.21
24566,36.72,-79.26
24569,37.09,-79.08
24570,37.33,-79.41
24571,37.14,-79.36
24572,37.48,-79.14
24574,37.54,-79.24
24576,37.25,-79.13
24577,36.81,-78.96
24578,37.68,-79.55
24579,37.6,-79.53
24580,36.59,-78.68
24581,37.64,-78.8
24585,36.8,-78.88
24586,36.61,-79.28
24588,37.28,-79.09
24589,36.78,-78.78
24590,37.85,-78.53
24592,36.68,-78.95
24593,37.34,-78.92
24594,36.67,-79.36
24595,37.57,-79.08
24597,36.84,-79.07
24598,36.62,-78.8
24599,37.68,-78.73
24601,37.14,-81.56
24602,37.0,-81.8
24603,37.29,-82.03
24604,37.2,-81.56
24605,37.17,-81.51
24606,37.14,-81.56
24607,37.13,-82.34
24608,37.14,-81.56
24609,37.12,-81.55
24612,37.09,-81.82
24613,37.14,-81.56
24614,37.26,-82.1
24618,37.29,-82.03
24619,37.14,-81.56
24620,37.29,-82.03
24622,37.14,-81.56
24624,37.29,-82.03
24627,37.29,-82.03
24628,37.29,-82.03
24630,37.18,-81.54
24631,37.29,-82.03
24634,37.29,-82.03
24635,37.31,-81.34
24637,37.14,-81.56
24639,37.29,-82.03
24640,37.14,-81.56
24641,37.19,-81.55
24646,37.29,-82.03
24647,37.29,-82.03
24649,37.05,-81.93
24651,37.17,-81.42
24656,37.29,-82.03
24657,37.29,-82.03
24658,37.29,-82.03
24701,37.33,-81.16
24712,37.45,-81.01
24714,37.46,-81.16
24715,37.34,-81.33
24716,37.6,-81.54
24719,37.6,-81.54
24724,37.33,-81.31
24726,37.6,-81.54
24729,37.42,-81.11
24731,37.42,-81.11
24732,37.42,-81.11
24733,37.44,-81.19
24736,37.42,-81.2
24737,37.35,-81.25
24738,37.42,-81.11
24739,37.42,-81.11
24740,37.38,-81.12
24747,37.41,-81.18
24751,37.42,-81.11
24801,37.41,-81.54
24808,37.38,-81.65
24811,37.38,-81.65
24813,37.34,-81.68
24815,37.38,-81.65
24816,37.38,-81.65
24817,37.38,-81.65
24818,37.6,-81.54
24820,37.38,-81.65
24821,37.38,-81.63
24822,37.6,-81.54
24823,37.63,-81.7
24824,37.38,-81.65
24825,37.38,-81.65
24826,37.38,-81.65
24827,37.6,-81.54
24828,37.47,-81.68
24829,37.38,-81.65
24830,37.38,-81.65
24831,37.43,-81.57
24832,37.38,-81.65
24834,37.6,-81.54
24836,37.37,-81.55
24839,37.6,-81.54
24841,37.41,-81.58
24842,37.38,-81.65
24843,37.38,-81.65
24844,37.38,-81.65
24845,37.6,-81.54
24846,37.38,-81.65
24847,37.6,-81.54
24848,37.38,-81.65
24849,37.6,-81.54
24850,37.38,-81.65
24851,37.74,-82.11
24852,37.41,-81.43
24853,37.44,-81.51
24854,37.74,-81.57
24855,37.38,-81.65
24856,37.38,-81.65
24857,37.6,-81.54
24859,37.6,-81.54
24860,37.6,-81.54
24861,37.42,-81.42
24862,37.38,-81.65
24866,37.38,-81.65
24867,37.6,-81.54
24868,37.39,-81.42
24869,37.6,-81.54
24870,37.74,-81.58
24871,37.38,-81.65
24872,37.38,-81.65
24873,37.38,-81.65
24874,37.6,-81.54
24877,37.38,-81.65
24878,37.38,-81.65
24879,37.38,-81.65
24880,37.6,-81.54
24881,37.38,-81.65
24882,37.6,-81.54
24883,37.38,-81.65
24884,37.38,-81.65
24887,37.38,-81.65
24888,37.38,-81.65
24889,37.38,-81.65
24892,37.38,-81.65
24894,37.38,-81.65
24895,37.38,-81.65
24896,37.6,-81.54
24897,37.38,-81.65
24898,37.6,-81.54
24899,37.38,-81.65
24901,37.84,-80.54
24902,37.77,-80.46
24910,37.84,-80.57
24915,38.39,-79.99
24916,37.98,-80.43
24917,37.98,-80.43
24918,37.55,-80.54
24919,37.67,-80.89
24920,38.39,-79.99
24924,38.39,-79.99
24925,37.98,-80.43
24927,38.39,-79.99
24931,37.92,-80.61
24934,38.33,-79.9
24935,37.65,-80.88
24936,37.98,-80.43
24938,37.92,-80.34
24941,37.59,-80.34
24942,37.55,-80.54
24943,37.98,-80.43
24944,38.39,-79.99
24945,37.55,-80.54
24946,38.11,-80.26
24950,37.98,-80.43
24951,37.55,-80.54
24954,38.26,-80.1
24957,37.98,-80.43
24958,37.98,-80.43
24961,37.98,-80.43
24962,37.65,-80.88
24963,37.4,-80.8
24966,37.98,-80.43
24970,37.74,-80.45
24974,37.55,-80.54
24976,37.55,-80.54
24977,37.98,-80.43
24981,37.65,-80.88
24983,37.55,-80.54
24984,37.49,-80.42
24985,37.55,-80.54
24986,37.78,-80.31
24991,37.98,-80.43
24993,37.55,-80.54
25002,38.04,-81.06
25003,38.24,-81.77
25004,37.78,-81.12
25005,38.59,-81.27
25007,37.82,-81.41
25008,37.94,-81.35
25009,38.0,-81.72
25010,38.0,-81.72
25011,38.51,-81.84
25015,38.23,-81.5
25018,38.47,-81.05
25019,38.47,-81.05
25021,38.0,-81.72
25022,37.83,-81.9
25024,38.15,-81.63
25025,38.3,-81.55
25026,38.49,-81.39
25028,38.0,-81.72
25030,38.39,-81.25
25031,38.16,-81.31
25033,38.61,-81.92
25035,38.19,-81.5
25036,38.04,-81.06
25039,38.28,-81.6
25040,38.04,-81.06
25043,38.47,-81.08
25044,37.88,-81.41
25045,38.45,-81.36
25046,38.73,-81.31
25047,37.83,-81.9
25048,37.94,-81.4
25049,38.13,-81.61
25051,38.0,-81.72
25053,38.02,-81.89
25054,38.07,-81.45
25057,38.04,-81.06
25059,38.25,-81.22
25060,37.95,-81.44
25061,38.3,-81.55
25062,37.85,-81.45
25063,38.58,-80.94
25064,38.35,-81.57
25067,38.21,-81.44
25070,38.54,-81.94
25071,38.39,-81.45
25075,38.18,-81.62
25076,37.83,-81.9
25079,38.5,-81.4
25081,38.07,-81.83
25082,38.56,-82.02
25083,38.3,-81.55
25085,38.16,-81.17
25086,38.22,-81.41
25088,38.47,-81.05
25090,38.04,-81.06
25093,38.0,-81.72
25095,38.75,-82.0
25102,38.19,-81.37
25103,38.21,-81.39
25106,38.83,-82.14
25107,38.3,-81.55
25108,38.0,-81.72
25109,38.48,-81.88
25110,38.21,-81.39
25111,38.47,-81.05
25112,38.28,-81.57
25113,38.47,-81.05
25114,38.0,-81.72
25115,38.04,-81.06
25118,38.04,-81.06
25119,38.04,-81.06
25121,37.92,-81.9
25122,38.3,-81.55
25123,38.7,-81.91
25124,38.48,-81.88
25125,38.33,-81.2
25126,38.2,-81.37
25130,38.06,-81.82
25132,38.3,-81.55
25133,38.47,-81.05
25134,38.3,-81.55
25136,38.17,-81.32
25139,38.14,-81.29
25140,37.88,-81.48
25141,38.47,-81.05
25142,38.0,-81.72
25143,38.32,-81.62
25147,38.3,-81.55
25148,38.0,-81.72
25149,38.0,-81.72
25150,38.47,-81.05
25152,38.04,-81.06
25154,38.14,-81.68
25156,38.4,-81.46
25159,38.48,-81.78
25160,38.29,-81.28
25161,38.04,-81.06
25162,38.21,-81.39
25164,38.49,-81.2
25165,38.14,-81.66
25168,38.56,-81.9
25169,38.0,-81.72
25173,38.08,-81.24
25174,37.85,-81.42
25177,38.31,-81.64
25180,37.79,-81.38
25181,38.09,-81.62
25182,38.3,-81.55
25183,37.83,-81.9
25185,38.04,-81.06
25186,38.15,-81.28
25187,38.73,-82.03
25193,38.01,-81.56
25201,38.3,-81.55
25202,38.33,-81.86
25203,37.99,-81.94
25204,38.0,-81.72
25205,38.04,-81.81
25206,38.0,-81.72
25208,38.0,-81.72
25209,37.99,-81.54
25211,38.47,-81.05
25213,38.5,-81.91
25214,38.19,-81.57
25231,38.82,-81.71
25234,38.83,-81.13
25235,38.83,-81.13
25239,38.85,-81.85
25241,38.8,-81.81
25243,38.68,-81.45
25244,38.82,-81.71
25245,38.71,-81.72
25247,38.75,-82.0
25248,38.62,-81.62
25250,38.75,-82.0
25251,38.73,-81.31
25252,38.82,-81.71
25253,38.99,-81.95
25256,38.73,-81.31
25258,38.91,-80.83
25259,38.7,-81.23
25260,39.01,-82.02
25261,38.83,-81.13
25262,38.91,-81.84
25264,38.82,-81.71
25265,38.99,-81.97
25266,38.73,-81.31
25267,38.91,-80.83
25268,38.83,-81.13
25270,38.89,-81.44
25271,38.79,-81.73
25275,38.89,-81.68
25276,38.78,-81.36
25279,38.82,-81.71
25281,38.73,-81.31
25283,38.47,-81.05
25285,38.47,-81.05
25286,38.61,-81.42
25287,38.75,-82.0
25301,38.33,-81.61
25302,38.4,-81.58
25303,38.35,-81.66
25304,38.31,-81.6
25305,38.34,-81.61
25306,38.32,-81.53
25309,38.31,-81.76
25311,38.37,-81.63
25312,38.46,-81.64
25313,38.41,-81.76
25314,38.33,-81.67
25315,38.24,-81.55
25317,38.34,-81.61
25320,38.54,-81.63
25321,38.3,-81.55
25322,38.53,-81.56
25323,38.3,-81.55
25324,38.3,-81.55
25325,38.3,-81.55
25326,38.3,-81.55
25327,38.3,-81.55
25328,38.3,-81.55
25329,38.3,-81.55
25330,38.3,-81.55
25331,38.3,-81.55
25332,38.3,-81.55
25333,38.3,-81.55
25334,38.3,-81.55
25335,38.3,-81.55
25336,38.3,-81.55
25337,38.3,-81.55
25338,38.3,-81.55
25339,38.3,-81.55
25350,38.3,-81.55
25356,38.3,-81.55
25357,38.3,-81.55
25358,38.3,-81.55
25360,38.3,-81.55
25361,38.3,-81.55
25362,38.3,-81.55
25364,38.3,-81.55
25365,38.3,-81.55
25375,38.3,-81.55
25387,38.3,-81.55
25389,38.35,-81.64
25392,38.3,-81.55
25396,38.3,-81.55
25401,39.44,-77.95
25402,39.46,-78.01
25410,39.32,-77.88
25411,39.55,-78.19
25413,39.38,-78.06
25414,39.31,-77.86
25419,39.57,-77.88
25420,39.38,-78.1
25421,39.38,-78.14
25422,39.61,-78.39
25423,39.32,-77.88
25425,39.31,-77.79
25427,39.49,-78.03
25428,39.36,-78.03
25429,39.35,-77.88
25430,39.34,-77.94
25431,39.31,-78.66
25432,39.32,-77.88
25434,39.53,-78.46
25437,39.31,-78.66
25438,39.26,-77.83
25440,39.44,-78.03
25441,39.32,-77.88
25442,39.37,-77.82
25443,39.39,-77.84
25444,39.34,-78.75
25446,39.22,-77.88
25501,38.17,-81.97
25502,38.66,-82.11
25503,38.6,-82.11
25504,38.38,-82.26
25505,37.83,-81.9
25506,38.22,-82.15
25507,38.38,-82.56
25508,37.96,-82.01
25510,38.43,-82.11
25511,38.13,-82.42
25512,38.27,-82.38
25514,38.07,-82.54
25515,38.74,-82.16
25517,38.13,-82.42
25519,38.13,-82.42
25520,38.59,-82.18
25521,38.25,-81.96
25523,38.28,-82.08
25524,38.03,-82.1
25526,38.4,-81.96
25529,38.15,-81.86
25530,38.36,-82.53
25534,38.13,-82.42
25535,38.3,-82.46
25537,38.52,-82.26
25540,38.16,-82.05
25541,38.43,-82.13
25544,38.22,-82.11
25545,38.46,-82.23
25547,37.96,-82.01
25550,38.87,-82.1
25555,38.24,-82.57
25557,38.08,-82.07
25559,38.32,-82.23
25560,38.45,-81.9
25562,38.34,-82.49
25564,38.26,-81.89
25565,38.11,-82.03
25567,38.23,-81.87
25569,38.48,-81.88
25570,38.22,-82.42
25571,38.3,-82.15
25572,38.19,-81.9
25573,38.23,-81.94
25601,37.87,-82.03
25606,37.83,-81.9
25607,37.8,-81.78
25608,37.74,-82.11
25611,37.83,-81.9
25612,37.83,-81.9
25614,37.83,-81.9
25617,37.83,-81.9
25621,37.64,-81.95
25623,37.74,-82.11
25624,37.83,-81.9
25625,37.83,-82.06
25628,37.83,-81.9
25630,37.83,-81.9
25632,37.77,-81.92
25634,37.83,-81.9
25635,37.74,-81.88
25636,37.82,-82.01
25637,37.85,-82.05
25638,37.74,-82.0
25639,37.88,-81.98
25644,37.83,-81.9
25645,37.83,-81.9
25646,37.83,-81.96
25647,37.78,-81.99
25649,37.89,-82.05
25650,37.64,-81.88
25651,37.74,-82.11
25652,37.8,-82.05
25653,37.81,-82.05
25654,37.78,-81.89
25661,37.7,-82.26
25665,37.72,-82.31
25666,37.93,-82.27
25667,37.7,-82.27
25669,38.13,-82.42
25670,37.72,-82.19
25671,37.74,-82.11
25672,37.74,-82.11
25674,37.83,-82.4
25676,37.74,-82.11
25678,37.74,-82.11
25682,37.62,-82.01
25685,37.74,-82.11
25686,37.74,-82.11
25687,37.74,-82.11
25688,37.74,-82.11
25690,37.74,-82.11
25691,37.74,-82.11
25692,37.74,-82.11
25694,37.74,-82.11
25696,37.74,-82.11
25697,37.74,-82.11
25699,38.13,-82.42
25701,38.37,-82.41
25702,38.44,-82.35
25703,38.42,-82.41
25704,38.4,-82.48
25705,38.41,-82.36
25706,38.41,-82.28
25707,38.41,-82.28
25708,38.41,-82.28
25709,38.13,-82.42
25710,38.41,-82.28
25711,38.41,-82.28
25712,38.41,-82.28
25713,38.41,-82.28
25714,38.41,-82.28
25715,38.41,-82.28
25716,38.41,-82.28
25717,38.41,-82.28
25718,38.41,-82.28
25719,38.41,-82.28
25720,38.41,-82.28
25721,38.41,-82.28
25722,38.41,-82.28
25723,38.41,-82.28
25724,38.41,-82.28
25725,38.41,-82.28
25726,38.41,-82.28
25727,38.41,-82.28
25728,38.41,-82.28
25729,38.41,-82.28
25755,38.42,-82.43
25770,38.41,-82.28
25771,38.41,-82.28
25772,38.41,-82.28
25773,38.41,-82.28
25774,38.41,-82.28
25775,38.41,-82.28
25776,38.41,-82.28
25777,38.41,-82.28
25778,38.41,-82.28
25779,38.41,-82.28
25801,37.77,-81.22
25802,37.75,-81.22
25810,37.6,-81.54
25811,37.6,-81.54
25812,38.14,-81.09
25813,37.75,-81.2
25816,37.74,-81.14
25817,37.77,-81.39
25818,37.86,-81.2
25820,37.51,-81.1
25823,37.67,-81.17
25825,37.67,-81.09
25826,37.6,-81.54
25827,37.7,-81.2
25831,38.04,-81.06
25832,37.69,-81.22
25833,38.04,-81.06
25836,37.78,-81.26
25837,38.04,-81.06
25839,37.77,-81.37
25840,38.06,-81.09
25841,37.55,-81.1
25843,37.68,-81.15
25844,37.83,-81.39
25845,37.6,-81.54
25846,38.04,-81.06
25847,37.71,-81.18
25848,37.6,-81.54
25849,37.73,-81.28
25851,37.8,-81.28
25853,37.75,-81.22
25854,38.04,-81.06
25855,38.04,-81.06
25856,37.65,-81.19
25857,37.63,-81.23
25859,38.04,-81.06
25860,37.75,-81.22
25862,38.04,-81.06
25864,38.04,-81.06
25865,37.73,-81.32
25866,38.04,-81.06
25868,38.04,-81.06
25870,37.61,-81.51
25871,37.77,-81.21
25873,37.75,-81.21
25875,37.6,-81.54
25876,37.6,-81.54
25878,37.72,-81.24
25879,37.98,-81.11
25880,38.0,-81.19
25882,37.58,-81.41
25901,37.96,-81.16
25902,37.6,-81.19
25904,37.91,-81.26
25906,37.84,-81.13
25907,37.85,-81.08
25908,37.72,-81.25
25909,37.84,-81.2
25911,37.76,-81.17
25912,38.04,-81.06
25913,37.6,-81.54
25914,38.04,-81.06
25915,37.63,-81.27
25916,37.6,-81.54
25917,37.95,-81.15
25918,37.74,-81.01
25919,37.8,-81.18
25920,37.72,-81.37
25921,37.78,-81.35
25922,37.46,-81.11
25926,37.79,-81.2
25927,37.75,-81.22
25928,37.6,-81.54
25931,38.04,-81.06
25932,37.76,-81.22
25934,37.85,-81.09
25936,38.04,-81.06
25938,38.04,-81.06
25942,38.04,-81.06
25943,37.6,-81.54
25951,37.65,-80.86
25958,37.98,-80.43
25961,37.98,-80.43
25962,37.97,-80.75
25965,37.65,-80.88
25966,37.65,-80.88
25967,37.98,-80.43
25969,37.65,-80.88
25971,37.42,-81.11
25972,37.98,-80.43
25976,37.87,-80.87
25977,37.65,-80.88
25978,37.65,-80.88
25979,37.65,-80.88
25981,37.98,-80.43
25984,37.97,-80.67
25985,37.65,-80.88
25986,38.04,-81.06
25988,37.65,-80.88
25989,37.68,-81.05
26003,40.1,-80.65
26030,40.23,-80.65
26031,39.96,-80.71
26032,40.21,-80.55
26033,39.87,-80.56
26034,40.56,-80.57
26035,40.37,-80.57
26036,40.02,-80.55
26037,40.34,-80.57
26038,39.96,-80.72
26039,39.87,-80.6
26040,39.99,-80.72
26041,39.92,-80.74
26047,40.52,-80.57
26050,40.61,-80.61
26055,39.88,-80.69
26056,40.52,-80.59
26058,40.28,-80.6
26059,40.08,-80.6
26060,40.08,-80.59
26062,40.51,-80.57
26070,40.29,-80.59
26074,40.17,-80.6
26075,40.19,-80.67
26101,39.29,-81.55
26102,39.22,-81.5
26103,39.24,-81.54
26104,39.28,-81.49
26105,39.32,-81.54
26106,39.22,-81.5
26120,39.22,-81.5
26121,39.22,-81.5
26133,39.16,-81.74
26134,39.38,-81.26
26135,39.45,-80.87
26136,38.83,-81.13
26137,38.83,-81.13
26138,39.04,-81.37
26141,39.04,-81.37
26142,39.22,-81.48
26143,39.03,-81.38
26146,39.5,-81.06
26147,38.92,-81.09
26148,39.2,-81.07
26149,39.49,-80.91
26150,39.19,-81.51
26151,38.83,-81.13
26152,39.04,-81.37
26155,39.61,-80.82
26159,39.61,-80.93
26160,39.04,-81.37
26161,39.2,-81.07
26162,39.58,-80.67
26164,38.99,-81.71
26167,39.58,-80.67
26169,39.22,-81.5
26170,39.41,-81.21
26173,38.95,-81.71
26175,39.54,-80.98
26178,39.2,-81.07
26180,39.22,-81.5
26181,39.21,-81.66
26184,39.32,-81.4
26186,39.58,-80.67
26187,39.37,-81.46
26201,38.98,-80.24
26202,38.32,-80.83
26203,38.52,-80.61
26205,38.33,-80.65
26206,38.42,-80.56
26208,38.39,-80.59
26209,38.39,-79.99
26210,38.9,-80.23
26215,38.9,-80.23
26217,38.6,-80.47
26218,38.9,-80.23
26219,38.9,-80.23
26222,38.65,-80.43
26224,38.89,-79.85
26228,38.9,-80.23
26229,38.9,-80.23
26230,38.75,-79.81
26234,38.9,-80.23
26236,38.9,-80.23
26237,38.86,-80.21
26238,39.13,-80.02
26241,38.85,-79.89
26250,39.02,-79.93
26253,38.84,-79.87
26254,38.75,-79.81
26257,38.75,-79.81
26259,38.75,-79.81
26260,39.13,-79.47
26261,38.23,-80.58
26263,38.75,-79.81
26264,38.39,-79.99
26266,38.48,-80.43
26267,38.75,-79.81
26268,38.75,-79.81
26269,39.12,-79.56
26270,38.75,-79.81
26271,39.12,-79.56
26273,38.7,-79.97
26275,38.98,-79.95
26276,38.75,-79.81
26278,38.75,-79.81
26280,38.75,-79.81
26282,38.75,-79.81
26283,39.06,-79.82
26285,38.93,-79.97
26287,39.1,-79.68
26288,38.48,-80.45
26289,39.12,-79.56
26291,38.39,-79.99
26292,39.14,-79.48
26293,38.75,-79.81
26294,38.75,-79.81
26296,38.75,-79.81
26298,38.48,-80.43
26301,39.29,-80.34
26302,39.27,-80.31
26306,39.29,-80.39
26320,39.45,-80.87
26321,39.09,-80.47
26323,39.26,-80.29
26325,39.2,-81.07
26327,39.2,-81.07
26328,39.27,-80.72
26330,39.31,-80.28
26332,39.29,-80.39
26334,39.13,-80.02
26335,38.78,-80.66
26337,39.2,-81.07
26338,39.12,-80.58
26339,39.27,-80.72
26342,38.91,-80.83
26343,38.95,-80.51
26346,39.2,-81.07
26347,39.35,-80.05
26348,39.58,-80.67
26349,39.13,-80.02
26350,38.91,-80.83
26351,38.94,-80.83
26354,39.34,-80.02
26361,39.29,-80.39
26362,39.15,-81.03
26366,39.37,-80.35
26369,39.33,-80.33
26372,38.95,-80.51
26374,39.48,-79.84
26375,39.28,-80.58
26376,38.95,-80.51
26377,39.58,-80.67
26378,39.11,-80.44
26384,38.91,-80.83
26385,39.15,-80.36
26386,39.38,-80.35
26404,39.35,-80.31
26405,39.13,-80.02
26407,39.2,-81.07
26408,39.22,-80.3
26410,39.46,-79.69
26411,39.27,-80.72
26412,38.95,-80.51
26415,39.28,-81.0
26416,39.16,-80.05
26419,39.58,-80.67
26421,39.2,-81.07
26422,39.29,-80.39
26424,39.35,-80.05
26425,39.31,-79.7
26426,39.25,-80.49
26430,38.91,-80.83
26431,39.33,-80.27
26434,39.45,-80.87
26435,39.35,-80.05
26436,39.27,-80.72
26437,39.58,-80.67
26438,39.35,-80.32
26440,39.35,-80.05
26443,38.91,-80.83
26444,39.46,-79.69
26447,38.95,-80.51
26448,39.29,-80.39
26451,39.2,-80.4
26452,39.04,-80.45
26456,39.3,-80.77
26461,39.29,-80.39
26463,39.29,-80.39
26501,39.61,-79.98
26502,39.63,-79.97
26503,39.64,-79.9
26504,39.58,-80.09
26505,39.61,-79.97
26506,39.65,-79.96
26507,39.68,-79.84
26508,39.6,-79.92
26519,39.52,-79.62
26520,39.46,-79.69
26521,39.58,-80.09
26522,39.58,-80.09
26524,39.46,-79.69
26525,39.67,-79.62
26527,39.58,-80.09
26529,39.65,-80.16
26531,39.61,-79.9
26533,39.58,-80.09
26534,39.63,-79.94
26535,39.46,-79.69
26537,39.47,-79.68
26541,39.66,-80.03
26542,39.46,-79.69
26543,39.58,-80.09
26544,39.58,-80.09
26546,39.67,-80.03
26547,39.46,-79.69
26554,39.49,-80.22
26555,39.51,-80.22
26559,39.51,-80.17
26560,39.51,-80.22
26561,39.58,-80.67
26562,39.65,-80.42
26563,39.48,-80.27
26566,39.51,-80.22
26568,39.29,-80.39
26570,39.58,-80.24
26571,39.51,-80.25
26572,39.51,-80.22
26574,39.56,-80.18
26575,39.58,-80.67
26576,39.49,-80.27
26578,39.45,-80.18
26581,39.58,-80.67
26582,39.54,-80.24
26585,39.58,-80.37
26586,39.52,-80.09
26587,39.52,-80.3
26588,39.54,-80.13
26589,39.66,-80.37
26590,39.58,-80.09
26591,39.45,-80.26
26601,38.65,-80.68
26610,38.32,-80.83
26611,38.91,-80.83
26612,38.62,-80.59
26615,38.71,-80.74
26617,38.47,-81.05
26618,38.71,-80.74
26619,38.74,-80.73
26621,38.73,-80.57
26623,38.63,-80.86
26624,38.72,-80.69
26627,38.76,-80.64
26629,38.58,-80.69
26631,38.71,-80.74
26634,38.91,-80.83
26636,38.91,-80.83
26638,38.91,-80.83
26639,38.57,-80.8
26641,38.71,-80.74
26651,38.33,-80.85
26656,38.32,-80.83
26660,38.32,-80.83
26662,38.32,-80.83
26667,38.32,-80.83
26671,38.32,-80.83
26674,38.2,-81.19
26675,38.32,-80.83
26676,38.16,-80.68
26678,38.32,-80.83
26679,38.32,-80.83
26680,38.04,-81.06
26681,38.32,-80.83
26684,38.32,-80.83
26690,38.32,-80.83
26691,38.32,-80.83
26704,39.25,-78.62
26705,39.46,-79.69
26707,38.99,-79.15
26710,39.44,-78.96
26711,39.31,-78.66
26714,39.31,-78.66
26716,39.46,-79.69
26717,39.44,-78.96
26719,39.5,-78.74
26720,39.07,-79.23
26722,39.31,-78.66
26726,39.45,-78.89
26731,39.07,-79.23
26734,39.07,-79.23
26739,39.07,-79.23
26743,39.32,-79.05
26750,39.55,-78.91
26753,39.6,-78.77
26755,39.18,-78.73
26757,39.34,-78.76
26761,39.31,-78.66
26763,39.31,-78.66
26764,39.43,-79.52
26767,39.62,-78.76
26801,39.0,-78.82
26802,38.68,-79.35
26804,38.68,-79.35
26807,38.65,-79.33
26808,39.21,-78.44
26810,39.0,-78.82
26812,39.0,-78.82
26814,38.68,-79.35
26815,38.68,-79.35
26817,39.31,-78.66
26818,39.0,-78.82
26823,39.31,-78.66
26824,39.31,-78.66
26833,39.12,-79.13
26836,39.02,-78.82
26838,39.0,-78.82
26845,39.0,-78.82
26847,38.99,-79.13
26851,39.08,-78.59
26852,39.31,-78.66
26855,39.07,-79.23
26865,39.31,-78.66
26866,38.68,-79.35
26884,38.68,-79.35
26886,38.68,-79.35
27006,35.95,-80.45
27007,36.39,-80.59
27009,36.21,-80.08
27010,36.18,-80.34
27011,36.21,-80.69
27012,36.08,-80.33
27013,35.76,-80.68
27014,35.82,-80.55
27016,36.45,-80.22
27017,36.36,-80.7
27018,36.2,-80.58
27019,36.32,-80.23
27020,36.12,-80.8
27021,36.32,-80.29
27022,36.5,-80.22
27023,36.16,-80.44
27024,36.49,-80.82
27025,36.35,-79.89
27027,36.45,-79.93
27028,35.91,-80.55
27030,36.44,-80.67
27031,36.4,-80.71
27040,36.16,-80.38
27041,36.42,-80.51
27042,36.34,-80.06
27043,36.35,-80.4
27045,36.23,-80.33
27046,36.48,-80.11
27047,36.33,-80.57
27048,36.47,-79.91
27049,36.55,-80.66
27050,36.22,-80.4
27051,36.19,-80.16
27052,36.35,-80.16
27053,36.49,-80.46
27054,35.79,-80.61
27055,36.14,-80.68
27094,36.03,-80.21
27098,36.03,-80.21
27099,36.03,-80.21
27101,36.1,-80.29
27102,36.03,-80.4
27103,36.06,-80.32
27104,36.1,-80.33
27105,36.16,-80.24
27106,36.15,-80.33
27107,36.05,-80.18
27108,36.03,-80.21
27109,36.03,-80.21
27110,36.03,-80.21
27111,36.03,-80.21
27113,36.03,-80.21
27114,36.03,-80.21
27115,36.03,-80.21
27116,36.03,-80.21
27117,36.03,-80.21
27120,36.03,-80.21
27127,36.04,-80.28
27130,36.03,-80.21
27150,36.03,-80.21
27151,36.03,-80.21
27152,36.03,-80.21
27155,36.03,-80.21
27156,36.03,-80.21
27157,36.03,-80.21
27198,36.03,-80.21
27199,36.03,-80.21
27201,36.03,-79.49
27202,36.19,-79.51
27203,35.71,-79.85
27204,35.79,-79.72
27205,35.64,-79.85
27207,35.61,-79.37
27208,35.57,-79.52
27209,35.37,-79.94
27212,36.47,-79.28
27213,35.65,-79.41
27214,36.19,-79.67
27215,36.09,-79.43
27216,36.05,-79.48
27217,36.15,-79.39
27220,36.05,-79.39
27228,35.78,-79.13
27229,35.26,-79.8
27230,35.8,-79.88
27231,36.18,-79.16
27233,35.94,-79.69
27235,36.09,-80.0
27237,35.47,-79.17
27239,35.61,-80.14
27242,35.33,-79.55
27243,36.07,-79.2
27244,36.16,-79.45
27247,35.45,-79.78
27248,35.79,-79.71
27249,36.15,-79.61
27252,35.58,-79.36
27253,35.97,-79.35
27256,35.56,-79.34
27258,36.04,-79.32
27259,35.49,-79.48
27260,35.99,-79.99
27261,36.08,-80.02
27262,35.96,-80.01
27263,35.94,-79.94
27264,36.08,-80.02
27265,36.03,-79.99
27278,36.08,-79.09
27281,35.19,-79.56
27282,36.0,-79.93
27283,35.95,-79.64
27284,36.12,-80.1
27285,36.03,-80.21
27288,36.49,-79.75
27289,36.39,-79.77
27291,36.36,-79.19
27292,35.8,-80.21
27293,35.88,-80.28
27294,35.88,-80.28
27295,35.81,-80.28
27298,35.84,-79.67
27299,35.74,-80.35
27301,36.11,-79.67
27302,36.09,-79.31
27305,36.51,-79.24
27306,35.25,-79.92
27310,36.17,-79.95
27311,36.47,-79.46
27312,35.75,-79.21
27313,35.95,-79.77
27314,36.29,-79.2
27315,36.49,-79.4
27316,35.71,-79.65
27317,35.82,-79.71
27320,36.36,-79.74
27321,36.35,-79.68
27322,36.39,-79.77
27323,36.39,-79.77
27325,35.39,-79.52
27326,36.46,-79.6
27330,35.47,-79.17
27331,35.37,-79.28
27332,35.37,-79.15
27340,35.95,-79.33
27341,35.56,-79.7
27342,36.08,-79.62
27343,36.49,-79.06
27344,35.71,-79.33
27349,35.91,-79.4
27350,35.82,-79.91
27351,35.66,-80.28
27355,35.8,-79.59
27356,35.44,-79.83
27357,36.23,-79.97
27358,36.2,-79.88
27359,36.02,-79.36
27360,35.85,-80.12
27361,35.88,-80.28
27370,35.8,-79.96
27371,35.39,-79.91
27373,35.88,-80.28
27374,35.78,-80.2
27375,36.39,-79.77
27376,35.24,-79.47
27377,36.05,-79.61
27379,36.38,-79.37
27401,36.06,-79.83
27402,36.11,-79.79
27403,36.09,-79.82
27404,36.08,-80.02
27405,36.11,-79.79
27406,35.99,-79.76
27407,36.0,-79.89
27408,36.1,-79.82
27409,36.09,-79.93
27410,36.12,-79.87
27411,36.08,-80.02
27412,36.07,-79.81
27413,36.08,-80.02
27415,36.08,-80.02
27416,36.08,-80.02
27417,36.08,-80.02
27419,36.08,-80.02
27420,36.11,-79.78
27425,36.08,-80.02
27427,36.08,-80.02
27429,36.08,-80.02
27435,36.08,-80.02
27438,36.08,-80.02
27455,36.18,-79.81
27480,36.08,-80.02
27495,36.08,-80.02
27498,36.08,-80.02
27499,36.08,-80.02
27501,35.48,-78.73
27502,35.75,-78.83
27503,36.09,-78.89
27504,35.41,-78.4
27505,35.47,-79.06
27506,35.42,-78.71
27507,36.45,-78.57
27508,35.98,-78.21
27509,36.12,-78.77
27510,35.91,-79.09
27511,35.75,-78.71
27512,35.81,-78.84
27513,35.8,-78.82
27514,36.0,-79.05
27515,36.05,-79.11
27516,35.95,-79.14
27517,35.84,-79.03
27518,35.8,-78.63
27519,35.77,-78.83
27520,35.63,-78.44
27521,35.43,-78.66
27522,36.11,-78.67
27524,35.43,-78.34
27525,36.07,-78.4
27526,35.76,-78.65
27529,35.71,-78.66
27530,35.37,-78.09
27531,35.46,-78.0
27532,35.37,-78.05
27533,35.37,-78.05
27534,35.39,-78.03
27536,36.39,-78.4
27537,36.36,-78.4
27540,35.61,-78.83
27541,36.31,-79.06
27542,35.57,-78.29
27543,35.43,-78.88
27544,36.22,-78.45
27545,35.79,-78.46
27546,35.4,-78.87
27549,36.07,-78.28
27551,36.51,-78.0
27552,35.41,-78.98
27553,36.47,-78.34
27555,35.63,-78.2
27556,36.41,-78.33
27557,35.59,-78.23
27559,35.62,-79.1
27560,35.85,-78.84
27562,35.64,-78.87
27563,36.45,-78.19
27564,36.1,-78.71
27565,36.35,-78.65
27568,35.49,-78.22
27569,35.47,-78.16
27570,36.37,-78.11
27571,35.91,-78.45
27572,36.21,-78.88
27573,36.39,-78.95
27576,35.56,-78.24
27577,35.54,-78.34
27581,36.21,-78.73
27582,36.44,-78.56
27583,36.31,-78.92
27584,36.52,-78.4
27586,36.37,-78.11
27587,35.86,-78.59
27588,35.97,-78.45
27589,36.34,-78.19
27591,35.81,-78.4
27592,35.67,-78.53
27593,35.59,-78.36
27594,36.37,-78.11
27596,36.02,-78.44
27597,35.88,-78.36
27599,36.05,-79.11
27601,35.77,-78.6
27602,35.76,-78.67
27603,35.69,-78.68
27604,35.84,-78.56
27605,35.79,-78.65
27606,35.72,-78.75
27607,35.8,-78.71
27608,35.81,-78.65
27609,35.84,-78.63
27610,35.74,-78.56
27611,35.8,-78.63
27612,35.82,-78.68
27613,35.87,-78.71
27614,35.97,-78.62
27615,35.92,-78.63
27616,35.81,-78.69
27617,35.91,-78.77
27619,35.85,-78.63
27620,35.8,-78.63
27621,35.8,-78.63
27622,35.8,-78.63
27623,35.8,-78.63
27624,35.8,-78.63
27625,35.8,-78.63
27626,35.8,-78.63
27627,35.8,-78.63
27628,35.8,-78.63
27629,35.82,-78.55
27634,35.8,-78.63
27635,35.8,-78.63
27636,35.8,-78.63
27640,35.8,-78.63
27650,35.8,-78.63
27656,35.8,-78.63
27658,35.8,-78.63
27661,35.8,-78.63
27668,35.8,-78.63
27675,35.8,-78.63
27676,35.8,-78.63
27690,35.8,-78.63
27695,35.8,-78.63
27697,35.88,-78.41
27698,35.8,-78.63
27699,35.8,-78.63
27701,36.0,-78.88
27702,36.05,-78.86
27703,35.96,-78.82
27704,36.04,-78.83
27705,36.02,-78.9
27706,36.0,-78.94
27707,35.95,-78.94
27708,36.03,-78.92
27709,36.05,-78.86
27710,36.05,-78.86
27711,36.05,-78.86
27712,36.09,-78.91
27713,35.91,-78.92
27715,36.05,-78.86
27717,36.05,-78.86
27722,36.05,-78.86
27801,35.95,-77.64
27802,35.94,-77.78
27803,35.9,-77.87
27804,35.94,-77.94
27805,36.17,-77.1
27806,35.37,-76.86
27807,35.8,-78.11
27808,35.47,-76.76
27809,36.01,-77.71
27810,35.45,-76.64
27811,35.58,-77.51
27812,35.76,-77.39
27813,35.62,-77.94
27814,35.5,-76.98
27816,36.1,-78.04
27817,35.46,-77.06
27818,36.49,-77.03
27819,35.82,-77.45
27820,36.45,-77.45
27821,35.33,-76.87
27822,35.79,-77.86
27823,36.28,-77.72
27824,35.33,-76.03
27825,35.87,-77.08
27826,35.51,-76.18
27827,35.69,-77.51
27828,35.66,-77.46
27829,35.69,-77.59
27830,35.47,-77.98
27831,36.48,-77.57
27832,36.42,-77.44
27833,35.58,-77.39
27834,35.63,-77.38
27835,35.59,-77.35
27836,35.58,-77.39
27837,35.51,-77.21
27838,36.36,-77.48
27839,36.34,-77.63
27840,35.96,-77.22
27841,35.91,-77.27
27842,36.53,-77.86
27843,36.06,-77.41
27844,36.24,-77.71
27845,36.37,-77.37
27846,35.81,-77.0
27847,36.19,-77.19
27849,36.09,-77.14
27850,36.38,-77.71
27851,35.67,-78.03
27852,35.75,-77.67
27853,36.36,-77.48
27854,36.36,-77.39
27855,36.45,-77.05
27856,36.02,-77.98
27857,35.97,-77.25
27858,35.62,-77.4
27860,35.61,-76.72
27861,35.82,-77.31
27862,36.36,-77.48
27863,35.49,-77.97
27864,35.79,-77.63
27865,35.57,-76.78
27866,36.5,-77.56
27867,36.36,-77.48
27868,36.05,-77.91
27869,36.31,-77.32
27870,36.3,-77.64
27871,35.83,-77.25
27872,36.22,-77.22
27873,35.65,-77.79
27874,36.23,-77.61
27875,35.47,-76.5
27876,36.49,-77.44
27877,36.36,-77.48
27878,35.87,-77.84
27879,35.57,-77.28
27880,35.74,-78.1
27881,35.92,-77.59
27882,35.94,-78.09
27883,35.66,-77.81
27884,35.71,-77.27
27885,35.47,-76.27
27886,35.93,-77.58
27887,36.24,-77.5
27888,35.61,-77.71
27889,35.52,-76.89
27890,36.39,-77.75
27891,36.12,-77.83
27892,35.82,-77.1
27893,35.72,-77.93
27894,35.72,-77.9
27895,35.72,-77.93
27896,35.77,-77.97
27897,36.39,-77.31
27906,36.29,-76.21
27907,36.29,-76.26
27909,36.29,-76.27
27910,36.34,-76.99
27915,35.78,-75.64
27916,36.31,-75.92
27917,36.37,-75.99
27919,36.26,-76.54
27920,35.25,-75.57
27921,36.39,-76.2
27922,36.36,-76.91
27923,36.38,-75.95
27924,36.15,-76.85
27925,35.94,-76.2
27926,36.52,-76.59
27927,36.39,-75.83
27928,35.83,-76.57
27929,36.44,-76.01
27930,36.2,-76.37
27932,36.14,-76.58
27935,36.42,-76.8
27936,35.23,-75.61
27937,36.49,-76.82
27938,36.42,-76.71
27939,36.29,-75.98
27941,36.16,-75.83
27942,36.27,-76.79
27943,35.69,-75.71
27944,36.17,-76.37
27946,36.37,-76.63
27947,36.17,-75.86
27948,35.77,-75.63
27949,36.08,-75.7
27950,36.43,-75.98
27953,35.82,-75.85
27954,35.95,-75.68
27956,36.4,-76.0
27957,36.11,-76.91
27958,36.4,-76.06
27959,36.02,-75.66
27960,35.36,-76.19
27962,35.82,-76.61
27964,36.08,-75.8
27965,36.27,-75.91
27966,36.2,-75.87
27967,36.16,-76.97
27968,35.69,-75.71
27969,36.42,-76.7
27970,35.84,-76.55
27972,35.55,-75.47
27973,36.4,-76.09
27974,36.24,-76.02
27976,36.46,-76.28
27978,35.7,-75.77
27979,36.43,-76.62
27980,36.25,-76.63
27981,35.86,-75.64
27982,35.56,-75.47
27983,36.04,-76.94
27985,36.22,-76.47
27986,36.42,-76.95
28001,35.32,-80.25
28002,35.26,-80.11
28006,35.37,-81.09
28007,35.02,-80.09
28009,35.42,-80.16
28010,35.72,-80.9
28012,35.28,-81.2
28016,35.32,-81.23
28017,35.25,-81.69
28018,35.44,-81.79
28019,35.32,-81.83
28020,35.52,-81.63
28021,35.31,-81.24
28023,35.57,-80.6
28024,35.24,-81.78
28025,35.37,-80.56
28026,35.35,-80.54
28027,35.41,-80.66
28031,35.47,-80.87
28032,35.31,-81.13
28033,35.44,-81.34
28034,35.35,-81.22
28036,35.28,-80.84
28037,35.49,-81.06
28038,35.2,-81.54
28039,35.68,-80.45
28040,35.38,-81.77
28041,35.58,-80.46
28042,35.37,-81.54
28043,35.33,-81.85
28052,35.27,-81.18
28053,35.28,-81.21
28054,35.25,-81.13
28055,35.28,-81.19
28056,35.24,-81.17
28070,35.46,-80.9
28071,35.55,-80.31
28072,35.61,-80.44
28073,35.2,-81.47
28074,35.22,-81.89
28075,35.35,-80.67
28076,35.23,-81.8
28077,35.4,-81.19
28078,35.4,-80.87
28079,35.12,-80.6
28080,35.47,-81.11
28081,35.46,-80.67
28082,35.35,-80.54
28083,35.48,-80.57
28086,35.3,-81.49
28088,35.55,-80.61
28089,35.31,-81.66
28090,35.43,-81.57
28091,34.97,-79.99
28092,35.49,-81.18
28093,35.48,-81.24
28097,35.26,-80.42
28098,35.26,-81.1
28101,35.27,-81.09
28102,34.81,-79.98
28103,35.0,-80.36
28104,35.09,-80.7
28105,35.11,-80.7
28106,35.26,-80.8
28107,35.25,-80.54
28108,34.92,-80.64
28109,35.48,-80.27
28110,35.07,-80.53
28111,35.01,-80.56
28112,34.9,-80.53
28114,35.26,-81.7
28115,35.69,-80.82
28117,35.58,-80.87
28119,34.92,-80.14
28120,35.32,-81.03
28123,35.53,-80.95
28124,35.42,-80.42
28125,35.66,-80.7
28126,35.28,-80.72
28127,35.44,-80.23
28128,35.3,-80.2
28129,35.24,-80.32
28130,35.26,-80.8
28133,35.01,-80.26
28134,35.08,-80.89
28135,35.02,-80.21
28136,35.4,-81.63
28137,35.45,-80.28
28138,35.54,-80.46
28139,35.34,-82.0
28144,35.68,-80.45
28145,35.68,-80.48
28146,35.62,-80.4
28147,35.68,-80.56
28150,35.31,-81.56
28151,35.23,-81.57
28152,35.33,-81.58
28159,35.69,-80.43
28160,35.35,-81.92
28163,35.26,-80.42
28164,35.33,-81.06
28166,35.68,-80.9
28167,35.49,-81.98
28168,35.52,-81.42
28169,35.35,-81.43
28170,34.92,-80.05
28173,34.93,-80.73
28174,34.96,-80.43
28201,35.26,-80.8
28202,35.23,-80.84
28203,35.21,-80.86
28204,35.22,-80.83
28205,35.33,-80.83
28206,35.25,-80.82
28207,35.2,-80.83
28208,35.21,-80.92
28209,35.17,-80.85
28210,35.16,-80.85
28211,35.17,-80.79
28212,35.19,-80.75
28213,35.28,-80.76
28214,35.28,-80.86
28215,35.25,-80.79
28216,35.3,-80.9
28217,35.13,-80.96
28218,35.26,-80.8
28219,35.26,-80.8
28220,35.26,-80.8
28221,35.26,-80.8
28222,35.26,-80.8
28223,35.3,-80.73
28224,35.26,-80.8
28225,35.26,-80.8
28226,35.11,-80.83
28227,35.14,-80.71
28228,35.26,-80.8
28229,35.26,-80.8
28230,35.26,-80.8
28231,35.26,-80.8
28232,35.26,-80.8
28233,35.49,-80.83
28234,35.26,-80.8
28235,35.26,-80.8
28236,35.26,-80.8
28237,35.26,-80.8
28240,35.26,-80.8
28241,35.26,-80.8
28242,35.26,-80.8
28243,35.26,-80.8
28244,35.26,-80.8
28246,35.23,-80.84
28247,35.07,-80.85
28250,35.26,-80.8
28253,35.26,-80.8
28254,35.26,-80.8
28255,35.26,-80.8
28256,35.26,-80.8
28258,35.26,-80.8
28260,35.26,-80.8
28261,35.26,-80.8
28262,35.32,-80.75
28265,35.26,-80.8
28266,35.28,-80.86
28269,35.33,-80.8
28270,35.11,-80.76
28271,35.05,-80.77
28272,35.26,-80.8
28273,35.13,-80.93
28274,35.19,-80.83
28275,35.26,-80.8
28277,35.06,-80.82
28278,35.21,-80.96
28280,35.26,-80.8
28281,35.26,-80.8
28282,35.22,-80.84
28283,35.26,-80.8
28284,35.26,-80.8
28285,35.26,-80.8
28286,35.26,-80.8
28287,35.26,-80.8
28288,35.26,-80.8
28289,35.26,-80.8
28290,35.26,-80.8
28296,35.23,-80.85
28297,35.26,-80.8
28299,35.26,-80.8
28301,35.05,-78.78
28302,35.03,-78.91
28303,35.07,-78.96
28304,35.02,-78.99
28305,35.05,-78.91
28306,34.94,-78.88
28307,35.14,-78.99
28308,35.17,-79.01
28309,35.04,-78.84
28310,35.05,-78.8
28311,35.16,-78.91
28314,35.05,-79.01
28315,35.2,-79.52
28318,35.07,-78.59
28319,34.6,-79.2
28320,34.62,-78.73
28323,35.31,-78.91
28325,35.14,-78.1
28326,35.31,-79.35
28327,35.32,-79.43
28328,35.01,-78.42
28329,34.99,-78.28
28330,34.97,-79.8
28331,35.15,-78.92
28332,34.64,-78.74
28333,35.27,-78.03
28334,35.33,-78.69
28335,35.35,-78.63
28337,34.66,-78.62
28338,35.1,-79.71
28339,35.33,-78.71
28340,34.62,-79.15
28341,35.11,-78.1
28342,35.21,-78.65
28343,34.8,-79.58
28344,35.19,-78.68
28345,34.94,-79.65
28347,35.04,-79.55
28348,34.92,-78.93
28349,35.02,-77.9
28350,35.23,-79.32
28351,34.77,-79.57
28352,34.8,-79.48
28353,34.78,-79.48
28355,35.47,-79.17
28356,35.22,-78.78
28357,34.78,-79.16
28358,34.63,-79.11
28359,34.61,-79.01
28360,34.67,-79.11
28361,35.02,-79.25
28362,34.38,-79.13
28363,34.97,-79.61
28364,34.71,-79.32
28365,35.23,-78.09
28366,35.15,-78.33
28367,35.16,-79.74
28368,35.32,-79.11
28369,34.47,-79.03
28370,35.22,-79.45
28371,34.9,-78.99
28372,34.72,-79.13
28373,35.1,-79.47
28374,35.21,-79.41
28375,34.47,-79.04
28376,34.95,-79.23
28377,34.7,-79.11
28378,34.85,-79.06
28379,34.97,-79.72
28380,34.99,-79.77
28382,35.0,-78.45
28383,34.67,-79.2
28384,34.8,-78.97
28385,35.05,-78.51
28386,34.77,-79.03
28387,35.22,-79.39
28388,35.28,-79.43
28390,35.19,-78.98
28391,35.03,-78.7
28392,34.75,-78.81
28393,34.98,-78.2
28394,35.23,-79.34
28395,35.14,-78.75
28396,34.9,-79.4
28398,35.02,-78.03
28399,34.76,-78.68
28401,34.16,-77.95
28402,34.34,-77.9
28403,34.14,-77.87
28404,33.93,-78.07
28405,34.18,-77.84
28406,34.09,-77.85
28407,34.09,-77.85
28408,34.21,-77.79
28409,34.14,-77.86
28410,34.09,-77.85
28411,34.3,-77.8
28412,34.13,-77.92
28420,34.06,-78.49
28421,34.51,-78.09
28422,34.02,-78.17
28423,34.28,-78.35
28424,34.29,-78.7
28425,34.55,-77.94
28428,34.04,-77.9
28429,34.33,-77.89
28430,34.3,-78.73
28431,34.32,-78.89
28432,34.17,-78.79
28433,34.53,-78.59
28434,34.47,-78.48
28435,34.44,-78.12
28436,34.28,-78.26
28438,34.42,-78.89
28439,34.28,-78.99
28441,34.82,-78.32
28442,34.34,-78.65
28443,34.39,-77.66
28444,34.71,-78.26
28445,34.53,-77.51
28446,34.84,-78.35
28447,34.62,-78.23
28448,34.5,-78.32
28449,33.99,-77.92
28450,34.35,-78.75
28451,34.25,-78.08
28452,34.0,-78.55
28453,34.89,-78.03
28454,34.66,-77.71
28455,34.12,-78.69
28456,34.35,-78.25
28457,34.48,-77.82
28458,34.83,-78.02
28459,33.93,-78.41
28460,34.61,-77.43
28461,33.97,-78.24
28462,34.0,-78.22
28463,34.15,-78.64
28464,34.78,-77.97
28465,34.09,-78.13
28466,34.77,-77.94
28467,33.91,-78.4
28468,33.95,-78.33
28469,33.94,-78.27
28470,33.99,-78.31
28471,34.61,-78.03
28472,34.26,-78.63
28478,34.68,-78.04
28479,34.16,-78.06
28480,34.21,-77.86
28501,35.22,-77.62
28502,35.29,-77.66
28503,35.32,-77.6
28504,35.21,-77.66
28508,35.1,-77.82
28509,35.16,-76.63
28510,35.03,-76.8
28511,34.87,-76.59
28512,34.74,-76.76
28513,35.46,-77.36
28515,35.14,-76.71
28516,34.75,-76.61
28518,34.9,-77.79
28519,35.13,-77.02
28520,34.87,-76.59
28521,34.9,-77.77
28522,35.01,-77.52
28523,35.23,-77.3
28524,34.87,-76.59
28525,35.13,-77.69
28526,35.26,-77.36
28527,35.23,-77.02
28528,34.87,-76.59
28529,35.09,-76.83
28530,35.44,-77.4
28531,34.87,-76.59
28532,35.03,-77.05
28533,34.9,-76.9
28537,35.27,-76.58
28538,35.42,-77.59
28539,34.71,-77.22
28540,34.73,-77.41
28541,34.69,-77.39
28542,34.66,-77.46
28543,34.74,-77.38
28544,34.62,-77.42
28545,34.69,-77.39
28546,34.72,-77.44
28547,34.69,-77.36
28551,35.22,-77.63
28552,35.28,-76.58
28553,34.87,-76.59
28554,35.5,-77.65
28555,34.93,-77.28
28556,35.12,-76.67
28557,34.73,-76.77
28560,35.1,-77.18
28561,35.1,-77.08
28562,35.12,-77.19
28563,35.11,-77.06
28564,35.11,-77.06
28570,34.77,-76.88
28571,35.05,-76.72
28572,35.06,-77.69
28573,35.01,-77.24
28574,34.86,-77.58
28575,34.87,-76.59
28577,34.87,-76.59
28578,35.22,-77.9
28579,34.87,-76.59
28580,35.43,-77.7
28581,34.87,-76.59
28582,34.87,-76.59
28583,35.16,-76.63
28584,34.78,-77.17
28585,35.06,-77.43
28586,35.31,-77.18
28587,35.19,-76.66
28589,34.87,-76.59
28590,35.47,-77.33
28594,34.7,-76.86
28601,35.76,-81.31
28602,35.66,-81.27
28603,35.68,-81.29
28604,36.07,-81.91
28605,36.16,-81.71
28606,36.12,-81.23
28607,36.22,-81.7
28608,36.22,-81.71
28609,35.68,-81.04
28610,35.73,-81.13
28611,35.99,-81.73
28612,35.69,-81.54
28613,35.74,-81.21
28615,36.46,-81.6
28616,36.06,-81.89
28617,36.49,-81.39
28618,36.21,-81.54
28619,35.72,-81.64
28621,36.32,-80.8
28622,36.19,-81.92
28623,36.52,-80.98
28624,36.11,-81.41
28625,35.79,-80.9
28626,36.33,-81.51
28627,36.47,-81.01
28628,35.72,-81.82
28629,36.35,-81.37
28630,35.83,-81.45
28631,36.55,-81.41
28633,35.94,-81.54
28634,35.96,-80.78
28635,36.31,-81.12
28636,35.94,-81.15
28637,35.73,-81.5
28638,35.84,-81.48
28640,36.4,-81.41
28641,35.94,-81.88
28642,36.21,-80.8
28643,36.5,-81.55
28644,36.42,-81.3
28645,35.95,-81.56
28646,36.04,-81.92
28647,35.78,-81.68
28649,36.31,-81.2
28650,35.59,-81.16
28651,36.24,-81.22
28652,36.09,-81.93
28653,36.07,-81.9
28654,36.1,-81.17
28655,35.77,-81.68
28656,36.24,-81.05
28657,36.06,-81.93
28658,35.63,-81.17
28659,36.21,-81.07
28660,35.97,-80.86
28661,36.0,-81.56
28662,36.09,-81.88
28663,36.53,-81.3
28664,36.04,-82.0
28665,36.22,-81.18
28666,35.73,-81.5
28667,35.78,-81.43
28668,36.4,-80.99
28669,36.23,-81.0
28670,36.2,-80.93
28671,35.75,-81.56
28672,36.41,-81.49
28673,35.6,-81.0
28674,36.22,-81.21
28675,36.5,-81.14
28676,36.34,-80.85
28677,35.77,-80.9
28678,35.88,-81.16
28679,36.25,-81.84
28680,35.75,-81.7
28681,35.92,-81.21
28682,35.58,-80.97
28683,36.35,-80.99
28684,36.34,-81.58
28685,36.33,-81.03
28687,35.53,-80.95
28688,35.53,-80.95
28689,36.03,-80.89
28690,35.74,-81.62
28691,36.21,-81.78
28692,36.27,-81.8
28693,36.46,-81.57
28694,36.36,-81.48
28697,36.21,-81.13
28698,36.32,-81.74
28699,35.83,-81.01
28701,35.63,-82.56
28702,35.41,-83.48
28704,35.59,-82.54
28705,36.04,-82.21
28707,35.43,-83.09
28708,35.21,-82.9
28709,35.72,-82.53
28710,35.43,-82.54
28711,35.56,-82.46
28712,35.17,-82.75
28713,35.39,-83.51
28714,35.84,-82.27
28715,35.54,-82.53
28716,35.49,-82.96
28717,35.1,-83.09
28718,35.15,-82.64
28719,35.49,-83.35
28720,35.44,-82.24
28721,35.64,-82.98
28722,35.26,-82.12
28723,35.25,-83.13
28724,35.3,-82.39
28725,35.37,-83.26
28726,35.31,-82.44
28727,35.32,-82.5
28728,35.5,-82.71
28729,35.31,-82.59
28730,35.53,-82.4
28731,35.3,-82.4
28732,35.37,-82.49
28733,35.42,-83.78
28734,35.16,-83.42
28735,35.32,-82.5
28736,35.23,-83.11
28737,35.74,-82.06
28738,35.47,-83.0
28739,35.32,-82.45
28740,35.89,-82.32
28741,35.12,-83.42
28742,35.33,-82.52
28743,35.81,-82.75
28744,35.12,-83.3
28745,35.56,-83.01
28746,35.46,-82.18
28747,35.16,-82.83
28748,35.58,-82.68
28749,35.74,-82.06
28750,35.24,-82.24
28751,35.53,-83.04
28752,35.68,-82.03
28753,35.86,-82.71
28754,35.88,-82.52
28755,35.84,-82.2
28756,35.34,-82.16
28757,35.64,-82.32
28758,35.37,-82.49
28760,35.38,-82.48
28761,35.67,-81.91
28762,35.62,-82.15
28763,35.05,-83.39
28765,35.92,-82.11
28766,35.26,-82.64
28768,35.23,-82.75
28770,35.62,-82.3
28771,35.34,-83.77
28772,35.16,-82.84
28773,35.26,-82.29
28774,35.1,-82.99
28775,35.03,-83.33
28776,35.48,-82.52
28777,35.91,-82.08
28778,35.61,-82.45
28779,35.28,-83.19
28781,35.22,-83.79
28782,35.28,-82.18
28783,35.25,-83.04
28784,35.22,-82.42
28785,35.65,-83.14
28786,35.59,-82.96
28787,35.7,-82.59
28788,35.33,-83.23
28789,35.42,-83.26
28790,35.21,-82.49
28791,35.35,-82.53
28792,35.32,-82.45
28793,35.29,-82.5
28801,35.6,-82.57
28802,35.62,-82.67
28803,35.57,-82.58
28804,35.62,-82.59
28805,35.62,-82.52
28806,35.57,-82.61
28810,35.62,-82.53
28813,35.5,-82.5
28814,35.66,-82.49
28815,35.62,-82.53
28816,35.62,-82.53
28901,35.17,-83.87
28902,35.03,-83.88
28903,35.09,-84.04
28904,35.07,-83.78
28905,35.15,-83.9
28906,35.13,-84.04
28909,35.02,-83.91
29001,33.69,-80.19
29002,34.13,-81.23
29003,33.21,-80.97
29006,33.87,-81.41
29009,34.44,-80.53
29010,34.21,-80.31
29014,34.6,-81.08
29015,34.41,-81.27
29016,34.1,-80.92
29018,33.34,-80.57
29020,34.31,-80.61
29030,33.57,-80.71
29031,34.57,-81.48
29032,34.36,-80.54
29033,33.87,-81.29
29036,34.14,-81.33
29037,34.22,-81.87
29038,33.38,-80.96
29039,33.42,-80.92
29040,34.03,-80.48
29041,33.69,-80.21
29042,33.24,-81.1
29044,33.99,-80.95
29045,34.2,-80.8
29046,34.16,-80.24
29047,33.5,-80.58
29048,33.42,-80.4
29051,33.69,-80.21
29052,33.85,-80.73
29053,33.82,-81.1
29054,33.93,-81.41
29055,34.61,-80.94
29056,33.79,-79.83
29058,34.59,-80.72
29059,33.35,-80.44
29061,33.92,-80.82
29062,34.01,-80.57
29063,34.09,-81.13
29065,34.3,-81.29
29067,34.6,-80.54
29069,34.27,-80.01
29070,33.9,-81.42
29071,33.93,-81.25
29072,33.98,-81.25
29073,33.91,-81.34
29074,34.46,-80.79
29075,34.19,-81.4
29078,34.26,-80.73
29079,34.28,-80.1
29080,34.05,-80.04
29081,33.09,-81.01
29082,33.03,-80.76
29101,34.47,-80.26
29102,33.62,-80.21
29104,33.95,-80.22
29105,33.89,-81.68
29106,34.37,-81.1
29107,33.53,-81.12
29108,34.31,-81.61
29111,33.69,-80.21
29112,33.55,-81.08
29113,33.41,-80.98
29114,33.94,-79.9
29115,33.49,-80.82
29116,33.5,-80.82
29117,33.44,-80.8
29118,33.57,-80.92
29122,34.24,-81.33
29123,33.77,-81.25
29125,33.76,-80.46
29126,34.32,-81.41
29127,34.19,-81.55
29128,34.06,-80.51
29129,33.84,-81.66
29130,34.31,-80.93
29132,34.31,-81.13
29133,33.4,-80.7
29135,33.7,-80.87
29137,33.61,-81.37
29138,34.03,-81.77
29142,33.47,-80.78
29143,33.69,-80.21
29145,34.28,-81.62
29146,33.52,-81.27
29147,34.01,-80.97
29148,33.55,-80.32
29150,33.91,-80.35
29151,33.9,-80.37
29152,33.92,-80.37
29153,33.94,-80.32
29154,33.87,-80.43
29160,33.73,-81.1
29161,34.06,-79.93
29162,33.88,-80.02
29163,33.42,-80.43
29164,33.66,-81.42
29166,34.0,-81.74
29168,33.9,-80.5
29169,33.95,-81.19
29170,33.93,-81.15
29171,33.93,-81.25
29172,33.9,-81.09
29175,34.44,-80.6
29176,34.37,-81.1
29177,34.15,-81.26
29178,34.45,-81.56
29180,34.39,-81.08
29201,33.99,-81.02
29202,33.96,-80.98
29203,34.08,-81.04
29204,34.05,-80.98
29205,33.99,-81.0
29206,34.03,-80.95
29207,34.02,-80.94
29208,33.99,-81.02
29209,33.94,-80.94
29210,33.98,-80.99
29211,34.1,-80.92
29212,34.02,-81.2
29214,34.01,-80.97
29215,34.01,-80.97
29216,34.01,-80.97
29217,34.01,-80.97
29218,34.01,-80.97
29219,34.01,-80.97
29220,34.01,-80.97
29221,34.01,-80.97
29222,34.01,-80.97
29223,34.1,-80.92
29224,34.01,-80.97
29225,34.01,-80.97
29226,34.01,-80.97
29227,34.01,-80.97
29228,33.93,-81.25
29229,34.12,-80.88
29230,34.11,-81.06
29240,34.01,-80.97
29250,34.01,-80.97
29260,34.01,-80.97
29290,34.01,-80.97
29292,34.01,-80.97
29301,35.01,-81.99
29302,34.89,-81.83
29303,34.98,-81.92
29304,34.92,-81.86
29305,35.11,-82.11
29306,34.9,-81.86
29307,35.06,-81.98
29316,35.03,-81.98
29318,34.89,-81.97
29319,34.89,-81.97
29320,34.96,-81.99
29321,34.72,-81.73
29322,35.11,-82.04
29323,35.11,-82.01
29324,34.99,-81.83
29325,34.43,-81.89
29329,35.0,-81.83
29330,35.05,-81.83
29331,34.64,-81.86
29332,34.28,-81.98
29333,34.97,-81.91
29334,34.94,-81.99
29335,34.75,-81.88
29336,34.89,-81.97
29338,35.0,-82.06
29340,35.01,-81.63
29341,35.1,-81.71
29342,35.0,-81.65
29346,35.04,-81.98
29348,34.89,-81.97
29349,35.08,-82.03
29351,34.42,-81.8
29353,34.81,-81.64
29355,34.36,-81.66
29356,35.15,-82.15
29360,34.53,-82.06
29364,34.79,-81.48
29365,35.01,-81.99
29368,34.95,-81.99
29369,34.97,-82.03
29370,34.38,-81.97
29372,34.89,-81.77
29373,34.91,-81.75
29374,34.89,-81.94
29375,34.86,-82.11
29376,34.83,-81.95
29377,34.99,-82.14
29378,34.85,-81.77
29379,34.7,-81.65
29384,34.34,-82.1
29385,34.83,-82.01
29386,34.89,-81.97
29388,34.89,-81.99
29390,34.89,-81.97
29391,34.89,-81.97
29395,34.86,-81.74
29401,32.78,-79.94
29402,32.85,-79.86
29403,32.82,-79.97
29404,32.9,-80.07
29405,32.85,-79.99
29406,32.93,-80.02
29407,32.81,-80.09
29409,32.85,-79.86
29410,33.19,-80.03
29412,32.72,-79.95
29413,32.85,-79.86
29414,32.81,-80.03
29415,32.85,-79.86
29416,32.85,-79.86
29417,32.85,-79.86
29418,32.89,-80.05
29419,32.85,-79.86
29420,33.01,-80.2
29422,32.85,-79.86
29423,32.85,-79.86
29424,32.78,-79.94
29425,32.79,-79.95
29426,32.78,-80.33
29429,33.01,-79.66
29430,33.21,-79.82
29431,33.27,-79.87
29432,33.27,-80.79
29433,33.06,-80.63
29434,33.14,-79.88
29435,32.78,-80.43
29436,33.3,-80.12
29437,33.15,-80.49
29438,32.5,-80.31
29439,32.66,-79.93
29440,33.44,-79.37
29442,33.4,-79.23
29445,33.06,-80.01
29446,32.66,-80.57
29447,33.09,-80.62
29448,33.24,-80.45
29449,32.71,-80.27
29450,33.04,-79.78
29451,32.81,-79.76
29452,32.73,-80.46
29453,33.18,-79.71
29455,32.84,-79.82
29456,33.01,-80.11
29457,32.85,-79.86
29458,33.12,-79.51
29461,33.2,-80.02
29464,32.85,-79.82
29465,32.85,-79.86
29466,32.87,-79.8
29468,33.41,-80.07
29469,33.25,-80.1
29470,32.79,-80.22
29471,33.17,-80.66
29472,33.03,-80.37
29474,32.85,-80.6
29475,32.9,-80.82
29476,33.16,-79.9
29477,33.15,-80.48
29479,33.34,-79.92
29481,33.1,-80.68
29482,32.77,-79.84
29483,33.04,-80.43
29484,33.0,-80.23
29485,33.0,-80.33
29487,32.66,-80.17
29488,32.93,-80.7
29492,32.97,-79.85
29493,33.03,-80.84
29501,34.05,-79.69
29502,34.2,-79.78
29503,34.06,-79.65
29504,34.04,-79.69
29505,34.05,-79.69
29506,34.06,-79.62
29510,33.44,-79.41
29511,33.94,-79.04
29512,34.6,-79.71
29516,34.52,-79.64
29518,33.6,-79.71
29519,34.03,-79.35
29520,34.69,-79.94
29525,34.58,-79.59
29526,33.87,-78.95
29527,33.82,-79.02
29528,33.94,-78.92
29530,33.98,-79.76
29532,34.32,-79.93
29536,34.42,-79.34
29540,34.38,-79.84
29541,34.06,-79.73
29542,34.43,-79.35
29543,34.38,-79.28
29544,33.95,-78.99
29545,34.17,-78.96
29546,33.95,-79.36
29547,34.48,-79.35
29550,34.35,-80.07
29551,34.37,-80.13
29554,33.73,-79.43
29555,33.89,-79.49
29556,33.66,-79.84
29560,33.91,-79.74
29563,34.35,-79.24
29564,33.6,-79.71
29565,34.38,-79.48
29566,33.82,-78.76
29567,34.5,-79.35
29568,33.83,-78.89
29569,33.98,-78.92
29570,34.69,-79.56
29571,34.16,-79.36
29572,33.71,-78.85
29573,34.49,-79.48
29574,34.16,-79.27
29575,33.76,-78.91
29576,33.53,-79.05
29577,33.79,-78.97
29578,33.74,-79.0
29579,33.74,-78.98
29580,33.6,-79.71
29581,34.0,-79.1
29582,33.77,-78.77
29583,33.97,-79.6
29584,34.59,-80.17
29585,33.46,-79.18
29587,33.62,-78.96
29588,33.67,-79.02
29589,34.11,-79.32
29590,33.6,-79.71
29591,33.94,-79.77
29592,34.26,-79.48
29593,34.44,-79.88
29594,34.64,-79.59
29596,34.73,-79.83
29597,33.79,-78.97
29598,33.94,-78.92
29601,34.85,-82.4
29602,34.8,-82.4
29603,34.84,-82.37
29604,34.85,-82.45
29605,34.77,-82.37
29606,34.85,-82.45
29607,34.91,-82.38
29608,34.85,-82.45
29609,34.9,-82.39
29610,34.85,-82.45
29611,34.84,-82.42
29612,34.85,-82.45
29613,34.92,-82.43
29614,34.87,-82.36
29615,34.94,-82.36
29616,34.85,-82.45
29617,34.96,-82.47
29620,34.22,-82.45
29621,34.49,-82.64
29622,34.49,-82.78
29623,34.44,-82.84
29624,34.51,-82.71
29625,34.47,-82.69
29626,34.42,-82.71
29627,34.49,-82.57
29628,34.19,-82.49
29630,34.74,-82.8
29631,34.76,-82.8
29632,34.85,-82.71
29633,34.85,-82.71
29634,34.85,-82.71
29635,35.08,-82.51
29636,34.85,-82.45
29638,34.33,-82.34
29639,34.33,-82.43
29640,34.84,-82.64
29641,34.81,-82.65
29642,34.79,-82.59
29643,34.54,-83.03
29644,34.66,-82.24
29645,34.6,-82.11
29646,34.11,-82.13
29647,34.18,-82.16
29648,34.21,-82.17
29649,34.29,-82.15
29650,34.95,-82.37
29651,34.96,-82.33
29652,34.85,-82.45
29653,34.27,-82.21
29654,34.42,-82.51
29655,34.42,-82.61
29656,34.63,-82.77
29657,34.78,-82.71
29658,34.76,-83.28
29659,34.22,-82.63
29661,35.07,-82.53
29662,34.75,-82.27
29664,34.86,-83.19
29665,34.72,-82.91
29666,34.12,-82.0
29667,34.76,-82.76
29669,34.66,-82.54
29670,34.61,-82.6
29671,34.87,-82.71
29672,34.77,-82.95
29673,34.72,-82.39
29675,34.76,-83.09
29676,34.87,-82.98
29677,34.6,-82.76
29678,34.72,-82.96
29679,34.61,-82.94
29680,34.7,-82.29
29681,34.81,-82.27
29682,34.84,-82.83
29683,35.03,-82.49
29684,34.41,-82.66
29685,34.98,-82.78
29686,34.9,-83.04
29687,34.97,-82.38
29688,35.05,-82.35
29689,34.53,-82.89
29690,35.07,-82.37
29691,34.85,-83.07
29692,34.39,-82.25
29693,34.7,-83.15
29695,34.22,-82.3
29696,34.7,-83.04
29697,34.55,-82.61
29698,34.89,-81.97
29702,35.11,-81.49
29703,34.99,-81.18
29704,34.86,-80.94
29706,34.69,-81.17
29708,35.05,-80.99
29709,34.76,-80.13
29710,35.04,-81.17
29712,34.78,-81.0
29714,34.7,-80.94
29715,34.99,-81.16
29716,35.06,-80.97
29717,34.96,-81.43
29718,34.71,-80.39
29720,34.72,-80.68
29721,34.7,-80.78
29722,34.77,-80.66
29724,34.78,-81.02
29726,34.86,-81.23
29727,34.59,-80.17
29728,34.77,-80.38
29729,34.69,-81.0
29730,34.91,-81.05
29731,34.99,-81.18
29732,34.94,-81.09
29733,34.99,-81.18
29734,34.99,-81.18
29741,34.72,-80.19
29742,34.93,-81.34
29743,35.03,-81.41
29744,34.97,-80.85
29745,34.99,-81.21
29801,33.55,-81.7
29802,33.72,-81.59
29803,33.51,-81.7
29804,33.54,-81.6
29805,33.7,-81.65
29808,33.54,-81.6
29809,33.41,-81.69
29810,32.99,-81.29
29812,33.25,-81.35
29813,33.29,-81.48
29816,33.5,-81.85
29817,33.36,-81.3
29819,34.06,-82.2
29821,33.62,-82.13
29822,33.5,-81.86
29824,33.77,-81.99
29826,33.39,-81.38
29827,32.96,-81.25
29828,33.52,-81.83
29829,33.64,-81.79
29831,33.42,-81.72
29832,33.78,-81.82
29834,33.5,-81.84
29835,33.89,-82.26
29836,32.95,-81.35
29838,33.71,-82.22
29839,33.51,-81.6
29840,33.84,-82.32
29841,33.47,-81.74
29842,33.47,-81.86
29843,33.18,-81.18
29844,33.79,-82.21
29845,33.84,-82.32
29846,33.02,-81.23
29847,33.7,-81.86
29848,34.0,-82.15
29849,33.1,-81.21
29850,33.55,-81.69
29851,33.53,-81.8
29853,33.3,-81.38
29856,33.48,-81.55
29860,33.56,-81.86
29861,33.54,-81.6
29899,33.84,-82.32
29901,32.42,-80.57
29902,32.4,-80.65
29903,32.44,-80.74
29904,32.39,-80.66
29905,32.34,-80.69
29906,32.38,-80.76
29910,32.35,-80.9
29911,32.89,-81.21
29912,32.49,-80.99
29913,32.93,-81.18
29914,32.55,-80.68
29915,32.16,-80.79
29916,32.72,-81.15
29918,32.81,-81.18
29920,32.37,-80.54
29921,32.72,-81.21
29922,32.74,-81.19
29923,32.79,-81.13
29924,32.88,-81.13
29925,32.21,-80.8
29926,32.21,-80.75
29927,32.24,-81.07
29928,32.27,-80.64
29929,32.95,-80.95
29931,32.54,-80.7
29932,32.79,-81.13
29933,32.79,-81.13
29934,32.27,-81.06
29935,32.39,-80.68
29936,32.49,-80.93
29938,32.39,-80.66
29939,32.68,-81.25
29940,32.57,-80.72
29941,32.59,-80.72
29943,32.39,-81.01
29944,32.8,-81.08
29945,32.69,-80.89
30002,33.77,-84.24
30003,33.96,-84.04
30004,34.11,-84.3
30005,34.08,-84.23
30006,33.91,-84.56
30007,33.91,-84.56
30008,33.9,-84.59
30009,33.84,-84.47
30010,33.96,-84.04
30011,34.02,-83.83
30012,33.72,-84.0
30013,33.64,-83.97
30014,33.53,-83.85
30015,33.56,-83.86
30016,33.51,-83.86
30017,33.92,-84.04
30018,33.72,-83.8
30019,33.99,-83.88
30021,33.81,-84.24
30022,34.03,-84.24
30023,33.84,-84.47
30024,34.04,-84.03
30025,33.68,-83.68
30026,33.96,-84.09
30028,34.19,-84.09
30029,33.96,-84.04
30030,33.77,-84.29
30031,33.89,-84.07
30032,33.75,-84.27
30033,33.82,-84.29
30034,33.69,-84.25
30035,33.73,-84.2
30036,33.89,-84.07
30037,33.89,-84.07
30038,33.67,-84.14
30039,33.82,-84.02
30040,34.23,-84.16
30041,34.2,-84.1
30042,33.93,-84.1
30043,34.0,-84.01
30044,33.94,-84.07
30045,33.94,-83.96
30046,33.96,-84.04
30047,33.87,-84.07
30048,33.96,-84.04
30049,34.01,-93.99
30052,33.88,-83.9
30054,33.67,-83.87
30055,33.43,-83.79
30056,33.51,-83.71
30058,33.74,-84.1
30060,33.94,-84.54
30061,33.93,-84.56
30062,33.98,-84.49
30063,33.97,-84.51
30064,33.92,-84.63
30065,33.91,-84.56
30066,34.02,-84.5
30067,33.93,-84.46
30068,33.97,-84.45
30069,33.91,-84.56
30070,33.57,-83.9
30071,33.94,-84.21
30072,33.79,-84.21
30074,33.89,-84.07
30075,34.06,-84.37
30076,34.03,-84.32
30077,33.84,-84.47
30078,33.86,-84.01
30079,33.79,-84.26
30080,33.86,-84.56
30081,33.86,-84.71
30082,33.86,-84.53
30083,33.79,-84.2
30084,33.85,-84.22
30085,33.89,-84.07
30086,33.89,-84.07
30087,33.81,-84.14
30088,33.76,-84.18
30090,33.95,-84.55
30091,33.96,-84.04
30092,33.91,-84.14
30093,33.93,-84.18
30094,33.61,-84.07
30095,34.03,-84.13
30096,33.98,-84.15
30097,34.01,-84.14
30098,33.96,-84.04
30099,33.96,-84.11
30101,34.02,-84.67
30102,34.07,-84.59
30103,34.3,-84.91
30104,34.05,-85.08
30105,34.48,-85.15
30106,33.84,-84.63
30107,34.3,-84.44
30108,33.59,-85.12
30109,33.65,-85.14
30110,33.77,-85.17
30111,33.91,-84.56
30113,33.84,-85.21
30114,34.25,-84.49
30115,34.2,-84.42
30116,33.6,-85.05
30117,33.57,-85.08
30118,33.57,-85.1
30119,33.62,-85.07
30120,34.2,-84.85
30121,34.21,-84.77
30122,33.77,-84.65
30123,34.24,-84.85
30124,34.16,-85.33
30125,34.0,-85.24
30126,33.83,-84.6
30127,33.91,-84.69
30129,34.33,-85.23
30132,33.94,-84.87
30133,33.69,-84.74
30134,33.76,-84.78
30135,33.67,-84.75
30137,34.12,-84.76
30138,34.0,-85.17
30139,34.46,-84.74
30140,33.88,-85.23
30141,33.88,-84.84
30142,34.24,-84.46
30143,34.47,-84.43
30144,34.03,-84.6
30145,34.23,-84.96
30146,34.24,-84.46
30147,34.15,-85.22
30148,34.44,-84.3
30149,34.28,-85.18
30150,33.64,-85.18
30151,34.24,-84.46
30152,34.0,-84.65
30153,33.99,-85.09
30154,33.69,-84.74
30156,34.02,-84.61
30157,33.9,-84.86
30160,34.01,-84.58
30161,34.26,-85.22
30162,34.29,-85.21
30163,34.33,-85.23
30164,34.33,-85.23
30165,34.32,-85.27
30168,33.78,-84.6
30170,33.52,-85.17
30171,34.34,-84.74
30172,34.33,-85.23
30173,34.15,-85.12
30175,34.52,-84.52
30176,33.77,-85.26
30177,34.4,-84.38
30178,34.13,-84.97
30179,33.74,-85.03
30180,33.71,-84.98
30182,33.68,-85.25
30183,34.34,-84.58
30184,34.26,-84.75
30185,33.51,-84.91
30187,33.66,-84.78
30188,34.13,-84.48
30189,34.15,-84.48
30204,33.08,-84.15
30205,33.3,-84.45
30206,33.1,-84.46
30212,33.28,-84.29
30213,33.59,-84.61
30214,33.47,-84.48
30215,33.39,-84.47
30216,33.24,-83.9
30217,33.28,-85.13
30218,33.07,-84.61
30219,33.16,-85.17
30220,33.28,-84.74
30222,33.05,-84.74
30223,33.27,-84.29
30224,33.24,-84.27
30228,33.41,-84.27
30229,33.23,-84.57
30230,33.14,-84.96
30232,33.4,-84.5
30233,33.32,-83.98
30234,33.32,-84.03
30236,33.52,-84.34
30237,33.5,-84.35
30238,33.49,-84.38
30240,33.02,-85.07
30241,33.02,-84.96
30248,33.37,-84.12
30250,33.44,-84.31
30251,33.18,-84.7
30252,33.48,-84.06
30253,33.45,-84.15
30256,33.04,-84.38
30257,33.14,-84.15
30258,33.02,-84.44
30259,33.28,-84.74
30260,33.58,-84.33
30261,33.05,-85.05
30263,33.37,-84.82
30264,33.36,-84.81
30265,33.42,-84.71
30266,33.27,-84.3
30268,33.56,-84.71
30269,33.4,-84.57
30271,33.35,-84.76
30272,33.63,-84.52
30273,33.58,-84.27
30274,33.56,-84.4
30275,33.43,-84.87
30276,33.29,-84.6
30277,33.36,-84.66
30281,33.55,-84.21
30284,33.35,-84.29
30285,32.97,-84.22
30286,32.88,-84.34
30287,33.5,-84.35
30288,33.64,-84.34
30289,33.33,-84.64
30290,33.46,-84.59
30291,33.57,-84.55
30292,33.12,-84.4
30293,32.97,-84.63
30294,33.62,-84.29
30295,33.08,-84.32
30296,33.56,-84.43
30297,33.61,-84.37
30298,33.5,-84.35
30301,33.84,-84.47
30302,33.84,-84.47
30303,33.75,-84.39
30304,33.85,-84.43
30305,33.83,-84.39
30306,33.79,-84.36
30307,33.76,-84.36
30308,33.79,-84.38
30309,33.8,-84.39
30310,33.72,-84.43
30311,33.72,-84.47
30312,33.83,-84.38
30313,33.76,-84.4
30314,33.76,-84.43
30315,33.7,-84.38
30316,33.73,-84.36
30317,33.75,-84.35
30318,33.79,-84.44
30319,33.88,-84.33
30320,33.66,-84.42
30321,33.84,-84.47
30322,33.8,-84.32
30324,33.82,-84.37
30325,33.84,-84.47
30326,33.85,-84.36
30327,33.86,-84.42
30328,33.93,-84.4
30329,33.83,-84.32
30330,33.71,-84.43
30331,33.72,-84.58
30332,33.78,-84.4
30333,33.89,-84.07
30334,33.7,-84.44
30336,33.74,-84.55
30337,33.64,-84.46
30338,33.97,-84.32
30339,33.91,-84.43
30340,33.89,-84.25
30341,33.89,-84.28
30342,33.88,-84.38
30343,33.84,-84.47
30344,33.69,-84.45
30345,33.85,-84.28
30346,33.92,-84.34
30347,33.84,-84.47
30348,33.84,-84.47
30349,33.62,-84.55
30350,33.96,-84.31
30353,33.84,-84.47
30354,33.67,-84.39
30355,33.84,-84.47
30356,33.89,-84.07
30357,33.84,-84.47
30358,34.0,-84.34
30359,33.89,-84.07
30360,33.93,-84.28
30361,33.84,-84.47
30362,33.89,-84.07
30364,33.84,-84.47
30366,33.89,-84.07
30368,33.84,-84.47
30369,33.84,-84.47
30370,33.84,-84.47
30371,33.84,-84.47
30374,33.84,-84.47
30375,33.84,-84.47
30376,33.84,-84.47
30377,33.84,-84.47
30378,33.84,-84.47
30379,33.84,-84.47
30380,33.84,-84.47
30384,33.84,-84.47
30385,33.84,-84.47
30386,33.84,-84.47
30387,33.84,-84.47
30388,33.84,-84.47
30389,33.84,-84.47
30390,33.84,-84.47
30392,33.84,-84.47
30394,33.84,-84.47
30396,33.84,-84.47
30398,33.84,-84.47
30399,33.84,-84.47
30401,32.57,-82.35
30410,32.18,-82.52
30411,32.14,-82.83
30412,32.08,-82.48
30413,32.89,-82.47
30414,32.16,-81.87
30415,32.35,-81.66
30417,32.16,-81.92
30420,32.11,-82.03
30421,32.06,-82.03
30423,32.16,-81.87
30424,32.77,-81.63
30425,32.65,-82.1
30426,33.05,-81.68
30427,32.07,-82.01
30428,32.12,-82.72
30429,32.15,-81.93
30434,33.03,-82.44
30436,32.13,-82.33
30438,32.05,-82.0
30439,32.4,-82.05
30441,32.93,-82.17
30442,32.78,-81.97
30445,32.18,-82.57
30446,32.58,-81.48
30447,32.5,-82.48
30448,32.48,-82.37
30449,32.53,-81.53
30450,32.55,-81.92
30451,32.41,-82.09
30452,32.4,-81.89
30453,32.03,-82.15
30454,32.51,-82.71
30455,32.72,-81.79
30456,32.98,-81.84
30457,32.38,-82.56
30458,32.42,-81.78
30459,32.45,-81.78
30460,32.42,-81.78
30461,32.45,-81.72
30464,32.45,-82.26
30467,32.74,-81.63
30470,32.19,-82.52
30471,32.55,-82.18
30473,32.03,-82.52
30474,32.2,-82.39
30475,32.18,-82.37
30477,32.86,-82.41
30499,32.05,-82.0
30501,34.33,-83.84
30502,34.21,-83.79
30503,34.35,-83.95
30504,34.24,-83.89
30506,34.34,-83.86
30507,34.26,-83.82
30510,34.5,-83.59
30511,34.39,-83.47
30512,34.87,-83.97
30513,34.83,-84.33
30514,34.9,-84.02
30515,33.96,-84.04
30516,34.38,-83.03
30517,34.11,-83.69
30518,34.11,-84.03
30519,34.08,-83.93
30520,34.36,-83.15
30521,34.36,-83.25
30522,34.73,-84.43
30523,34.66,-83.51
30525,34.89,-83.38
30527,34.4,-83.78
30528,34.61,-83.75
30529,34.17,-83.57
30530,34.17,-83.4
30531,34.54,-83.57
30533,34.54,-84.02
30534,34.45,-84.16
30535,34.63,-83.57
30537,34.97,-83.36
30538,34.54,-83.26
30539,34.66,-84.49
30540,34.7,-84.45
30541,34.93,-84.44
30542,34.28,-83.89
30543,34.36,-83.74
30544,34.59,-83.56
30545,34.73,-83.72
30546,34.91,-83.73
30547,34.37,-83.49
30548,34.1,-83.72
30549,34.11,-83.59
30552,34.79,-83.44
30553,34.41,-83.14
30554,34.41,-83.7
30555,34.94,-84.4
30557,34.53,-83.23
30558,34.33,-83.54
30559,34.94,-84.27
30560,34.86,-84.25
30562,34.91,-83.4
30563,34.54,-83.52
30564,34.45,-83.91
30565,34.11,-83.47
30566,34.24,-83.9
30567,34.16,-83.6
30568,34.94,-83.38
30571,34.67,-83.71
30572,34.71,-84.03
30573,34.74,-83.4
30575,34.2,-83.71
30576,34.86,-83.46
30577,34.55,-83.29
30580,34.68,-83.44
30581,34.8,-83.42
30582,34.93,-83.83
30596,34.63,-83.51
30597,34.53,-83.98
30598,34.59,-83.35
30599,34.13,-83.59
30601,33.99,-83.35
30602,33.93,-83.37
30603,33.95,-83.41
30604,33.94,-83.39
30605,33.92,-83.36
30606,33.95,-83.43
30607,34.0,-83.44
30608,33.94,-83.39
30609,33.95,-83.38
30612,33.94,-83.39
30619,33.89,-83.22
30620,33.94,-83.72
30621,33.81,-83.48
30622,33.9,-83.52
30623,33.75,-83.51
30624,34.16,-82.96
30625,33.53,-83.37
30627,34.06,-83.1
30628,34.09,-83.2
30629,34.11,-83.14
30630,33.91,-83.16
30631,33.58,-82.86
30633,34.15,-83.26
30634,34.19,-82.94
30635,34.13,-82.84
30638,33.76,-83.42
30639,34.27,-83.15
30641,33.78,-83.58
30642,33.56,-83.19
30643,34.36,-82.94
30645,33.8,-83.52
30646,34.09,-83.31
30647,34.12,-83.29
30648,33.85,-83.02
30650,33.59,-83.49
30655,33.79,-83.7
30656,33.84,-83.71
30660,33.76,-82.9
30662,34.3,-83.19
30663,33.61,-83.6
30664,33.56,-82.79
30665,33.56,-83.07
30666,33.98,-83.59
30667,33.8,-83.15
30668,33.88,-82.75
30669,33.63,-83.12
30671,33.74,-83.17
30673,33.73,-82.71
30677,33.82,-83.43
30678,33.46,-83.08
30680,33.99,-83.7
30683,33.93,-83.29
30701,34.5,-84.89
30703,34.48,-84.76
30705,34.79,-84.77
30707,34.76,-85.35
30708,34.87,-84.76
30710,34.87,-84.92
30711,34.89,-84.74
30719,34.8,-84.99
30720,34.79,-84.99
30721,34.79,-84.91
30722,34.76,-84.95
30724,34.79,-84.78
30725,34.85,-85.24
30726,34.98,-85.14
30728,34.7,-85.26
30730,34.39,-85.42
30731,34.52,-85.41
30732,34.57,-84.71
30733,34.41,-85.05
30734,34.54,-84.72
30735,34.58,-84.91
30736,34.89,-85.12
30738,34.81,-85.5
30739,34.8,-85.21
30740,34.77,-85.07
30741,34.8,-85.25
30742,34.93,-85.18
30746,34.57,-85.03
30747,34.48,-85.32
30750,34.93,-85.38
30751,34.98,-84.74
30752,34.87,-85.5
30753,34.53,-85.37
30755,34.88,-85.05
30756,34.93,-84.99
30757,34.92,-85.45
30802,33.57,-82.31
30803,33.14,-82.53
30805,33.36,-82.2
30806,33.53,-82.51
30807,33.45,-82.64
30808,33.4,-82.4
30809,33.55,-82.14
30810,33.22,-82.6
30811,33.05,-81.93
30812,33.39,-82.09
30813,33.47,-82.21
30814,33.46,-82.31
30815,33.32,-82.06
30816,33.16,-82.13
30817,33.81,-82.45
30818,33.19,-82.34
30819,33.43,-82.63
30820,33.23,-82.63
30821,33.48,-82.72
30822,32.87,-81.88
30823,33.18,-82.44
30824,33.49,-82.51
30828,33.41,-82.64
30830,33.08,-81.99
30833,33.19,-82.36
30901,33.46,-81.97
30903,33.39,-82.09
30904,33.48,-82.02
30905,33.41,-82.13
30906,33.36,-82.01
30907,33.46,-82.07
30909,33.42,-82.06
30910,33.39,-82.09
30911,33.39,-82.09
30912,33.39,-82.09
30913,33.39,-82.09
30914,33.39,-82.09
30916,33.39,-82.09
30917,33.53,-82.24
30919,33.39,-82.09
30999,33.39,-82.09
31001,31.98,-83.37
31002,32.57,-82.54
31003,32.61,-83.21
31004,32.95,-83.8
31005,32.54,-83.66
31006,32.57,-84.23
31007,32.19,-83.9
31008,32.62,-83.79
31009,32.3,-83.01
31010,31.92,-83.79
31011,32.15,-83.06
31012,32.31,-83.16
31013,32.34,-83.69
31014,32.38,-83.32
31015,31.92,-83.78
31016,32.9,-84.06
31017,32.61,-83.27
31018,32.97,-82.65
31019,32.43,-83.04
31020,32.72,-83.46
31021,32.46,-82.94
31022,32.51,-83.11
31023,32.14,-83.19
31024,33.32,-83.36
31025,32.36,-83.75
31027,32.55,-82.78
31028,32.57,-83.7
31029,33.03,-83.92
31030,32.56,-83.85
31031,32.88,-83.3
31032,32.99,-83.57
31033,33.06,-83.42
31034,33.02,-83.25
31035,32.86,-82.7
31036,32.28,-83.49
31037,32.05,-82.97
31038,33.21,-83.62
31039,32.56,-84.23
31040,32.54,-82.91
31041,32.37,-84.21
31042,32.75,-83.15
31044,32.66,-83.33
31045,33.3,-82.76
31046,33.03,-83.8
31047,32.45,-83.65
31049,32.7,-82.53
31050,32.72,-83.92
31051,32.15,-83.89
31052,32.78,-83.82
31054,32.89,-83.23
31055,32.05,-82.91
31057,32.44,-83.91
31058,32.56,-84.23
31059,33.08,-83.23
31060,31.96,-82.93
31061,33.07,-83.24
31062,33.09,-83.22
31063,32.24,-83.86
31064,33.34,-83.7
31065,32.56,-83.16
31066,32.79,-83.98
31067,32.88,-82.95
31068,32.33,-84.1
31069,32.43,-83.72
31070,32.18,-83.78
31071,32.1,-83.5
31072,31.95,-83.54
31073,32.18,-83.12
31075,32.38,-82.97
31076,32.55,-84.09
31077,32.18,-83.12
31078,32.69,-84.01
31079,31.95,-83.45
31081,32.56,-84.23
31082,32.97,-82.84
31083,32.08,-82.91
31084,31.99,-83.39
31085,33.44,-83.63
31086,32.99,-83.88
31087,33.26,-83.09
31088,32.56,-83.64
31089,32.87,-82.78
31090,32.81,-83.07
31091,32.22,-83.73
31092,32.12,-83.79
31093,32.59,-83.66
31094,33.08,-82.81
31095,32.49,-83.67
31096,32.64,-82.66
31097,32.9,-84.21
31098,32.49,-83.64
31099,32.65,-83.65
31106,33.84,-84.47
31107,33.84,-84.47
31119,33.89,-84.07
31126,33.84,-84.47
31131,33.84,-84.47
31139,33.84,-84.47
31141,33.89,-84.07
31145,33.89,-84.07
31146,33.89,-84.07
31150,33.84,-84.47
31156,33.84,-84.47
31191,33.84,-84.47
31192,33.84,-84.47
31193,33.84,-84.47
31195,33.84,-84.47
31196,33.84,-84.47
31197,33.84,-84.47
31198,33.84,-84.47
31199,33.84,-84.47
31201,32.83,-83.6
31202,32.81,-83.69
31203,32.81,-83.69
31204,32.85,-83.67
31205,32.81,-83.69
31206,32.83,-83.67
31207,32.83,-83.65
31208,32.81,-83.69
31209,32.81,-83.69
31210,32.84,-83.68
31211,32.87,-83.61
31212,32.81,-83.69
31213,32.84,-83.64
31216,32.75,-83.75
31217,32.81,-83.57
31220,32.86,-83.8
31221,32.81,-83.69
31294,32.81,-83.69
31295,32.81,-83.57
31296,32.81,-83.69
31297,32.7,-83.66
31298,32.87,-83.71
31299,32.81,-83.69
31301,31.78,-81.6
31302,32.11,-81.29
31303,32.49,-81.32
31304,31.5,-81.38
31305,31.41,-81.37
31307,32.17,-81.35
31308,32.16,-81.5
31309,31.88,-81.46
31310,31.81,-81.44
31312,32.33,-81.38
31313,31.8,-81.52
31314,31.81,-81.44
31315,31.84,-81.65
31316,31.78,-81.77
31318,32.15,-81.37
31319,31.46,-81.37
31320,31.78,-81.42
31321,32.01,-81.51
31322,32.07,-81.08
31323,31.79,-81.57
31324,31.95,-81.41
31326,32.29,-81.29
31327,31.5,-81.38
31328,32.01,-80.86
31329,32.37,-81.36
31331,31.51,-81.36
31333,31.77,-81.62
31401,32.07,-81.14
31402,31.97,-81.07
31403,31.97,-81.07
31404,32.05,-81.12
31405,32.07,-81.18
31406,31.98,-81.09
31407,32.17,-81.2
31408,32.11,-81.17
31409,31.97,-81.07
31410,32.02,-81.0
31411,31.94,-81.05
31412,31.97,-81.07
31414,31.97,-81.07
31415,32.08,-81.13
31416,32.01,-81.05
31418,31.97,-81.07
31419,32.01,-81.21
31420,31.97,-81.07
31421,31.97,-81.07
31422,31.97,-81.07
31498,31.97,-81.07
31499,31.97,-81.07
31501,31.22,-82.36
31502,31.02,-82.42
31503,31.19,-82.38
31510,31.58,-82.46
31512,31.55,-82.99
31513,31.76,-82.35
31515,31.72,-82.3
31516,31.33,-82.27
31518,31.48,-82.21
31519,31.67,-82.86
31520,31.23,-81.49
31521,31.24,-81.53
31522,31.21,-81.45
31523,31.22,-81.55
31524,31.22,-81.48
31525,31.28,-81.53
31527,31.06,-81.42
31532,31.8,-82.71
31533,31.51,-82.86
31534,31.57,-82.85
31535,31.5,-82.82
31537,30.86,-82.03
31539,31.81,-82.63
31542,31.18,-82.12
31543,31.27,-81.81
31544,31.83,-82.98
31545,31.6,-81.96
31546,31.53,-81.8
31547,30.8,-81.63
31548,30.78,-81.69
31549,31.93,-82.68
31550,31.17,-82.59
31551,31.45,-82.23
31552,31.31,-82.6
31553,31.16,-81.95
31554,31.5,-82.7
31555,31.69,-82.04
31556,31.41,-82.12
31557,31.37,-82.12
31558,30.84,-81.63
31560,31.51,-82.01
31561,31.2,-81.33
31563,31.73,-82.19
31564,31.02,-82.42
31565,31.07,-81.63
31566,31.19,-81.89
31567,31.61,-82.72
31568,31.0,-81.78
31569,30.94,-81.7
31598,31.58,-81.88
31599,31.58,-81.88
31601,30.75,-83.33
31602,30.89,-83.33
31603,30.83,-83.25
31604,30.83,-83.25
31605,30.95,-83.25
31606,30.83,-83.25
31620,31.15,-83.41
31622,31.38,-83.22
31623,31.06,-82.69
31624,31.3,-82.85
31625,30.86,-83.53
31626,30.83,-83.91
31627,31.04,-83.39
31629,30.76,-83.71
31630,30.98,-82.88
31631,31.06,-82.77
31632,30.94,-83.33
31634,31.05,-82.76
31635,31.04,-83.1
31636,30.75,-83.18
31637,31.27,-83.47
31638,30.92,-83.54
31639,31.2,-83.22
31641,30.9,-83.13
31642,31.34,-82.85
31643,30.79,-83.59
31645,31.08,-83.23
31646,30.43,-82.17
31647,31.21,-83.41
31648,30.77,-83.04
31649,30.96,-83.01
31650,31.36,-82.97
31698,30.85,-83.29
31699,30.98,-83.21
31701,31.56,-84.18
31702,31.59,-84.19
31703,31.54,-84.22
31704,31.55,-84.06
31705,31.55,-84.08
31706,31.56,-84.18
31707,31.53,-84.29
31708,31.59,-84.13
31709,32.04,-84.22
31710,32.05,-84.18
31711,32.16,-84.16
31712,31.85,-83.73
31713,31.48,-84.7
31714,31.72,-83.64
31715,30.84,-84.51
31716,31.36,-84.1
31717,30.89,-84.62
31718,30.9,-84.57
31720,30.86,-83.53
31722,31.08,-83.65
31723,31.35,-84.9
31724,31.56,-84.85
31725,30.91,-84.7
31726,31.82,-84.34
31727,31.44,-83.5
31728,30.86,-84.23
31729,30.71,-84.35
31730,31.25,-84.24
31732,31.3,-84.87
31733,31.56,-83.51
31734,30.89,-84.47
31735,31.97,-83.98
31736,31.78,-84.75
31737,31.16,-84.71
31738,30.98,-83.87
31739,31.26,-84.25
31740,31.73,-84.83
31741,31.3,-84.72
31742,31.77,-84.44
31743,31.94,-84.03
31744,31.27,-83.89
31745,30.92,-84.87
31746,31.51,-84.72
31747,31.18,-83.59
31749,31.42,-83.36
31750,31.75,-83.24
31751,31.64,-85.05
31752,30.79,-84.55
31753,31.21,-83.88
31754,31.84,-85.1
31756,31.2,-83.95
31757,30.85,-83.89
31758,30.87,-83.93
31759,30.99,-84.83
31760,31.71,-83.41
31761,31.09,-84.99
31762,31.48,-84.51
31763,31.76,-84.16
31764,32.0,-84.09
31765,31.02,-84.06
31766,31.54,-84.61
31767,31.88,-85.02
31768,31.18,-83.79
31769,31.62,-83.25
31770,31.37,-84.34
31771,31.25,-83.65
31772,31.73,-83.96
31773,30.97,-84.03
31774,31.57,-83.27
31775,31.36,-83.59
31776,31.17,-83.79
31777,31.91,-84.51
31778,30.87,-83.9
31779,31.23,-84.22
31780,32.03,-84.37
31781,31.54,-83.78
31782,31.54,-84.22
31783,31.78,-83.53
31784,31.27,-84.05
31785,31.69,-84.33
31786,31.76,-84.61
31787,31.77,-84.22
31789,31.48,-83.73
31790,31.65,-83.58
31791,31.6,-83.85
31792,30.83,-83.95
31793,31.49,-83.5
31794,31.46,-83.5
31795,31.48,-83.59
31796,31.76,-83.88
31797,30.9,-84.31
31798,31.57,-83.09
31799,30.88,-83.89
31801,32.7,-84.49
31803,32.25,-84.49
31804,32.66,-84.86
31805,32.29,-84.74
31806,32.21,-84.28
31807,32.63,-84.79
31808,32.56,-84.99
31810,32.7,-84.49
31811,32.75,-84.93
31812,32.7,-84.49
31814,32.08,-84.85
31815,32.07,-84.73
31816,32.91,-84.62
31820,32.57,-84.85
31821,32.08,-84.85
31822,32.83,-84.9
31823,32.82,-84.82
31824,32.08,-84.54
31825,32.07,-84.72
31826,32.79,-84.73
31827,32.67,-84.54
31829,32.56,-84.73
31830,32.91,-84.72
31831,32.74,-84.79
31832,32.08,-84.54
31833,32.91,-85.08
31836,32.79,-84.57
31901,32.47,-84.98
31902,32.52,-84.96
31903,32.42,-84.93
31904,32.53,-85.0
31905,32.39,-84.93
31906,32.49,-84.95
31907,32.48,-84.91
31908,32.53,-84.91
31909,32.54,-84.92
31914,32.49,-84.87
31917,32.49,-84.87
31993,32.48,-84.98
31994,32.49,-84.87
31995,32.5,-84.96
31997,32.49,-84.87
31998,32.49,-84.87
31999,32.49,-84.87
32003,30.1,-81.71
32004,29.94,-81.42
32007,29.8,-81.63
32008,30.1,-82.91
32009,30.52,-81.91
32011,30.56,-81.84
32013,30.04,-83.12
32024,30.11,-82.69
32025,30.16,-82.64
32030,30.11,-81.77
32033,29.81,-81.47
32034,30.61,-81.68
32035,30.55,-81.7
32038,30.21,-82.63
32040,30.3,-82.19
32041,30.62,-81.59
32042,29.97,-82.12
32043,30.0,-81.76
32044,29.86,-82.14
32046,30.67,-81.89
32050,30.03,-81.85
32052,30.5,-82.99
32053,30.56,-83.15
32054,30.01,-82.34
32055,30.16,-82.65
32056,30.16,-82.65
32058,30.05,-82.13
32059,30.5,-83.36
32060,30.18,-83.03
32061,30.21,-82.63
32062,30.19,-82.98
32063,30.28,-82.16
32064,30.33,-82.96
32065,29.99,-81.88
32066,30.15,-83.21
32067,29.96,-81.82
32068,30.08,-81.85
32071,30.04,-82.93
32072,30.36,-82.25
32073,30.12,-81.79
32079,29.98,-81.8
32080,29.82,-81.27
32082,30.1,-81.38
32083,30.05,-82.21
32084,29.85,-81.33
32085,29.94,-81.42
32086,29.78,-81.3
32087,30.29,-82.33
32091,29.93,-82.18
32092,29.92,-81.5
32094,30.19,-82.86
32095,29.98,-81.45
32096,30.39,-82.77
32097,30.66,-81.68
32099,30.34,-81.77
32102,29.17,-81.58
32105,29.2,-81.41
32110,29.4,-81.33
32111,29.06,-81.97
32112,29.51,-81.68
32113,29.41,-82.08
32114,29.15,-81.05
32115,29.02,-81.17
32116,29.11,-80.98
32117,29.19,-81.23
32118,29.21,-81.0
32119,29.15,-81.03
32120,29.02,-81.17
32121,29.02,-81.17
32122,29.02,-81.17
32123,29.02,-81.17
32124,29.14,-81.14
32125,29.02,-81.17
32126,29.02,-81.17
32127,29.11,-80.98
32128,29.1,-81.07
32129,29.02,-81.17
32130,29.18,-81.33
32131,29.61,-81.7
32132,28.97,-80.92
32133,29.01,-81.91
32134,29.39,-81.86
32135,29.47,-81.28
32136,29.51,-81.18
32137,29.56,-81.2
32138,29.7,-81.92
32139,29.38,-81.62
32140,29.61,-81.73
32141,28.93,-80.9
32142,29.47,-81.28
32145,29.69,-81.41
32147,29.66,-81.78
32148,29.6,-81.76
32149,29.58,-81.74
32151,29.47,-81.28
32157,29.46,-81.59
32158,28.81,-81.65
32159,28.92,-81.89
32160,29.77,-81.99
32162,28.92,-82.0
32164,29.49,-81.2
32168,28.95,-81.03
32169,29.13,-81.13
32170,29.02,-81.17
32173,29.02,-81.17
32174,29.31,-81.18
32175,29.02,-81.17
32176,29.34,-81.25
32177,29.61,-81.79
32178,29.64,-81.67
32179,29.09,-81.91
32180,29.24,-81.47
32181,29.54,-81.61
32182,29.49,-81.96
32183,29.06,-81.91
32185,29.74,-81.96
32187,29.59,-81.59
32189,29.54,-81.63
32190,29.29,-81.5
32192,29.33,-82.1
32193,29.46,-81.64
32195,29.01,-81.88
32198,29.02,-81.17
32201,30.39,-81.68
32202,30.33,-81.66
32203,30.32,-81.55
32204,30.32,-81.68
32205,30.33,-81.83
32206,30.35,-81.67
32207,30.29,-81.63
32208,30.39,-81.69
32209,30.35,-81.81
32210,30.27,-81.79
32211,30.35,-81.58
32212,30.21,-81.69
32214,30.34,-81.68
32215,30.24,-81.89
32216,30.28,-81.54
32217,30.24,-81.62
32218,30.48,-81.68
32219,30.38,-81.75
32220,30.34,-81.86
32221,30.26,-81.85
32222,30.22,-81.82
32223,30.17,-81.63
32224,30.24,-81.72
32225,30.33,-81.5
32226,30.48,-81.53
32227,30.38,-81.42
32228,30.38,-81.44
32229,30.34,-81.68
32230,30.34,-81.68
32231,30.34,-81.68
32232,30.34,-81.68
32233,30.35,-81.52
32234,30.28,-81.97
32235,30.34,-81.68
32236,30.34,-81.68
32237,30.34,-81.68
32238,30.34,-81.68
32239,30.34,-81.68
32240,30.34,-81.68
32241,30.34,-81.68
32244,30.22,-81.75
32245,30.34,-81.68
32246,30.29,-81.51
32247,30.34,-81.68
32250,30.28,-81.42
32254,30.36,-81.67
32255,30.29,-81.39
32256,30.21,-81.54
32257,30.19,-81.6
32258,30.16,-81.56
32259,29.88,-81.56
32260,29.94,-81.42
32266,30.32,-81.41
32267,30.34,-81.68
32276,30.33,-81.66
32277,30.37,-81.59
32301,30.42,-84.2
32302,30.48,-84.35
32303,30.54,-84.25
32304,30.44,-84.35
32305,30.13,-84.41
32306,30.44,-84.3
32307,30.43,-84.29
32308,30.56,-84.18
32309,30.51,-84.19
32310,30.36,-84.46
32311,30.43,-84.14
32312,30.57,-84.22
32313,30.48,-84.35
32314,30.48,-84.35
32315,30.48,-84.35
32316,30.48,-84.35
32317,30.48,-84.35
32318,30.5,-84.33
32320,29.82,-84.85
32321,30.42,-84.98
32322,29.85,-84.74
32323,29.88,-84.6
32324,30.64,-84.78
32326,30.18,-84.35
32327,30.17,-84.43
32328,29.75,-84.82
32329,29.75,-85.02
32330,30.57,-84.74
32331,30.44,-83.52
32332,30.59,-84.56
32333,30.59,-84.57
32334,30.29,-84.85
32335,30.29,-84.85
32336,30.3,-83.9
32337,30.34,-83.84
32340,30.53,-83.39
32341,30.48,-83.39
32343,30.57,-84.43
32344,30.5,-83.84
32345,30.34,-83.84
32346,30.02,-84.39
32347,29.93,-83.55
32348,29.97,-83.66
32350,30.58,-83.33
32351,30.56,-84.63
32352,30.67,-84.75
32353,30.55,-84.61
32355,30.16,-84.21
32356,29.85,-83.44
32357,30.21,-83.71
32358,30.14,-84.55
32359,29.69,-83.38
32360,30.29,-84.85
32361,30.34,-83.84
32362,30.32,-84.27
32395,30.48,-84.35
32399,30.45,-84.29
32401,30.19,-85.66
32402,30.23,-85.69
32403,30.09,-85.63
32404,30.15,-85.52
32405,30.21,-85.67
32406,30.23,-85.69
32407,30.2,-85.81
32408,30.17,-85.71
32409,30.31,-85.69
32410,29.94,-85.41
32411,30.23,-85.69
32412,30.23,-85.69
32413,30.17,-85.69
32417,30.24,-85.92
32420,30.64,-85.38
32421,30.55,-85.17
32422,30.71,-86.03
32423,30.94,-85.06
32424,30.44,-85.05
32425,30.88,-85.68
32426,30.94,-85.35
32427,30.71,-85.79
32428,30.63,-85.58
32430,30.4,-85.16
32431,30.8,-85.29
32432,30.72,-85.08
32433,30.64,-86.15
32434,30.76,-86.34
32435,30.6,-86.12
32437,30.45,-85.87
32438,30.45,-85.49
32439,30.56,-86.17
32440,30.88,-85.36
32442,30.72,-85.08
32443,30.86,-85.15
32444,30.09,-85.54
32445,30.96,-85.19
32446,30.8,-85.23
32447,30.76,-85.2
32448,30.67,-85.21
32449,30.4,-85.16
32452,30.85,-85.77
32454,30.6,-86.12
32455,30.85,-85.93
32456,29.93,-85.24
32457,29.9,-85.24
32459,30.51,-86.16
32460,30.78,-84.96
32461,30.25,-85.94
32462,30.59,-85.74
32463,30.64,-85.59
32464,30.87,-85.93
32465,30.03,-85.22
32466,30.38,-85.52
32501,30.42,-87.26
32502,30.47,-87.23
32503,30.46,-87.22
32504,30.49,-87.21
32505,30.46,-87.26
32506,30.39,-87.35
32507,30.36,-87.38
32508,30.36,-87.31
32509,30.46,-87.34
32511,30.61,-87.28
32512,30.39,-87.3
32513,30.56,-87.26
32514,30.54,-87.24
32516,30.61,-87.28
32520,30.41,-87.2
32521,30.61,-87.28
32522,30.61,-87.28
32523,30.61,-87.28
32524,30.61,-87.28
32526,30.49,-87.36
32530,30.6,-87.03
32531,30.86,-86.67
32533,30.67,-87.35
32534,30.53,-87.29
32535,30.96,-87.36
32536,30.71,-86.56
32537,30.74,-86.66
32538,30.97,-86.31
32539,30.78,-86.48
32540,30.66,-86.59
32541,30.58,-86.57
32542,30.54,-86.61
32544,30.42,-86.7
32547,30.45,-86.63
32548,30.42,-86.63
32549,30.66,-86.59
32550,30.38,-86.35
32559,30.36,-87.28
32560,30.58,-87.29
32561,30.67,-87.06
32562,30.66,-87.05
32563,30.66,-87.05
32564,30.74,-86.72
32565,30.88,-87.1
32566,30.43,-86.93
32567,30.72,-86.51
32568,30.87,-87.45
32569,30.66,-86.6
32570,30.79,-86.99
32571,30.67,-87.18
32572,30.66,-87.05
32573,30.61,-87.28
32574,30.61,-87.28
32575,30.61,-87.28
32576,30.61,-87.28
32577,30.69,-87.39
32578,30.69,-86.57
32579,30.58,-86.58
32580,30.51,-86.5
32581,30.61,-87.28
32582,30.61,-87.28
32583,30.58,-86.97
32588,30.66,-86.59
32589,30.61,-87.28
32590,30.61,-87.28
32591,30.61,-87.28
32592,30.61,-87.28
32593,30.61,-87.28
32594,30.61,-87.28
32595,30.61,-87.28
32596,30.61,-87.28
32597,30.53,-87.28
32598,30.61,-87.28
32601,29.68,-82.35
32602,29.63,-82.4
32603,29.72,-82.35
32604,29.57,-82.4
32605,29.68,-82.47
32606,29.7,-82.4
32607,29.65,-82.44
32608,29.58,-82.41
32609,29.76,-82.4
32610,29.68,-82.35
32611,29.68,-82.35
32612,29.68,-82.35
32613,29.68,-82.35
32614,29.68,-82.35
32615,29.81,-82.47
32616,29.79,-82.5
32617,29.34,-82.08
32618,29.57,-82.51
32619,29.75,-82.87
32621,29.43,-82.55
32622,29.91,-82.3
32625,29.19,-82.99
32626,29.39,-82.83
32627,29.68,-82.35
32628,29.68,-83.09
32631,29.73,-82.1
32633,29.68,-82.35
32634,29.35,-82.28
32635,29.68,-82.35
32639,29.24,-82.74
32640,29.64,-82.33
32641,29.68,-82.2
32643,29.74,-82.37
32644,29.46,-82.86
32648,29.54,-83.19
32653,29.77,-82.38
32654,29.68,-82.35
32655,29.82,-82.6
32656,29.81,-81.95
32658,29.83,-82.42
32662,29.68,-82.35
32663,29.34,-82.21
32664,29.44,-82.23
32666,29.7,-81.97
32667,29.57,-82.42
32668,29.33,-82.7
32669,29.69,-82.56
32680,29.67,-83.0
32681,29.43,-82.24
32683,29.31,-82.79
32686,29.36,-82.25
32692,29.33,-83.14
32693,29.67,-82.81
32694,29.8,-82.16
32696,29.35,-82.64
32697,29.93,-82.43
32701,28.67,-81.37
32702,29.06,-81.58
32703,28.64,-81.49
32704,28.57,-81.26
32706,28.97,-81.24
32707,28.66,-81.31
32708,28.69,-81.22
32709,28.49,-81.01
32710,28.57,-81.26
32712,28.73,-81.54
32713,28.89,-81.32
32714,28.69,-81.28
32715,28.74,-81.22
32716,28.74,-81.22
32718,28.74,-81.22
32719,28.74,-81.22
32720,29.07,-81.4
32721,29.0,-81.3
32722,29.02,-81.17
32724,29.06,-81.1
32725,28.9,-81.25
32726,28.71,-81.68
32727,28.86,-81.67
32728,29.02,-81.17
32730,28.65,-81.34
32732,28.75,-81.11
32733,28.61,-81.26
32735,28.9,-81.74
32736,28.91,-81.52
32738,28.94,-81.23
32739,29.02,-81.17
32744,28.99,-81.22
32746,28.76,-81.35
32747,28.83,-81.33
32750,28.71,-81.34
32751,28.63,-81.36
32752,28.74,-81.22
32753,28.88,-81.31
32754,28.7,-80.9
32756,28.81,-81.65
32757,28.77,-81.64
32759,28.85,-80.99
32762,28.74,-81.22
32763,28.94,-81.3
32764,28.85,-81.08
32765,28.67,-81.21
32766,28.66,-81.11
32767,28.98,-81.48
32768,28.7,-81.57
32771,28.79,-81.3
32772,28.81,-81.25
32773,28.75,-81.26
32774,29.02,-81.17
32775,28.77,-80.87
32776,28.83,-81.51
32777,28.57,-81.26
32778,28.77,-81.73
32779,28.72,-81.29
32780,28.55,-80.85
32781,28.31,-80.69
32782,28.31,-80.69
32783,28.31,-80.69
32784,28.93,-81.68
32789,28.6,-81.36
32790,28.57,-81.26
32791,28.74,-81.22
32792,28.6,-81.3
32793,28.57,-81.26
32794,28.57,-81.26
32795,28.74,-81.22
32796,28.51,-80.83
32798,28.72,-81.58
32799,28.74,-81.22
32801,28.55,-81.37
32802,28.52,-81.34
32803,28.56,-81.34
32804,28.58,-81.4
32805,28.53,-81.41
32806,28.51,-81.36
32807,28.55,-81.31
32808,28.58,-81.44
32809,28.46,-81.39
32810,28.6,-81.43
32811,28.52,-81.45
32812,28.47,-81.39
32814,28.57,-81.26
32815,28.31,-80.69
32816,28.57,-81.26
32817,28.59,-81.23
32818,28.59,-81.5
32819,28.45,-81.47
32820,28.57,-81.12
32821,28.39,-81.47
32822,28.49,-81.29
32824,28.44,-81.35
32825,28.54,-81.22
32826,28.51,-81.34
32827,28.4,-81.29
32828,28.53,-81.18
32829,28.47,-81.24
32830,28.39,-81.51
32831,28.47,-81.15
32832,28.39,-81.18
32833,28.51,-81.07
32834,28.57,-81.26
32835,28.52,-81.48
32836,28.41,-81.53
32837,28.39,-81.43
32839,28.49,-81.41
32853,28.57,-81.26
32854,28.57,-81.26
32855,28.55,-81.1
32856,28.55,-81.42
32857,28.57,-81.26
32858,28.57,-81.26
32859,28.44,-81.4
32860,28.57,-81.26
32861,28.57,-81.26
32862,28.42,-81.33
32867,28.57,-81.26
32868,28.57,-81.26
32869,28.57,-81.26
32872,28.57,-81.26
32877,28.57,-81.26
32878,28.57,-81.26
32886,28.57,-81.26
32887,28.57,-81.26
32890,28.57,-81.26
32891,28.57,-81.26
32893,28.57,-81.26
32897,28.57,-81.26
32898,28.57,-81.26
32899,28.31,-80.69
32901,28.01,-80.59
32902,28.31,-80.69
32903,28.11,-80.58
32904,28.05,-80.74
32905,27.97,-80.61
32906,28.07,-80.65
32907,28.02,-80.66
32908,27.96,-80.69
32909,27.93,-80.64
32910,28.31,-80.69
32911,28.31,-80.69
32912,28.31,-80.69
32919,28.31,-80.69
32920,28.39,-80.61
32922,28.32,-80.72
32923,28.43,-80.83
32924,28.31,-80.69
32925,28.17,-80.58
32926,28.39,-80.8
32927,28.46,-80.8
32931,28.33,-80.62
32932,28.31,-80.69
32934,28.09,-80.63
32935,28.21,-80.68
32936,28.31,-80.69
32937,28.17,-80.62
32940,28.22,-80.7
32941,27.92,-80.52
32948,27.78,-80.61
32949,27.94,-80.56
32950,28.07,-80.6
32951,27.95,-80.63
32952,28.28,-80.66
32953,28.39,-80.73
32954,28.23,-80.67
32955,28.29,-80.72
32956,28.33,-80.73
32957,27.71,-80.57
32958,27.8,-80.48
32959,28.31,-80.69
32960,27.64,-80.4
32961,27.62,-80.42
32962,27.66,-80.48
32963,27.69,-80.38
32964,27.71,-80.57
32965,27.71,-80.57
32966,27.7,-80.63
32967,27.7,-80.47
32968,27.59,-80.53
32969,27.71,-80.57
32970,27.75,-80.47
32971,27.71,-80.57
32976,27.87,-80.54
32978,27.71,-80.57
33001,24.83,-80.8
33002,25.56,-80.46
33004,26.06,-80.16
33008,26.15,-80.45
33009,25.99,-80.15
33010,25.83,-80.29
33011,25.56,-80.46
33012,25.86,-80.22
33013,25.86,-80.27
33014,25.91,-80.29
33015,25.91,-80.36
33016,25.89,-80.37
33017,25.56,-80.46
33018,25.91,-80.39
33019,26.09,-80.19
33020,26.02,-80.16
33021,26.02,-80.21
33022,26.01,-80.14
33023,26.0,-80.26
33024,26.03,-80.25
33025,26.14,-80.23
33026,26.15,-80.25
33027,26.04,-80.37
33028,26.0,-80.31
33029,26.1,-80.32
33030,25.56,-80.46
33031,25.56,-80.46
33032,25.56,-80.46
33033,25.56,-80.46
33034,25.56,-80.46
33035,25.56,-80.46
33036,24.9,-80.68
33037,24.96,-80.96
33039,25.56,-80.46
33040,24.66,-81.38
33041,25.1,-81.57
33042,24.86,-81.0
33043,24.69,-81.25
33044,24.66,-81.57
33045,25.1,-81.57
33050,24.69,-81.29
33051,24.72,-81.02
33052,24.72,-81.06
33054,25.92,-80.32
33055,25.95,-80.28
33056,25.95,-80.25
33060,26.24,-80.14
33061,26.25,-80.13
33062,26.18,-80.14
33063,26.27,-80.21
33064,26.22,-80.13
33065,26.22,-80.26
33066,26.25,-80.17
33067,26.3,-80.24
33068,26.15,-80.21
33069,26.25,-80.18
33070,24.93,-80.71
33071,26.14,-80.25
33072,26.23,-80.09
33073,26.3,-80.18
33074,26.15,-80.45
33075,26.15,-80.45
33076,26.22,-80.31
33077,26.15,-80.45
33081,26.15,-80.45
33082,26.15,-80.45
33083,26.15,-80.45
33084,26.29,-80.13
33090,25.56,-80.46
33092,25.56,-80.46
33093,26.15,-80.45
33097,26.15,-80.45
33101,25.78,-80.2
33102,25.56,-80.46
33107,25.56,-80.46
33109,25.56,-80.46
33110,25.85,-80.21
33111,25.56,-80.46
33112,25.8,-80.38
33114,25.56,-80.46
33116,25.56,-80.46
33119,25.78,-80.13
33121,25.56,-80.46
33122,25.8,-80.28
33124,25.56,-80.46
33125,25.78,-80.24
33126,25.79,-80.29
33127,25.81,-80.2
33128,25.78,-80.21
33129,25.75,-80.2
33130,25.81,-80.23
33131,25.76,-80.19
33132,25.78,-80.18
33133,25.74,-80.22
33134,25.77,-80.27
33135,25.77,-80.23
33136,25.78,-80.2
33137,25.81,-80.19
33138,25.85,-80.18
33139,25.79,-80.16
33140,25.82,-80.13
33141,25.85,-80.14
33142,25.81,-80.24
33143,25.56,-80.46
33144,25.77,-80.3
33145,25.75,-80.23
33146,25.56,-80.46
33147,25.85,-80.24
33148,25.56,-80.46
33149,25.71,-80.17
33150,25.85,-80.21
33151,25.83,-80.21
33152,25.8,-80.31
33153,25.87,-80.19
33154,25.91,-80.2
33155,25.56,-80.46
33156,25.56,-80.46
33157,25.56,-80.46
33158,25.56,-80.46
33159,25.56,-80.46
33160,25.94,-80.14
33161,25.89,-80.18
33162,25.93,-80.18
33163,25.94,-80.21
33164,25.56,-80.46
33165,25.83,-80.32
33166,25.83,-80.29
33167,25.89,-80.22
33168,25.85,-80.17
33169,25.94,-80.21
33170,25.56,-80.46
33172,25.56,-80.46
33173,25.56,-80.46
33174,25.56,-80.46
33175,25.56,-80.46
33176,25.56,-80.46
33177,25.56,-80.46
33178,25.87,-80.35
33179,25.95,-80.18
33180,25.96,-80.14
33181,25.9,-80.16
33182,25.56,-80.46
33183,25.56,-80.46
33184,25.56,-80.46
33185,25.56,-80.46
33186,25.56,-80.46
33187,25.56,-80.46
33188,25.56,-80.46
33189,25.56,-80.46
33190,25.56,-80.46
33192,25.56,-80.46
33193,25.56,-80.46
33194,25.56,-80.46
33195,25.77,-80.19
33196,25.56,-80.46
33197,25.56,-80.46
33199,25.56,-80.46
33231,25.56,-80.46
33233,25.56,-80.46
33234,25.56,-80.46
33238,25.56,-80.46
33239,25.56,-80.46
33242,25.56,-80.46
33243,25.56,-80.46
33245,25.56,-80.46
33247,25.56,-80.46
33255,25.56,-80.46
33256,25.56,-80.46
33257,25.56,-80.46
33261,25.56,-80.46
33265,25.56,-80.46
33266,25.56,-80.46
33269,25.56,-80.46
33280,25.56,-80.46
33283,25.56,-80.46
33296,25.56,-80.46
33299,25.56,-80.46
33301,26.09,-80.16
33302,26.15,-80.45
33303,26.2,-80.1
33304,26.12,-80.12
33305,26.15,-80.12
33306,26.17,-80.11
33307,26.15,-80.45
33308,26.1,-80.18
33309,26.19,-80.18
33310,26.14,-80.21
33311,26.14,-80.18
33312,26.18,-80.21
33313,26.15,-80.21
33314,26.07,-80.22
33315,26.08,-80.16
33316,26.1,-80.12
33317,26.09,-80.29
33318,26.12,-80.25
33319,26.18,-80.24
33320,26.16,-80.26
33321,26.14,-80.26
33322,26.12,-80.33
33323,26.14,-80.36
33324,26.13,-80.26
33325,26.07,-80.24
33326,26.2,-80.28
33327,26.11,-80.42
33328,26.11,-80.26
33329,26.15,-80.45
33330,26.07,-80.33
33331,26.05,-80.37
33332,26.06,-80.41
33334,26.18,-80.13
33335,26.09,-80.34
33337,26.13,-80.26
33338,26.15,-80.45
33339,26.15,-80.45
33340,26.15,-80.45
33345,26.17,-80.3
33346,26.15,-80.45
33348,26.15,-80.45
33349,26.15,-80.45
33351,26.11,-80.27
33355,26.15,-80.45
33359,26.15,-80.45
33388,26.12,-80.25
33394,26.12,-80.14
33401,26.67,-80.07
33402,26.65,-80.43
33403,26.65,-80.43
33404,26.65,-80.43
33405,26.65,-80.43
33406,26.64,-80.08
33407,26.65,-80.43
33408,26.65,-80.43
33409,26.65,-80.43
33410,26.6,-80.05
33411,26.66,-80.17
33412,26.65,-80.43
33413,26.66,-80.16
33414,26.65,-80.25
33415,26.66,-80.13
33416,26.67,-80.09
33417,26.65,-80.43
33418,26.65,-80.43
33419,26.65,-80.43
33420,26.65,-80.43
33421,26.65,-80.43
33422,26.65,-80.43
33424,26.65,-80.43
33425,26.65,-80.43
33426,26.53,-80.08
33427,26.38,-80.11
33428,26.35,-80.22
33429,26.65,-80.43
33430,26.65,-80.43
33431,26.38,-80.1
33432,26.38,-80.08
33433,26.35,-80.16
33434,26.38,-80.17
33435,26.52,-80.08
33436,26.54,-80.11
33437,26.51,-80.17
33438,26.65,-80.43
33439,26.65,-80.43
33440,26.63,-81.09
33441,26.27,-80.14
33442,26.3,-80.14
33443,26.15,-80.45
33444,26.46,-80.08
33445,26.55,-80.1
33446,26.45,-80.18
33447,26.65,-80.43
33448,26.65,-80.43
33454,26.65,-80.43
33455,27.05,-80.16
33458,26.65,-80.43
33459,26.65,-80.43
33460,26.62,-80.06
33461,26.62,-80.09
33462,26.57,-80.08
33463,26.6,-80.13
33464,26.65,-80.43
33465,26.63,-80.13
33466,26.65,-80.43
33467,26.6,-80.22
33468,26.65,-80.43
33469,26.65,-80.43
33470,26.65,-80.29
33471,26.89,-81.2
33474,26.65,-80.43
33475,27.11,-80.45
33476,26.62,-80.18
33477,26.65,-80.43
33478,26.65,-80.43
33480,26.6,-80.04
33481,26.65,-80.43
33482,26.65,-80.43
33483,26.46,-80.06
33484,26.45,-80.13
33486,26.35,-80.12
33487,26.41,-80.09
33488,26.65,-80.43
33493,26.65,-80.43
33496,26.41,-80.16
33497,26.65,-80.43
33498,26.39,-80.22
33499,26.65,-80.43
33503,27.76,-82.27
33508,27.89,-82.3
33509,28.12,-82.45
33510,27.83,-82.36
33511,27.9,-82.29
33513,28.68,-82.15
33514,28.67,-82.03
33521,28.78,-82.06
33523,28.37,-82.32
33524,28.18,-82.15
33525,28.33,-82.24
33526,28.31,-82.25
33527,27.98,-82.24
33530,27.91,-82.18
33534,27.91,-82.39
33537,28.32,-82.48
33538,28.78,-82.12
33539,28.21,-82.17
33540,28.24,-82.16
33541,28.24,-82.45
33543,28.21,-82.31
33544,28.27,-82.28
33547,27.89,-82.21
33548,27.87,-82.44
33549,28.06,-82.39
33550,27.87,-82.44
33556,28.13,-82.58
33558,28.17,-82.51
33559,28.16,-82.41
33564,28.03,-82.13
33565,28.08,-82.16
33566,28.01,-82.34
33567,27.98,-82.32
33568,27.87,-82.44
33569,27.85,-82.3
33570,27.7,-82.45
33571,27.72,-82.45
33572,27.85,-82.33
33573,27.7,-82.36
33574,28.33,-82.27
33576,28.33,-82.3
33583,27.87,-82.44
33584,28.0,-82.29
33585,28.74,-82.06
33586,27.87,-82.44
33587,27.87,-82.44
33592,28.09,-82.28
33593,28.32,-82.48
33594,27.94,-82.35
33595,27.87,-82.44
33597,28.65,-82.11
33598,27.73,-82.3
33601,28.0,-82.58
33602,27.95,-82.46
33603,27.99,-82.46
33604,28.01,-82.45
33605,27.95,-82.43
33606,27.93,-82.47
33607,27.97,-82.56
33608,27.84,-82.49
33609,27.94,-82.51
33610,28.0,-82.38
33611,27.94,-82.51
33612,28.05,-82.44
33613,28.08,-82.44
33614,28.03,-82.5
33615,28.04,-82.55
33616,27.87,-82.53
33617,28.03,-82.39
33618,28.08,-82.49
33619,27.92,-82.38
33620,28.06,-82.41
33621,27.85,-82.49
33622,27.87,-82.44
33623,27.87,-82.44
33624,28.07,-82.55
33625,28.07,-82.56
33626,28.07,-82.61
33629,27.92,-82.51
33630,27.87,-82.44
33631,27.87,-82.44
33633,27.87,-82.44
33634,28.0,-82.55
33635,28.03,-82.61
33637,28.05,-82.36
33647,28.13,-82.35
33650,27.87,-82.44
33651,27.87,-82.44
33655,27.87,-82.44
33660,27.87,-82.44
33661,27.87,-82.44
33662,27.87,-82.44
33663,27.87,-82.44
33664,27.87,-82.44
33672,27.87,-82.44
33673,27.87,-82.44
33674,27.87,-82.44
33675,27.87,-82.44
33677,27.87,-82.44
33679,27.87,-82.44
33680,27.87,-82.44
33681,27.87,-82.44
33682,27.87,-82.44
33684,27.87,-82.44
33685,27.87,-82.44
33686,27.87,-82.44
33687,27.87,-82.44
33688,27.87,-82.44
33689,27.87,-82.44
33690,27.87,-82.44
33694,27.87,-82.44
33697,27.87,-82.44
33701,27.78,-82.64
33702,27.86,-82.63
33703,27.82,-82.62
33704,27.8,-82.63
33705,27.74,-82.64
33706,27.75,-82.75
33707,27.76,-82.73
33708,27.81,-82.8
33709,27.82,-82.73
33710,27.79,-82.7
33711,27.73,-82.69
33712,27.74,-82.67
33713,27.79,-82.68
33714,27.82,-82.68
33715,27.67,-82.71
33716,27.89,-82.69
33728,27.89,-82.72
33729,27.88,-82.66
33730,27.89,-82.72
33731,27.89,-82.72
33732,27.89,-82.72
33733,27.93,-82.75
33734,27.89,-82.72
33736,27.89,-82.72
33737,27.89,-82.72
33738,27.89,-82.72
33740,27.89,-82.72
33741,27.89,-82.72
33742,27.89,-82.72
33743,27.89,-82.72
33744,27.89,-82.72
33747,27.89,-82.72
33755,27.98,-82.78
33756,27.95,-82.79
33757,27.89,-82.72
33758,27.89,-82.72
33759,27.98,-82.7
33760,27.9,-82.72
33761,27.93,-82.73
33762,27.89,-82.67
33763,28.02,-82.75
33764,27.92,-82.73
33765,27.99,-82.74
33766,27.89,-82.72
33767,27.96,-82.83
33769,27.89,-82.72
33770,27.92,-82.8
33771,27.91,-82.76
33772,27.85,-82.8
33773,27.88,-82.75
33774,27.88,-82.83
33775,27.89,-82.72
33776,27.85,-82.83
33777,27.85,-82.75
33778,27.88,-82.8
33779,27.84,-82.77
33780,27.89,-82.72
33781,27.87,-82.76
33782,27.87,-82.71
33784,27.89,-82.72
33785,27.89,-82.84
33786,27.92,-82.84
33801,28.06,-81.96
33802,28.02,-81.99
33803,27.89,-81.85
33804,28.0,-81.62
33805,28.09,-81.95
33806,28.0,-81.62
33807,28.0,-81.62
33809,28.18,-81.96
33810,28.15,-82.04
33811,27.99,-82.01
33813,27.96,-81.92
33815,28.05,-82.01
33820,28.0,-81.62
33823,28.09,-81.74
33825,27.47,-81.46
33826,27.34,-81.25
33827,27.91,-81.55
33830,27.92,-81.79
33831,27.96,-81.95
33834,27.6,-81.85
33835,27.7,-81.95
33836,28.17,-81.63
33837,28.16,-81.65
33838,28.01,-81.68
33839,28.01,-81.7
33840,28.08,-81.54
33841,27.74,-81.72
33843,27.73,-81.56
33844,28.08,-81.59
33845,28.0,-81.62
33846,27.96,-81.87
33847,27.98,-81.72
33848,28.26,-81.51
33849,28.2,-82.04
33850,28.09,-81.73
33851,28.04,-81.63
33852,27.34,-81.37
33853,27.99,-81.48
33854,28.0,-81.62
33855,27.8,-81.36
33856,27.86,-81.43
33857,27.39,-81.23
33858,28.05,-81.51
33859,27.89,-81.52
33860,27.84,-81.84
33862,27.24,-81.29
33863,28.0,-81.62
33865,27.45,-81.9
33867,27.77,-81.2
33868,28.04,-81.76
33870,27.46,-81.37
33871,27.49,-81.41
33872,27.39,-81.29
33873,27.52,-81.78
33875,27.42,-81.5
33876,27.43,-81.34
33877,27.98,-81.61
33880,27.99,-81.76
33881,28.06,-81.71
33882,28.03,-81.73
33883,28.0,-81.62
33884,28.05,-81.67
33885,28.0,-81.62
33888,28.02,-81.72
33890,27.46,-81.72
33896,28.25,-81.58
33897,28.29,-81.69
33898,27.88,-81.32
33901,26.56,-81.93
33902,26.62,-81.88
33903,26.69,-81.91
33904,26.61,-81.95
33905,26.61,-81.83
33906,26.55,-81.95
33907,26.63,-81.96
33908,26.56,-81.91
33909,26.62,-81.97
33910,26.55,-81.95
33911,26.6,-81.88
33912,26.56,-81.73
33913,26.53,-81.69
33914,26.62,-81.92
33915,26.66,-81.89
33916,26.64,-81.84
33917,26.65,-81.84
33918,26.72,-81.61
33919,26.57,-81.94
33920,26.6,-81.68
33921,26.75,-82.26
33922,26.62,-82.13
33924,26.52,-82.18
33927,26.9,-82.0
33928,26.47,-81.71
33930,26.61,-81.48
33931,26.58,-82.07
33932,26.55,-81.95
33935,26.69,-81.45
33936,26.59,-81.66
33938,26.9,-82.0
33944,26.95,-81.31
33945,26.66,-82.14
33946,26.88,-82.27
33947,26.88,-82.27
33948,26.94,-82.21
33949,26.99,-82.1
33950,26.86,-82.01
33951,26.97,-81.98
33952,26.99,-82.16
33953,27.0,-82.2
33954,27.02,-82.12
33955,26.83,-81.91
33956,26.58,-82.11
33957,26.46,-82.1
33960,27.12,-81.39
33965,26.55,-81.95
33970,26.56,-81.62
33971,26.59,-81.67
33972,26.64,-81.91
33975,26.76,-81.44
33980,26.99,-82.06
33981,26.93,-82.23
33982,26.96,-81.82
33983,27.0,-82.02
33990,26.63,-81.97
33991,26.63,-82.02
33993,26.68,-82.03
33994,26.55,-81.95
34101,25.86,-81.39
34102,26.13,-81.8
34103,26.19,-81.8
34104,26.18,-81.75
34105,26.19,-81.76
34106,26.14,-81.39
34107,26.14,-81.39
34108,26.24,-81.81
34109,26.25,-81.76
34110,26.28,-81.76
34112,26.12,-81.74
34113,26.04,-81.72
34114,26.01,-81.59
34116,26.19,-81.71
34117,26.12,-81.52
34119,26.24,-81.67
34120,26.33,-81.59
34133,26.55,-81.95
34134,26.36,-81.82
34135,26.38,-81.73
34136,26.55,-81.95
34137,26.14,-81.39
34138,25.84,-81.12
34139,25.86,-81.38
34140,26.14,-81.39
34141,25.87,-81.16
34142,26.18,-81.42
34143,26.46,-81.5
34145,25.94,-81.7
34146,26.14,-81.39
34201,27.4,-82.47
34202,27.47,-82.38
34203,27.45,-82.54
34204,27.43,-82.44
34205,27.47,-82.46
34206,27.43,-82.44
34207,27.44,-82.58
34208,27.47,-82.51
34209,27.48,-82.62
34210,27.47,-82.66
34211,27.45,-82.38
34212,27.49,-82.41
34215,27.47,-82.68
34216,27.53,-82.73
34217,27.49,-82.71
34218,27.5,-82.71
34219,27.57,-82.27
34220,27.43,-82.44
34221,27.58,-82.52
34222,27.55,-82.5
34223,27.14,-82.4
34224,27.06,-82.4
34228,27.36,-82.44
34229,27.21,-82.49
34230,27.34,-82.54
34231,27.23,-82.43
34232,27.2,-82.44
34233,27.13,-82.42
34234,27.37,-82.53
34235,27.36,-82.48
34236,27.33,-82.54
34237,27.34,-82.51
34238,27.24,-82.48
34239,27.31,-82.52
34240,27.23,-82.35
34241,27.24,-82.35
34242,27.26,-82.54
34243,27.42,-82.53
34250,27.57,-82.58
34251,27.37,-82.23
34260,27.43,-82.44
34264,27.43,-82.44
34265,27.19,-81.81
34266,27.19,-81.87
34267,27.19,-81.81
34268,27.2,-81.86
34269,27.09,-81.96
34270,27.41,-82.54
34272,27.15,-82.43
34274,27.14,-82.46
34275,27.23,-82.46
34276,27.17,-82.38
34277,27.17,-82.38
34278,27.33,-82.53
34280,27.43,-82.44
34281,27.43,-82.44
34282,27.43,-82.44
34284,27.17,-82.38
34285,27.1,-82.43
34286,27.07,-82.18
34287,27.19,-82.33
34288,27.05,-82.11
34289,27.09,-82.14
34292,27.09,-82.37
34293,27.06,-82.35
34295,27.09,-82.44
34420,29.1,-82.04
34421,29.24,-82.09
34423,28.87,-82.57
34428,28.96,-82.6
34429,28.9,-82.6
34430,29.24,-82.09
34431,29.09,-82.25
34432,29.1,-82.34
34433,28.99,-82.52
34434,28.99,-82.42
34436,28.73,-82.31
34442,28.92,-82.39
34445,28.95,-82.41
34446,28.75,-82.51
34447,28.8,-82.57
34448,28.79,-82.57
34449,29.1,-82.66
34450,28.83,-82.28
34451,28.8,-82.32
34452,28.78,-82.36
34453,28.87,-82.35
34460,28.86,-82.51
34461,28.82,-82.46
34464,28.86,-82.51
34465,28.82,-82.45
34470,29.24,-82.17
34471,29.16,-81.94
34472,29.13,-82.01
34473,29.11,-82.2
34474,29.15,-82.14
34475,29.15,-82.3
34476,29.12,-82.24
34477,29.24,-82.09
34478,29.19,-82.11
34479,29.18,-82.03
34480,29.18,-82.03
34481,29.13,-82.3
34482,29.26,-82.22
34483,29.24,-82.09
34484,28.91,-82.06
34487,28.86,-82.51
34488,29.26,-81.95
34489,29.22,-82.1
34491,29.01,-82.03
34492,29.0,-82.02
34498,29.03,-82.72
34601,28.59,-82.4
34602,28.51,-82.3
34603,28.56,-82.42
34604,28.48,-82.43
34605,28.51,-82.42
34606,28.5,-82.4
34607,28.5,-82.63
34608,28.48,-82.54
34609,28.49,-82.45
34610,28.38,-82.52
34611,28.56,-82.42
34613,28.6,-82.53
34614,28.63,-82.54
34636,28.66,-82.27
34639,28.25,-82.46
34652,28.24,-82.74
34653,28.24,-82.7
34654,28.3,-82.62
34655,28.22,-82.67
34656,28.32,-82.48
34660,28.07,-82.78
34661,28.64,-82.26
34667,28.38,-82.65
34668,28.3,-82.7
34669,28.36,-82.62
34673,28.32,-82.48
34674,28.32,-82.48
34677,28.05,-82.68
34679,28.43,-82.66
34680,28.32,-82.48
34681,28.09,-82.78
34682,27.89,-82.72
34683,28.07,-82.74
34684,28.08,-82.73
34685,28.11,-82.69
34688,27.89,-82.72
34689,28.09,-82.73
34690,28.19,-82.72
34691,28.2,-82.76
34695,28.02,-82.75
34697,27.89,-82.72
34698,28.01,-82.77
34705,28.71,-81.72
34711,28.58,-81.78
34712,28.81,-81.65
34713,28.81,-81.65
34729,28.81,-81.65
34731,28.86,-81.91
34734,28.54,-81.52
34736,28.59,-81.87
34737,28.7,-81.8
34739,27.93,-81.09
34740,28.55,-81.65
34741,28.31,-81.46
34742,28.0,-81.26
34743,28.33,-81.41
34744,28.3,-81.32
34745,28.0,-81.26
34746,28.24,-81.4
34747,28.3,-81.59
34748,28.76,-81.89
34749,28.81,-81.65
34753,28.58,-81.89
34755,28.58,-81.83
34756,28.58,-81.69
34758,28.2,-81.49
34759,28.09,-81.5
34760,28.55,-81.62
34761,28.57,-81.53
34762,28.75,-81.9
34769,28.23,-81.36
34770,28.0,-81.26
34771,28.25,-81.23
34772,28.17,-81.27
34773,28.15,-80.99
34777,28.54,-81.61
34778,28.57,-81.26
34785,28.84,-82.08
34786,28.48,-81.54
34787,28.47,-81.51
34788,28.89,-81.78
34789,28.81,-81.65
34797,28.71,-81.81
34945,27.41,-80.53
34946,27.51,-80.36
34947,27.45,-80.39
34948,27.38,-80.41
34949,27.46,-80.29
34950,27.45,-80.33
34951,27.51,-80.46
34952,27.31,-80.31
34953,27.26,-80.38
34954,27.38,-80.41
34956,27.11,-80.45
34957,27.24,-80.24
34958,27.24,-80.22
34972,27.42,-80.95
34973,27.3,-80.8
34974,27.22,-80.83
34979,27.38,-80.41
34981,27.39,-80.37
34982,27.36,-80.31
34983,27.35,-80.35
34984,27.25,-80.35
34985,27.38,-80.41
34986,27.33,-80.4
34987,27.29,-80.48
34988,27.39,-80.5
34990,27.11,-80.42
34991,27.11,-80.45
34992,27.11,-80.45
34994,27.19,-80.25
34995,27.18,-80.24
34996,27.21,-80.2
34997,27.11,-80.23
35004,33.6,-86.47
35005,33.58,-86.99
35006,33.44,-87.21
35007,33.19,-86.79
35010,32.93,-85.81
35011,32.99,-85.96
35013,33.92,-86.45
35014,33.4,-86.23
35015,33.54,-86.93
35016,34.39,-86.37
35019,34.27,-86.71
35020,33.44,-86.89
35021,33.54,-86.93
35022,33.35,-86.97
35023,33.48,-86.94
35031,34.09,-86.56
35032,33.26,-86.34
35033,33.96,-87.0
35034,32.99,-87.22
35035,33.02,-86.96
35036,33.64,-86.92
35038,33.8,-87.2
35040,33.14,-86.73
35041,33.65,-86.93
35042,32.95,-87.14
35043,33.3,-86.66
35044,33.25,-86.36
35045,32.86,-86.65
35046,32.89,-86.65
35048,33.54,-86.93
35049,33.98,-86.56
35051,33.23,-86.55
35052,33.59,-86.39
35053,34.04,-87.05
35054,33.53,-86.3
35055,34.11,-86.85
35056,34.2,-86.9
35057,34.09,-86.94
35058,34.21,-86.75
35060,33.56,-86.93
35061,33.46,-86.96
35062,33.74,-87.05
35063,33.83,-87.03
35064,33.48,-86.93
35068,33.6,-86.83
35070,34.01,-86.75
35071,33.71,-86.85
35072,33.06,-86.08
35073,33.66,-86.8
35074,33.2,-87.12
35077,34.03,-86.84
35078,33.2,-86.46
35079,33.95,-86.75
35080,33.27,-86.9
35082,33.12,-86.14
35083,34.15,-86.79
35085,32.97,-86.73
35087,34.27,-86.58
35089,32.93,-86.1
35091,33.77,-86.8
35094,33.52,-86.58
35096,33.45,-86.26
35097,33.9,-86.63
35098,34.14,-87.03
35111,33.3,-87.05
35112,33.7,-86.47
35114,33.34,-86.73
35115,33.14,-86.88
35116,33.73,-86.76
35117,33.64,-86.88
35118,33.54,-87.05
35119,33.65,-86.77
35120,33.66,-86.38
35121,33.97,-86.55
35123,33.54,-86.93
35124,33.29,-86.77
35125,33.59,-86.33
35126,33.73,-86.65
35127,33.55,-86.88
35128,33.59,-86.34
35130,33.72,-87.12
35131,33.72,-86.25
35133,33.85,-86.59
35135,33.62,-86.22
35136,32.9,-86.16
35137,33.21,-86.78
35139,33.71,-86.98
35142,33.41,-86.87
35143,33.08,-86.55
35144,33.28,-86.68
35146,33.71,-86.4
35147,33.42,-86.54
35148,33.76,-87.05
35149,33.27,-86.2
35150,33.32,-86.23
35151,33.18,-86.36
35160,33.39,-86.14
35161,33.42,-86.1
35171,32.89,-86.76
35172,33.81,-86.72
35173,33.65,-86.59
35175,34.43,-86.5
35176,33.46,-86.51
35178,33.31,-86.56
35179,34.26,-86.93
35180,33.79,-86.83
35181,33.54,-86.93
35182,33.71,-86.26
35183,33.07,-86.3
35184,33.1,-87.14
35185,33.34,-86.54
35186,33.29,-86.5
35187,33.08,-86.88
35188,33.18,-87.17
35201,33.46,-86.8
35202,33.54,-86.93
35203,33.52,-86.81
35204,33.52,-86.84
35205,33.57,-86.78
35206,33.57,-86.71
35207,33.57,-86.84
35208,33.5,-86.88
35209,33.47,-86.81
35210,33.58,-86.73
35211,33.46,-86.86
35212,33.55,-86.75
35213,33.46,-86.75
35214,33.58,-86.91
35215,33.54,-86.81
35216,33.56,-86.78
35217,33.56,-86.86
35218,33.51,-86.9
35219,33.54,-86.93
35220,33.54,-86.93
35221,33.45,-86.9
35222,33.52,-86.76
35223,33.5,-86.73
35224,33.52,-86.97
35225,33.54,-86.93
35226,33.4,-86.83
35228,33.46,-86.91
35229,33.46,-86.79
35230,33.54,-86.93
35231,33.54,-86.93
35232,33.54,-86.93
35233,33.51,-86.8
35234,33.51,-86.83
35235,33.63,-86.65
35236,33.54,-86.93
35237,33.54,-86.93
35238,33.54,-86.93
35240,33.43,-86.78
35242,33.38,-86.7
35243,33.45,-86.75
35244,33.35,-86.95
35245,33.54,-86.93
35246,33.54,-86.93
35249,33.54,-86.93
35253,33.54,-86.93
35254,33.54,-86.93
35255,33.54,-86.93
35259,33.54,-86.93
35260,33.54,-86.93
35261,33.54,-86.93
35263,33.52,-86.81
35266,33.37,-86.85
35277,33.54,-86.93
35278,33.54,-86.93
35279,33.54,-86.93
35280,33.54,-86.93
35281,33.54,-86.93
35282,33.54,-86.93
35283,33.54,-86.93
35285,33.54,-86.93
35286,33.54,-86.93
35287,33.54,-86.93
35288,33.45,-86.93
35289,33.54,-86.93
35290,33.54,-86.93
35291,33.54,-86.93
35292,33.54,-86.93
35293,33.54,-86.93
35294,33.54,-86.93
35295,33.54,-86.93
35296,33.54,-86.93
35297,33.54,-86.93
35298,33.54,-86.93
35299,33.54,-86.93
35401,33.24,-87.6
35402,33.31,-87.45
35403,33.2,-87.53
35404,33.18,-87.48
35405,33.1,-87.52
35406,33.34,-87.53
35407,33.31,-87.45
35440,33.31,-87.19
35441,32.86,-87.72
35442,33.24,-88.06
35443,32.74,-87.97
35444,33.33,-87.28
35446,33.23,-87.75
35447,33.29,-88.12
35448,32.84,-87.96
35449,33.14,-87.34
35452,33.29,-87.69
35453,33.18,-87.38
35456,33.07,-87.43
35457,33.29,-87.78
35458,33.37,-87.8
35459,32.62,-88.29
35460,32.67,-88.12
35461,33.41,-88.21
35462,32.84,-87.89
35463,33.08,-87.7
35464,32.78,-88.15
35466,33.29,-87.88
35468,33.31,-87.45
35469,32.84,-87.96
35470,32.57,-88.13
35471,33.26,-88.09
35473,33.35,-87.54
35474,32.91,-87.59
35475,33.4,-87.56
35476,33.36,-87.54
35477,32.87,-88.24
35478,33.31,-87.45
35480,33.13,-87.76
35481,33.31,-88.04
35482,33.31,-87.45
35485,33.31,-87.45
35486,33.27,-87.79
35487,33.31,-87.59
35490,33.23,-87.23
35491,32.84,-87.96
35501,33.8,-87.32
35502,33.9,-87.29
35503,33.92,-87.31
35504,33.82,-87.24
35540,34.23,-87.36
35541,34.1,-87.19
35542,33.71,-87.77
35543,34.16,-87.74
35544,33.95,-88.02
35545,33.65,-87.92
35546,33.63,-87.68
35548,34.04,-87.76
35549,33.77,-87.46
35550,33.74,-87.23
35551,34.15,-87.37
35552,34.03,-88.15
35553,34.12,-87.36
35554,33.93,-87.61
35555,33.72,-87.81
35559,33.89,-87.7
35560,33.68,-87.24
35563,34.08,-87.81
35564,34.12,-87.83
35565,34.18,-87.51
35570,34.17,-87.99
35571,34.37,-87.95
35572,34.19,-87.28
35573,33.92,-87.52
35574,33.62,-87.99
35575,34.05,-87.55
35576,33.61,-88.13
35577,34.09,-87.6
35578,33.89,-87.47
35579,33.66,-87.38
35580,33.71,-87.3
35581,34.39,-87.86
35582,34.45,-88.07
35584,33.82,-87.08
35585,34.42,-87.81
35586,33.85,-88.11
35587,33.79,-87.44
35592,33.73,-88.09
35593,34.4,-87.95
35594,34.06,-87.81
35601,34.55,-87.0
35602,34.61,-87.09
35603,34.54,-86.97
35609,34.5,-86.83
35610,34.94,-87.27
35611,34.76,-87.1
35612,34.77,-87.03
35613,34.83,-86.89
35614,34.85,-87.06
35615,34.77,-87.03
35616,34.73,-87.91
35617,34.87,-87.71
35618,34.67,-87.29
35619,34.46,-87.05
35620,34.9,-86.97
35621,34.37,-86.74
35622,34.36,-86.9
35630,34.87,-87.69
35631,34.87,-87.71
35632,34.87,-87.71
35633,34.88,-87.74
35634,34.9,-87.79
35640,34.49,-86.93
35643,34.64,-87.27
35645,34.91,-87.5
35646,34.68,-87.53
35647,34.96,-87.1
35648,34.94,-87.37
35649,34.63,-86.87
35650,34.49,-87.3
35651,34.48,-87.48
35652,34.84,-87.32
35653,34.44,-87.85
35654,34.47,-87.65
35660,34.69,-87.71
35661,34.76,-87.7
35662,34.76,-87.97
35670,34.44,-86.73
35671,34.68,-86.96
35672,34.63,-87.42
35673,34.59,-87.08
35674,34.67,-87.75
35677,34.93,-87.99
35699,34.5,-86.83
35739,34.96,-86.84
35740,34.8,-85.8
35741,34.72,-86.48
35742,34.77,-87.03
35744,34.6,-85.91
35745,34.93,-86.19
35746,34.75,-85.98
35747,34.42,-86.29
35748,34.72,-86.4
35749,34.83,-86.7
35750,34.94,-86.58
35751,34.8,-86.27
35752,34.81,-85.89
35754,34.51,-86.62
35755,34.73,-86.02
35756,34.65,-86.75
35757,34.78,-86.74
35758,34.71,-86.74
35759,34.88,-86.56
35760,34.56,-86.39
35761,34.89,-86.45
35762,34.73,-86.52
35763,34.72,-86.46
35764,34.7,-86.31
35765,34.67,-86.02
35766,34.87,-86.25
35767,34.73,-86.52
35768,34.75,-86.14
35769,34.62,-86.06
35771,34.67,-85.96
35772,34.86,-85.87
35773,34.9,-86.68
35774,34.72,-86.07
35775,34.54,-86.69
35776,34.75,-86.08
35801,34.72,-86.56
35802,34.66,-86.56
35803,34.59,-86.54
35804,34.73,-86.59
35805,34.7,-86.63
35806,34.76,-86.69
35807,34.73,-86.52
35808,34.68,-86.61
35809,34.73,-86.52
35810,34.8,-86.59
35811,34.79,-86.51
35812,34.73,-86.52
35813,34.73,-86.52
35814,34.73,-86.52
35815,34.73,-86.52
35816,34.75,-86.63
35824,34.65,-86.75
35893,34.73,-86.52
35894,34.73,-86.52
35895,34.73,-86.52
35896,34.73,-86.52
35897,34.73,-86.52
35898,34.73,-86.52
35899,34.73,-86.65
35901,34.02,-86.07
35902,33.98,-85.8
35903,33.98,-85.91
35904,34.06,-86.11
35905,33.94,-85.96
35906,34.03,-86.09
35907,33.96,-85.97
35950,34.31,-86.24
35951,34.32,-86.19
35952,34.07,-86.21
35953,33.79,-86.22
35954,34.05,-86.06
35956,34.27,-86.17
35957,34.28,-86.23
35958,34.92,-85.65
35959,34.36,-85.61
35960,34.11,-85.59
35961,34.34,-85.86
35962,34.3,-86.0
35963,34.36,-85.92
35964,34.35,-86.32
35966,34.8,-85.72
35967,34.42,-85.83
35968,34.51,-85.8
35971,34.43,-85.9
35972,34.0,-86.22
35973,34.37,-85.56
35974,34.36,-86.02
35975,34.44,-86.04
35976,34.34,-86.28
35978,34.6,-85.73
35979,34.84,-85.62
35980,34.21,-86.34
35981,34.72,-85.66
35983,34.14,-85.75
35984,34.56,-85.58
35986,34.42,-85.76
35987,33.92,-86.24
35988,34.57,-85.73
35989,34.49,-85.69
35990,34.06,-86.28
36003,32.45,-86.72
36005,31.84,-85.93
36006,32.58,-86.71
36008,32.5,-86.57
36009,31.56,-86.33
36010,31.71,-85.82
36013,32.31,-86.19
36015,31.64,-86.73
36016,31.81,-85.42
36017,31.75,-85.56
36020,32.51,-86.33
36022,32.61,-86.36
36023,32.8,-85.8
36024,32.65,-86.04
36025,32.63,-86.13
36026,32.78,-86.12
36027,31.91,-85.39
36028,31.52,-86.35
36029,32.09,-85.7
36030,31.85,-86.84
36031,32.25,-85.75
36032,32.01,-86.61
36033,31.62,-86.63
36034,31.61,-86.17
36035,31.81,-86.09
36036,32.01,-86.17
36037,31.8,-86.6
36038,31.26,-86.44
36039,32.29,-85.81
36040,32.15,-86.6
36041,31.95,-86.31
36042,31.87,-86.41
36043,32.21,-86.38
36045,32.59,-86.13
36046,32.08,-86.36
36047,32.07,-86.51
36048,31.79,-85.55
36049,31.75,-86.29
36051,32.6,-86.52
36052,32.24,-86.04
36053,32.09,-85.7
36054,32.58,-86.23
36057,32.23,-86.21
36061,32.09,-85.7
36062,31.75,-86.32
36064,32.3,-86.09
36065,32.07,-86.06
36066,32.51,-86.44
36067,32.54,-86.66
36068,32.51,-86.67
36069,32.09,-86.17
36071,31.71,-86.37
36072,31.83,-85.17
36075,32.38,-85.91
36078,32.59,-85.99
36079,31.8,-85.95
36080,32.7,-86.26
36081,31.87,-85.97
36082,31.82,-85.96
36083,32.37,-85.67
36087,32.41,-85.74
36088,32.41,-85.73
36089,32.14,-85.74
36091,32.78,-86.64
36092,32.59,-86.22
36093,32.56,-86.1
36101,32.36,-86.26
36102,32.23,-86.21
36103,32.35,-86.29
36104,32.37,-86.29
36105,32.23,-86.29
36106,32.35,-86.26
36107,32.38,-86.28
36108,32.34,-86.37
36109,32.39,-86.24
36110,32.44,-86.25
36111,32.34,-86.27
36112,32.37,-86.35
36113,32.38,-86.3
36114,32.4,-86.25
36115,32.41,-86.25
36116,32.29,-86.23
36117,32.37,-86.12
36118,32.23,-86.21
36119,32.23,-86.21
36120,32.23,-86.21
36121,32.23,-86.21
36123,32.23,-86.21
36124,32.23,-86.21
36125,32.23,-86.21
36130,32.23,-86.21
36131,32.23,-86.21
36132,32.23,-86.21
36133,32.23,-86.21
36134,32.23,-86.21
36135,32.23,-86.21
36140,32.23,-86.21
36141,32.23,-86.21
36142,32.23,-86.21
36177,32.23,-86.21
36191,32.23,-86.21
36201,33.76,-85.79
36202,33.76,-85.84
36203,33.73,-85.9
36204,33.76,-85.84
36205,33.74,-85.79
36206,33.81,-85.76
36207,33.72,-85.75
36250,33.78,-85.9
36251,33.23,-85.85
36253,33.76,-85.84
36254,33.66,-85.7
36255,33.19,-85.75
36256,33.02,-85.7
36257,33.76,-85.84
36258,33.42,-85.71
36260,33.64,-85.99
36261,33.71,-85.51
36262,33.78,-85.46
36263,33.46,-85.37
36264,33.63,-85.5
36265,33.85,-85.76
36266,33.34,-85.79
36267,33.18,-85.94
36268,33.49,-85.92
36269,33.73,-85.39
36270,33.43,-85.47
36271,33.81,-85.91
36272,33.83,-85.8
36273,33.57,-85.38
36274,33.22,-85.41
36275,33.98,-85.55
36276,33.21,-85.48
36277,33.81,-85.84
36278,33.32,-85.5
36279,33.87,-85.87
36280,33.35,-85.37
36301,31.15,-85.37
36302,31.16,-85.36
36303,31.16,-85.32
36304,31.16,-85.36
36305,31.22,-85.48
36310,31.56,-85.22
36311,31.46,-85.63
36312,31.19,-85.26
36313,31.15,-85.81
36314,31.1,-85.84
36316,31.18,-85.81
36317,31.41,-85.6
36318,31.15,-85.95
36319,31.23,-85.17
36320,31.1,-85.31
36321,31.2,-85.3
36322,31.27,-85.71
36323,31.41,-86.08
36330,31.32,-85.94
36331,31.3,-85.9
36340,31.05,-85.78
36343,31.08,-85.17
36344,31.11,-85.69
36345,31.36,-85.3
36346,31.57,-85.97
36349,31.12,-85.56
36350,31.33,-85.51
36351,31.4,-85.93
36352,31.35,-85.66
36353,31.41,-85.37
36360,31.45,-85.65
36361,31.41,-85.6
36362,31.33,-85.74
36370,31.14,-85.16
36371,31.31,-85.53
36373,31.5,-85.11
36374,31.57,-85.54
36375,31.14,-85.56
36376,31.25,-85.26
36401,31.49,-87.05
36420,31.3,-86.39
36425,31.57,-87.25
36426,31.13,-87.1
36427,31.09,-87.26
36429,31.47,-87.04
36431,31.53,-87.35
36432,31.37,-87.0
36435,31.87,-87.41
36436,31.59,-87.84
36439,31.43,-87.34
36441,31.06,-87.2
36442,31.02,-86.33
36444,31.59,-87.45
36445,31.52,-87.38
36446,31.78,-87.74
36449,31.53,-87.35
36451,31.7,-87.8
36453,31.24,-86.12
36454,31.47,-87.04
36455,31.26,-86.44
36456,31.55,-86.71
36457,31.36,-87.44
36458,31.51,-87.41
36460,31.57,-87.31
36461,31.52,-87.34
36462,31.53,-87.35
36467,31.26,-86.36
36470,31.51,-87.43
36471,31.61,-87.22
36473,31.47,-87.04
36474,31.26,-86.44
36475,31.37,-87.3
36476,31.26,-86.44
36477,31.07,-86.11
36480,31.54,-87.5
36481,31.81,-87.32
36482,31.67,-87.68
36483,31.02,-86.63
36501,31.48,-87.88
36502,31.12,-87.47
36503,31.13,-87.15
36504,31.02,-87.5
36505,30.94,-88.02
36507,30.76,-87.76
36509,30.42,-88.25
36511,30.47,-87.75
36512,30.66,-88.18
36513,31.41,-88.18
36515,31.59,-87.84
36518,31.44,-88.25
36521,30.93,-88.18
36522,30.8,-88.27
36523,30.39,-88.21
36524,31.82,-88.06
36525,30.94,-88.09
36526,30.54,-87.69
36527,30.74,-87.9
36528,30.25,-88.13
36529,31.41,-88.18
36530,30.41,-87.55
36532,30.56,-87.81
36533,30.48,-87.86
36535,30.47,-87.69
36536,30.42,-87.71
36538,31.41,-88.18
36539,31.41,-88.18
36540,31.59,-87.84
36541,30.5,-88.33
36542,30.28,-87.79
36543,31.22,-87.46
36544,30.48,-88.23
36545,31.59,-87.9
36547,30.27,-87.63
36548,31.41,-88.18
36549,30.4,-87.46
36550,31.23,-87.71
36551,30.51,-87.67
36553,31.21,-88.08
36555,30.43,-87.8
36556,31.41,-88.18
36558,31.55,-88.29
36559,30.56,-87.9
36560,31.08,-88.06
36561,30.28,-87.58
36562,31.04,-87.67
36564,30.48,-87.92
36567,30.75,-87.58
36568,30.49,-88.27
36569,31.55,-88.09
36570,31.59,-87.84
36571,30.87,-88.12
36572,30.59,-88.09
36574,30.52,-87.6
36575,30.78,-88.27
36576,30.53,-87.73
36577,30.73,-87.7
36578,30.86,-87.73
36579,31.08,-87.8
36580,30.47,-87.7
36581,31.37,-88.01
36582,30.49,-88.2
36583,31.41,-88.18
36584,31.21,-88.39
36585,31.41,-88.18
36586,31.59,-87.84
36587,30.81,-88.32
36590,30.49,-88.25
36601,30.7,-88.1
36602,30.69,-88.05
36603,30.69,-88.06
36604,30.68,-88.07
36605,30.6,-88.12
36606,30.67,-88.11
36607,30.79,-88.09
36608,30.64,-88.25
36609,30.55,-88.19
36610,30.73,-88.08
36611,30.77,-88.11
36612,30.75,-88.12
36613,30.77,-88.2
36614,30.6,-88.21
36615,30.64,-88.06
36616,30.67,-88.13
36617,30.72,-88.1
36618,30.68,-88.15
36619,30.46,-88.22
36621,30.66,-88.18
36622,30.66,-88.18
36623,30.66,-88.18
36625,30.66,-88.18
36626,30.66,-88.18
36628,30.66,-88.18
36630,30.66,-88.18
36631,30.66,-88.18
36633,30.66,-88.18
36640,30.66,-88.18
36641,30.66,-88.18
36644,30.66,-88.18
36652,30.66,-88.18
36660,30.66,-88.18
36663,30.82,-88.23
36670,30.66,-88.18
36671,30.66,-88.18
36675,30.66,-88.18
36685,30.66,-88.18
36688,30.7,-88.17
36689,30.66,-88.18
36690,30.66,-88.18
36691,30.66,-88.18
36693,30.64,-88.17
36695,30.67,-88.23
36701,32.43,-87.06
36702,32.42,-87.12
36703,32.47,-86.96
36720,32.15,-87.35
36721,32.05,-87.26
36722,32.05,-87.57
36723,32.08,-87.29
36726,32.0,-87.35
36727,31.59,-87.84
36728,32.19,-87.47
36732,32.38,-87.82
36736,32.26,-87.78
36738,32.37,-87.72
36740,32.61,-87.84
36741,32.01,-86.98
36742,32.52,-87.67
36744,32.7,-87.59
36745,32.41,-87.9
36748,32.32,-87.75
36749,32.51,-86.81
36750,32.83,-86.84
36751,31.9,-87.58
36752,32.29,-86.65
36753,32.05,-87.26
36754,32.13,-87.71
36756,32.61,-87.35
36758,32.48,-87.08
36759,32.39,-87.26
36761,32.19,-87.06
36762,31.94,-88.0
36763,32.25,-87.95
36764,32.27,-87.8
36765,32.59,-87.57
36766,31.95,-87.07
36767,32.29,-87.22
36768,31.93,-87.04
36769,31.99,-87.55
36773,32.32,-87.38
36775,32.21,-87.08
36776,32.76,-87.71
36778,32.02,-87.05
36779,32.59,-87.27
36782,32.13,-87.83
36783,32.3,-87.68
36784,31.75,-87.77
36785,32.32,-86.86
36786,32.45,-87.5
36790,32.72,-86.88
36792,32.93,-86.92
36793,32.89,-86.98
36801,32.62,-85.39
36802,32.58,-85.35
36803,32.52,-85.43
36804,32.58,-85.31
36830,32.55,-85.47
36831,32.58,-85.35
36832,32.59,-85.52
36849,32.58,-85.35
36850,32.81,-85.7
36851,32.29,-85.16
36852,32.78,-85.28
36853,32.79,-85.74
36854,32.89,-85.26
36855,32.92,-85.31
36856,32.3,-85.0
36858,32.3,-85.29
36859,32.23,-85.01
36860,32.24,-85.36
36861,32.9,-85.82
36862,32.91,-85.39
36863,32.9,-85.3
36865,32.58,-85.35
36866,32.54,-85.7
36867,32.38,-85.2
36868,32.46,-85.02
36869,32.32,-85.11
36870,32.48,-85.12
36871,32.17,-85.17
36872,32.58,-85.35
36874,32.58,-85.22
36875,32.26,-85.13
36877,32.56,-85.09
36879,32.68,-85.57
36901,32.47,-88.14
36904,32.12,-88.27
36906,32.0,-88.2
36907,32.44,-88.33
36908,31.92,-88.32
36910,32.0,-88.2
36912,32.23,-88.32
36913,32.0,-88.2
36915,32.0,-88.2
36916,32.21,-88.05
36919,31.95,-88.33
36921,31.92,-88.15
36922,32.21,-88.07
36925,32.44,-88.19
37010,36.56,-87.02
37011,36.17,-86.88
37012,36.03,-86.0
37013,36.04,-86.65
37014,35.86,-86.66
37015,36.3,-87.08
37016,35.93,-86.11
37018,35.64,-86.18
37019,35.43,-86.76
37020,35.58,-86.4
37022,36.48,-86.46
37023,36.58,-87.77
37024,35.87,-86.91
37025,35.92,-87.35
37026,35.7,-86.11
37027,35.98,-86.82
37028,36.58,-87.84
37029,36.04,-87.26
37030,36.28,-85.95
37031,36.38,-86.31
37032,36.52,-87.01
37033,35.75,-87.5
37034,35.64,-86.72
37035,36.38,-87.11
37036,36.23,-87.28
37037,35.7,-86.37
37040,36.52,-87.31
37041,36.48,-87.38
37042,36.5,-87.4
37043,36.51,-87.3
37044,36.53,-87.35
37046,35.79,-86.73
37047,35.35,-86.83
37048,36.49,-86.53
37049,36.52,-86.71
37050,36.45,-87.7
37051,36.27,-87.39
37052,36.4,-87.38
37055,36.14,-87.4
37056,36.15,-87.35
37057,36.36,-86.04
37058,36.49,-87.88
37059,35.99,-85.95
37060,35.73,-86.56
37061,36.29,-87.75
37062,35.98,-87.14
37063,35.86,-86.42
37064,35.89,-86.97
37065,35.9,-86.92
37066,36.4,-86.45
37067,35.91,-86.77
37068,35.87,-86.91
37069,35.98,-86.91
37070,36.19,-86.79
37071,36.16,-86.3
37072,36.34,-86.78
37073,36.44,-86.81
37074,36.4,-86.14
37075,36.35,-86.61
37076,36.15,-86.58
37077,36.3,-86.62
37078,35.92,-87.81
37079,36.49,-87.7
37080,36.33,-86.9
37082,36.19,-87.09
37083,36.53,-86.03
37085,35.94,-86.29
37086,36.01,-86.56
37087,36.27,-86.29
37088,36.16,-86.3
37089,35.86,-86.42
37090,36.12,-86.26
37091,35.5,-86.79
37095,36.0,-85.94
37096,35.59,-87.86
37097,35.79,-87.79
37098,35.85,-87.31
37101,36.07,-87.66
37110,35.68,-85.78
37111,35.68,-85.78
37115,36.26,-86.71
37116,36.19,-86.79
37118,35.91,-86.19
37119,36.63,-86.54
37121,36.16,-86.3
37122,36.18,-86.47
37127,35.76,-86.37
37128,35.85,-86.49
37129,35.9,-86.42
37130,35.89,-86.36
37131,35.86,-86.42
37132,35.86,-86.42
37133,35.86,-86.42
37134,36.01,-87.94
37135,35.93,-86.68
37136,36.16,-86.3
37137,35.87,-87.49
37138,36.14,-86.63
37140,35.88,-87.64
37141,36.62,-86.67
37142,36.4,-87.49
37143,36.14,-87.04
37144,35.29,-86.64
37145,36.35,-85.92
37146,36.27,-87.05
37147,35.69,-87.66
37148,36.55,-86.52
37149,35.8,-86.15
37150,36.52,-85.87
37151,36.31,-86.05
37152,36.4,-86.77
37153,35.77,-86.54
37155,36.48,-87.38
37160,35.49,-86.46
37161,35.47,-86.49
37162,35.51,-86.45
37165,36.28,-87.46
37166,35.96,-85.84
37167,35.86,-86.45
37171,36.36,-87.32
37172,36.51,-86.89
37174,35.71,-86.9
37175,36.27,-87.75
37178,36.32,-87.8
37179,35.81,-86.89
37180,35.62,-86.57
37181,36.25,-87.47
37183,35.5,-86.34
37184,36.09,-86.15
37185,36.03,-87.83
37186,36.57,-86.31
37187,36.12,-87.23
37188,36.48,-86.69
37189,36.28,-86.83
37190,35.84,-86.03
37191,36.5,-87.54
37201,36.17,-86.78
37202,36.34,-86.83
37203,36.15,-86.79
37204,36.12,-86.85
37205,36.11,-86.87
37206,36.18,-86.74
37207,36.23,-86.78
37208,36.17,-86.81
37209,36.14,-86.9
37210,36.14,-86.73
37211,36.07,-86.72
37212,36.13,-86.8
37213,36.17,-86.76
37214,36.17,-86.66
37215,36.09,-86.89
37216,36.2,-86.72
37217,36.11,-86.66
37218,36.23,-86.9
37219,36.16,-86.78
37220,36.07,-86.78
37221,36.07,-86.96
37222,36.06,-86.98
37224,36.19,-86.79
37227,36.19,-86.79
37228,36.19,-86.81
37229,36.19,-86.79
37230,36.19,-86.79
37232,36.19,-86.79
37234,36.19,-86.79
37235,36.19,-86.79
37236,36.19,-86.79
37237,36.19,-86.79
37238,36.19,-86.79
37239,36.19,-86.79
37240,36.19,-86.79
37241,36.19,-86.79
37242,36.19,-86.79
37243,36.17,-86.78
37244,36.19,-86.79
37245,36.19,-86.79
37246,36.16,-86.79
37247,36.19,-86.79
37248,36.19,-86.79
37249,36.19,-86.79
37250,36.19,-86.79
37301,35.36,-85.79
37302,35.02,-85.02
37303,35.46,-84.64
37304,35.35,-85.14
37305,35.37,-85.7
37306,35.09,-86.18
37307,35.13,-84.52
37308,35.31,-85.01
37309,35.32,-84.74
37310,35.26,-84.79
37311,35.15,-84.87
37312,35.26,-84.87
37313,35.35,-85.7
37314,35.25,-84.3
37315,35.05,-85.06
37316,35.0,-84.73
37317,35.02,-84.37
37318,35.18,-86.02
37320,35.17,-84.86
37321,35.56,-84.98
37322,35.48,-84.85
37323,35.14,-84.85
37324,35.26,-86.07
37325,35.24,-84.57
37326,35.03,-84.38
37327,35.39,-85.38
37328,35.07,-86.41
37329,35.37,-84.49
37330,35.27,-86.06
37331,35.35,-84.53
37332,35.53,-84.95
37333,35.13,-84.33
37334,35.17,-86.6
37335,35.06,-86.41
37336,35.31,-84.94
37337,35.62,-84.94
37338,35.6,-85.0
37339,35.39,-85.65
37340,35.03,-85.52
37341,35.21,-85.09
37342,35.38,-85.97
37343,35.17,-85.21
37345,35.05,-86.26
37347,35.1,-85.59
37348,35.1,-86.42
37349,35.5,-86.07
37350,35.13,-85.3
37351,35.1,-85.26
37352,35.28,-86.31
37353,35.16,-84.89
37354,35.49,-84.34
37355,35.52,-86.07
37356,35.26,-85.82
37357,35.62,-85.88
37359,35.19,-86.47
37360,35.47,-86.31
37361,35.1,-84.69
37362,35.05,-84.74
37363,35.12,-85.06
37364,35.17,-84.86
37365,35.37,-85.7
37366,35.37,-85.7
37367,35.61,-85.21
37369,35.17,-84.5
37370,35.37,-84.7
37371,35.44,-84.64
37372,35.18,-86.1
37373,35.39,-85.1
37374,35.17,-85.63
37375,35.18,-86.07
37376,35.05,-85.93
37377,35.18,-85.32
37378,35.68,-85.78
37379,35.21,-85.2
37380,35.11,-85.66
37381,35.69,-84.82
37382,35.5,-86.07
37383,35.18,-85.9
37384,35.22,-85.21
37385,35.38,-84.27
37387,35.27,-85.76
37388,35.5,-86.2
37389,35.5,-86.07
37391,35.09,-84.38
37394,35.53,-85.84
37395,35.62,-84.93
37396,35.02,-85.53
37397,35.17,-85.53
37398,35.15,-86.1
37401,35.02,-85.21
37402,35.05,-85.31
37403,35.05,-85.29
37404,35.02,-85.27
37405,35.09,-85.34
37406,35.07,-85.25
37407,35.0,-85.29
37408,35.03,-85.31
37409,35.0,-85.33
37410,35.0,-85.31
37411,35.04,-85.25
37412,35.0,-85.24
37414,35.22,-85.21
37415,35.13,-85.27
37416,35.1,-85.18
37419,35.05,-85.34
37421,35.04,-85.15
37422,35.22,-85.21
37424,35.22,-85.21
37450,35.22,-85.21
37501,35.17,-89.99
37601,36.34,-82.39
37602,36.27,-82.5
37604,36.31,-82.39
37605,36.32,-82.38
37614,36.16,-82.56
37615,36.35,-82.49
37616,36.23,-82.73
37617,36.53,-82.37
37618,36.48,-82.26
37620,36.53,-82.19
37621,36.5,-82.26
37625,36.5,-82.26
37640,36.36,-81.92
37641,36.26,-82.69
37642,36.5,-82.73
37643,36.33,-82.12
37644,36.44,-82.05
37645,36.56,-82.68
37650,36.07,-82.4
37656,36.31,-82.56
37657,36.03,-82.55
37658,36.25,-82.15
37659,36.29,-82.49
37660,36.51,-82.55
37662,36.53,-82.53
37663,36.47,-82.48
37664,36.5,-82.5
37665,36.58,-82.57
37669,36.5,-82.26
37680,36.53,-81.8
37681,36.25,-82.58
37682,36.3,-82.31
37683,36.45,-81.82
37684,36.27,-82.5
37686,36.45,-82.34
37687,36.22,-82.1
37688,36.54,-81.88
37690,36.24,-82.56
37691,36.38,-81.76
37692,36.2,-82.32
37694,36.38,-82.27
37699,36.5,-82.26
37701,35.82,-83.99
37705,36.2,-84.07
37707,36.57,-83.64
37708,36.25,-83.49
37709,36.16,-83.68
37710,36.16,-84.3
37711,36.31,-83.12
37713,36.1,-83.12
37714,36.3,-84.2
37715,36.56,-83.95
37716,36.11,-84.17
37717,36.11,-84.17
37719,36.04,-84.39
37721,36.03,-83.82
37722,35.84,-83.2
37723,35.95,-84.81
37724,36.56,-83.69
37725,36.0,-83.42
37726,36.2,-84.79
37727,35.91,-83.01
37729,36.51,-84.05
37730,36.55,-83.96
37731,36.51,-83.06
37732,36.39,-84.62
37733,36.35,-84.71
37737,35.76,-84.1
37738,35.73,-83.44
37742,35.67,-84.19
37743,36.13,-82.87
37744,36.17,-82.85
37745,36.25,-82.82
37748,35.92,-84.52
37752,36.53,-83.57
37753,35.82,-83.1
37754,36.09,-84.04
37755,36.43,-84.54
37756,36.35,-84.45
37757,36.31,-84.16
37760,36.1,-83.46
37762,36.45,-84.15
37763,35.82,-84.52
37764,35.97,-83.6
37765,36.49,-83.15
37766,36.42,-84.09
37769,36.2,-84.12
37770,36.15,-84.7
37771,35.83,-84.28
37772,35.79,-84.26
37773,36.47,-83.68
37774,35.74,-84.34
37777,35.83,-84.05
37778,36.21,-83.28
37779,36.22,-83.77
37801,35.69,-84.08
37802,35.73,-83.93
37803,35.65,-84.0
37804,35.8,-83.89
37806,36.09,-83.74
37807,36.29,-83.81
37809,36.15,-82.99
37810,36.18,-83.08
37811,36.36,-83.18
37813,36.19,-83.26
37814,36.22,-83.31
37815,36.21,-83.28
37816,36.21,-83.28
37818,36.17,-82.98
37819,36.56,-84.19
37820,36.09,-83.56
37821,36.0,-83.16
37822,35.95,-83.11
37824,36.45,-83.59
37825,36.45,-83.58
37826,35.54,-84.58
37828,36.2,-84.09
37829,35.98,-84.6
37830,36.02,-84.24
37831,36.11,-84.2
37840,36.05,-84.44
37841,36.51,-84.52
37842,35.88,-84.79
37843,36.02,-83.05
37845,36.08,-84.44
37846,35.68,-84.43
37847,36.42,-84.2
37848,36.25,-83.49
37849,36.07,-84.02
37851,36.56,-83.81
37852,36.38,-84.58
37853,35.84,-83.91
37854,35.84,-84.66
37857,36.42,-82.95
37860,36.24,-83.19
37861,36.23,-83.55
37862,35.83,-83.57
37863,35.83,-83.57
37864,35.85,-83.61
37865,35.86,-83.71
37866,36.34,-83.82
37867,36.58,-83.65
37868,35.88,-83.56
37869,36.51,-83.19
37870,36.48,-83.82
37871,36.07,-83.66
37872,36.18,-84.6
37873,36.52,-82.86
37874,35.57,-84.41
37876,35.85,-83.51
37877,36.18,-83.41
37878,35.58,-83.99
37879,36.47,-83.52
37880,35.52,-84.83
37881,36.25,-83.49
37882,35.68,-83.75
37885,35.53,-84.23
37886,35.75,-83.8
37887,36.03,-84.56
37888,36.25,-83.49
37890,36.08,-83.3
37891,36.26,-83.15
37892,36.55,-84.41
37901,36.03,-83.88
37902,35.94,-83.88
37909,35.94,-84.01
37912,35.98,-84.02
37914,35.98,-83.78
37915,35.99,-83.91
37916,35.93,-83.97
37917,36.0,-83.91
37918,36.07,-83.91
37919,35.94,-84.04
37920,35.89,-83.94
37921,36.02,-83.93
37922,35.86,-84.12
37923,35.92,-84.08
37924,35.99,-83.98
37927,35.99,-83.96
37928,35.99,-83.96
37929,35.92,-83.8
37930,35.9,-83.95
37931,35.98,-84.13
37932,35.93,-84.15
37933,35.99,-83.96
37938,36.12,-83.94
37939,35.99,-83.96
37940,35.99,-83.96
37950,35.99,-83.96
37990,35.99,-83.96
37995,35.99,-83.96
37996,35.99,-83.96
37997,35.99,-83.96
37998,35.94,-83.75
38001,35.81,-89.09
38002,35.29,-89.75
38004,35.45,-89.81
38006,35.75,-89.1
38007,36.16,-89.44
38008,35.2,-88.99
38010,35.29,-89.49
38011,35.47,-89.75
38012,35.63,-89.28
38014,35.2,-89.97
38015,35.55,-89.74
38016,35.18,-89.76
38017,35.08,-89.7
38018,35.1,-89.9
38019,35.54,-89.64
38021,35.87,-89.18
38023,35.46,-89.93
38024,36.04,-89.44
38025,36.05,-89.44
38027,35.2,-89.97
38028,35.18,-89.68
38029,35.2,-89.97
38030,36.07,-89.56
38034,35.84,-89.21
38036,35.33,-89.62
38037,35.79,-89.65
38039,35.06,-89.14
38040,35.84,-89.53
38041,35.66,-89.7
38042,35.12,-89.08
38044,35.19,-88.96
38045,35.29,-89.23
38046,35.1,-89.35
38047,36.06,-89.56
38048,35.15,-89.48
38049,35.44,-89.56
38050,35.84,-89.23
38052,35.09,-88.91
38053,35.32,-89.89
38054,35.33,-89.87
38055,35.2,-89.97
38056,36.05,-89.44
38057,35.08,-89.34
38058,35.46,-89.71
38059,36.11,-89.27
38060,35.23,-89.49
38061,35.08,-88.96
38063,35.75,-89.66
38066,35.08,-89.42
38067,35.08,-89.01
38068,35.26,-89.41
38069,35.46,-89.34
38070,35.94,-89.24
38071,35.41,-89.82
38074,35.21,-88.99
38075,35.31,-89.13
38076,35.14,-89.42
38077,36.34,-89.52
38079,36.36,-89.47
38080,36.26,-89.47
38083,35.2,-89.97
38088,35.2,-89.97
38101,35.05,-89.85
38103,35.15,-90.05
38104,35.14,-90.0
38105,35.15,-90.03
38106,35.1,-90.04
38107,35.17,-90.02
38108,35.18,-89.97
38109,35.05,-90.09
38110,35.2,-89.97
38111,35.11,-89.95
38112,35.15,-89.98
38113,35.13,-89.98
38114,35.1,-89.99
38115,35.06,-89.86
38116,35.03,-90.01
38117,35.11,-89.91
38118,35.04,-89.93
38119,35.08,-89.84
38120,35.12,-89.84
38122,35.16,-89.92
38124,35.2,-89.97
38125,35.03,-89.78
38126,35.13,-90.04
38127,35.24,-90.01
38128,35.22,-89.92
38130,35.2,-89.97
38131,35.06,-89.99
38132,35.07,-90.0
38133,35.21,-89.79
38134,35.18,-89.86
38135,35.23,-89.84
38136,35.2,-89.97
38137,35.2,-89.97
38138,35.09,-89.79
38139,35.08,-89.76
38140,35.2,-89.97
38141,35.01,-89.85
38142,35.2,-89.97
38143,35.2,-89.97
38145,35.2,-89.97
38146,35.2,-89.97
38147,35.2,-89.97
38148,35.2,-89.97
38150,35.2,-89.97
38151,35.2,-89.97
38152,35.2,-89.97
38157,35.2,-89.97
38159,35.2,-89.97
38161,35.2,-89.97
38163,35.2,-89.97
38165,35.2,-89.97
38166,35.2,-89.97
38167,35.2,-89.97
38168,35.2,-89.97
38173,35.2,-89.97
38174,35.2,-89.97
38175,35.2,-89.97
38177,35.2,-89.97
38181,35.2,-89.97
38182,35.2,-89.97
38183,35.2,-89.97
38184,35.2,-89.97
38186,35.2,-89.97
38187,35.2,-89.97
38188,35.2,-89.97
38190,35.2,-89.97
38193,35.2,-89.97
38194,35.2,-89.97
38195,35.2,-89.97
38197,35.2,-89.97
38201,36.08,-88.5
38220,35.99,-88.64
38221,36.25,-88.05
38222,36.43,-88.18
38223,36.31,-88.26
38224,36.4,-88.47
38225,36.31,-88.74
38226,36.35,-88.68
38229,36.22,-88.62
38230,36.21,-88.78
38231,36.22,-88.42
38232,36.35,-89.33
38233,36.13,-89.03
38235,35.98,-88.57
38236,36.18,-88.28
38237,36.32,-88.78
38238,36.28,-88.74
38240,36.27,-89.29
38241,36.39,-88.61
38242,36.32,-88.32
38251,36.33,-88.3
38253,36.31,-89.07
38254,36.38,-89.35
38255,36.24,-88.86
38256,36.3,-88.16
38257,36.38,-89.08
38258,36.04,-88.61
38259,36.17,-89.2
38260,36.36,-89.21
38261,36.35,-89.12
38271,36.46,-89.23
38281,36.35,-89.15
38301,35.57,-88.86
38302,35.61,-88.84
38303,35.61,-88.84
38305,35.65,-88.84
38308,35.61,-88.84
38310,35.27,-88.45
38311,35.45,-88.12
38313,35.61,-88.66
38314,35.61,-88.84
38315,35.27,-88.63
38316,36.06,-88.8
38317,36.06,-88.28
38318,35.96,-88.27
38320,36.08,-88.1
38321,35.87,-88.53
38324,35.87,-88.39
38326,35.11,-88.29
38327,35.22,-88.32
38328,35.67,-88.22
38329,35.54,-88.11
38330,36.08,-89.04
38331,35.97,-89.13
38332,35.43,-88.43
38333,36.11,-87.98
38334,35.27,-88.57
38336,35.75,-89.03
38337,35.78,-89.03
38338,35.87,-88.85
38339,35.06,-88.5
38340,35.41,-88.64
38341,35.91,-88.08
38342,36.05,-88.29
38343,35.88,-88.93
38344,35.99,-88.43
38345,35.62,-88.5
38346,36.03,-88.81
38347,35.47,-88.49
38348,35.86,-88.64
38351,35.68,-88.41
38352,35.54,-88.54
38355,35.81,-88.75
38356,35.48,-88.91
38357,35.14,-88.57
38358,35.92,-88.81
38359,35.37,-88.39
38361,35.3,-88.27
38362,35.72,-88.78
38363,35.7,-88.11
38365,35.04,-88.23
38366,35.48,-88.75
38367,35.07,-88.64
38368,35.5,-88.37
38369,36.13,-88.96
38370,35.32,-88.24
38371,35.47,-88.3
38372,35.21,-88.18
38374,35.47,-88.21
38375,35.21,-88.58
38376,35.13,-88.35
38377,35.36,-88.83
38378,35.77,-88.68
38379,35.16,-88.44
38380,35.79,-88.04
38381,35.34,-88.94
38382,35.97,-88.98
38387,35.88,-88.29
38388,35.77,-88.35
38389,36.14,-89.11
38390,35.85,-88.36
38391,35.54,-88.99
38392,35.48,-89.03
38393,35.0,-88.65
38401,35.62,-87.0
38402,35.63,-87.07
38425,35.39,-87.93
38449,35.06,-86.88
38450,35.18,-87.79
38451,35.49,-87.09
38452,35.2,-87.83
38453,35.09,-86.72
38454,35.75,-87.36
38455,35.05,-86.9
38456,35.34,-87.31
38457,35.04,-87.29
38459,35.18,-86.85
38460,35.08,-87.14
38461,35.63,-87.29
38462,35.53,-87.49
38463,35.07,-87.55
38464,35.24,-87.4
38468,35.15,-87.3
38469,35.08,-87.43
38471,35.08,-87.9
38472,35.25,-87.02
38473,35.04,-87.15
38474,35.54,-87.21
38475,35.26,-88.05
38476,35.8,-87.26
38477,35.09,-87.0
38478,35.22,-87.02
38481,35.03,-87.49
38482,35.77,-87.15
38483,35.24,-87.4
38485,35.35,-87.78
38486,35.17,-87.4
38487,35.72,-87.21
38488,35.05,-86.72
38501,36.22,-85.54
38502,36.14,-85.45
38503,36.14,-85.45
38504,36.38,-84.78
38505,36.14,-85.45
38506,36.18,-85.47
38541,36.48,-85.35
38542,36.32,-85.2
38543,36.36,-85.19
38544,36.12,-85.66
38545,36.21,-85.66
38547,36.17,-86.01
38548,36.16,-85.53
38549,36.55,-85.16
38550,35.77,-85.62
38551,36.55,-85.51
38552,36.21,-85.83
38553,36.2,-85.01
38554,36.24,-85.16
38555,35.96,-85.05
38556,36.38,-84.94
38557,35.99,-85.01
38558,35.96,-85.01
38559,35.84,-85.52
38560,36.22,-85.86
38562,36.37,-85.68
38563,36.21,-85.98
38564,36.28,-85.75
38565,36.26,-85.0
38567,36.14,-85.91
38568,36.42,-85.45
38569,36.12,-85.86
38570,36.39,-85.33
38571,36.05,-85.01
38572,35.85,-85.13
38573,36.45,-85.23
38574,36.12,-85.23
38575,36.55,-85.63
38577,36.53,-84.95
38578,36.01,-85.16
38579,35.84,-85.55
38580,36.28,-85.3
38581,35.77,-85.68
38582,36.11,-85.73
38583,35.94,-85.44
38585,35.68,-85.43
38587,35.87,-85.61
38588,36.43,-85.71
38589,36.28,-85.09
38601,34.47,-89.45
38602,34.69,-90.11
38603,34.74,-89.16
38606,34.34,-89.96
38609,34.24,-90.29
38610,34.67,-89.0
38611,34.85,-89.62
38614,34.26,-90.63
38617,34.31,-90.52
38618,34.69,-89.96
38619,34.47,-89.95
38620,34.25,-89.96
38621,34.45,-90.1
38622,34.17,-90.14
38623,34.29,-90.29
38625,34.64,-88.83
38626,34.54,-90.37
38627,34.43,-89.06
38628,34.29,-90.29
38629,34.85,-88.93
38630,34.24,-90.65
38631,34.37,-90.61
38632,34.81,-89.99
38633,34.62,-89.18
38634,34.75,-89.48
38635,34.77,-89.51
38637,34.95,-90.03
38638,34.7,-89.83
38639,34.3,-90.43
38641,34.91,-90.15
38642,34.93,-89.4
38643,34.19,-90.22
38644,34.46,-90.5
38645,34.24,-90.48
38646,34.31,-90.21
38647,34.79,-89.19
38649,34.95,-89.52
38650,34.51,-89.13
38651,34.88,-89.99
38652,34.49,-88.96
38654,34.92,-89.87
38655,34.33,-89.48
38658,34.2,-89.89
38659,34.63,-89.37
38661,34.89,-89.56
38663,34.72,-88.9
38664,34.78,-90.33
38665,34.41,-90.04
38666,34.36,-89.93
38668,34.62,-89.93
38669,34.2,-90.73
38670,34.56,-90.33
38671,34.96,-90.0
38672,34.95,-89.93
38673,34.29,-89.61
38674,34.88,-88.9
38675,34.36,-89.48
38676,34.69,-90.34
38677,34.34,-89.57
38679,34.87,-89.64
38680,34.96,-90.11
38683,34.89,-88.89
38685,34.55,-89.61
38686,34.88,-89.99
38701,33.31,-91.02
38702,33.43,-90.99
38703,33.41,-91.01
38704,33.25,-90.92
38720,34.07,-90.76
38721,32.97,-90.83
38722,33.27,-90.84
38723,33.22,-91.05
38725,33.63,-90.99
38726,33.75,-90.96
38730,33.74,-90.77
38731,33.09,-91.09
38732,33.85,-90.84
38733,33.62,-90.82
38736,33.69,-90.55
38737,33.69,-90.61
38738,33.63,-90.61
38739,34.06,-90.5
38740,33.95,-90.77
38744,33.05,-91.02
38745,32.71,-90.95
38746,34.0,-90.92
38748,33.23,-90.91
38749,33.63,-90.61
38751,33.44,-90.61
38753,33.35,-90.58
38754,33.26,-90.6
38756,33.4,-90.88
38758,34.08,-90.51
38759,33.82,-90.84
38760,33.45,-90.99
38761,33.44,-90.51
38762,33.77,-90.85
38763,32.88,-90.81
38764,33.73,-90.93
38765,32.88,-90.81
38767,34.14,-90.79
38768,33.96,-90.48
38769,33.84,-90.88
38771,33.66,-90.56
38772,33.56,-91.04
38773,33.61,-90.79
38774,33.96,-90.75
38776,33.41,-90.91
38778,33.56,-90.55
38780,33.27,-91.0
38781,33.89,-90.74
38782,33.27,-90.96
38801,34.29,-88.68
38802,34.23,-88.77
38803,34.19,-88.78
38804,34.34,-88.68
38820,34.17,-89.03
38821,33.94,-88.41
38824,34.31,-88.64
38825,33.87,-88.46
38826,34.27,-88.75
38827,34.55,-88.23
38828,34.46,-88.96
38829,34.63,-88.53
38833,34.86,-88.29
38834,34.88,-88.59
38835,34.92,-88.52
38838,34.58,-88.25
38839,33.86,-89.3
38841,34.34,-89.01
38843,34.28,-88.36
38844,33.84,-88.26
38846,34.87,-88.42
38847,34.35,-88.25
38848,33.94,-88.32
38849,34.42,-88.67
38850,34.01,-89.0
38851,33.91,-88.93
38852,34.82,-88.23
38854,33.91,-88.96
38855,34.32,-88.39
38856,34.59,-88.51
38857,34.28,-88.59
38858,34.16,-88.47
38859,34.53,-88.39
38860,33.94,-88.87
38862,34.24,-88.62
38863,34.23,-89.04
38864,34.16,-89.18
38865,34.82,-88.56
38866,34.3,-88.67
38868,34.14,-88.68
38869,34.35,-88.84
38870,34.05,-88.37
38871,34.32,-89.16
38873,34.67,-88.24
38874,34.23,-89.25
38875,33.91,-88.96
38876,34.24,-88.33
38877,33.99,-88.9
38878,33.9,-89.22
38879,34.17,-88.76
38880,34.61,-88.58
38901,33.79,-89.85
38902,33.82,-89.79
38912,33.65,-90.05
38913,34.12,-89.4
38914,33.9,-89.43
38915,34.03,-89.34
38916,33.86,-89.35
38917,33.52,-90.0
38920,33.93,-90.19
38921,34.01,-90.12
38922,33.96,-89.65
38923,33.45,-89.91
38924,33.26,-90.18
38925,33.56,-89.64
38926,33.69,-89.76
38927,34.13,-90.01
38928,33.93,-90.19
38929,33.79,-89.65
38930,33.55,-90.22
38935,33.52,-90.28
38940,33.74,-90.0
38941,33.47,-90.29
38943,33.49,-89.83
38944,33.75,-90.37
38945,33.65,-90.2
38946,33.4,-90.37
38947,33.51,-89.92
38948,34.1,-89.86
38949,34.2,-89.38
38950,33.73,-90.24
38951,33.94,-89.28
38952,33.63,-90.3
38953,34.03,-89.72
38954,33.45,-89.91
38955,33.74,-89.38
38957,33.98,-90.39
38958,33.93,-90.19
38959,33.38,-90.35
38960,33.79,-89.82
38961,34.03,-89.72
38962,33.93,-90.19
38963,34.02,-90.35
38964,34.1,-90.44
38965,34.1,-89.63
38966,33.9,-90.34
38967,33.51,-89.63
39038,33.17,-90.48
39039,32.85,-90.24
39040,32.65,-90.42
39041,32.41,-90.46
39042,32.3,-89.94
39043,32.27,-89.99
39044,31.96,-89.98
39045,32.79,-89.87
39046,32.63,-90.01
39047,32.39,-89.96
39051,32.79,-89.52
39054,32.81,-90.93
39056,32.37,-90.31
39057,32.48,-89.26
39058,32.31,-90.4
39059,31.97,-90.38
39060,32.31,-90.4
39061,32.88,-90.81
39062,31.99,-89.92
39063,33.07,-89.9
39066,32.27,-90.51
39067,33.08,-89.54
39069,31.73,-91.06
39071,32.55,-90.33
39072,32.31,-90.4
39073,32.28,-90.0
39074,32.4,-89.51
39077,31.93,-90.39
39078,31.87,-90.21
39079,32.99,-89.94
39080,32.49,-89.49
39081,31.74,-91.05
39082,31.94,-90.13
39083,31.87,-90.43
39086,32.0,-90.72
39087,32.47,-89.52
39088,32.84,-90.72
39090,33.06,-89.59
39092,32.38,-89.42
39094,32.62,-89.61
39095,33.13,-90.06
39096,31.74,-91.05
39097,32.98,-90.59
39098,32.57,-89.71
39107,33.08,-89.64
39108,33.08,-89.64
39109,32.69,-89.36
39110,32.55,-90.14
39111,31.91,-89.78
39112,31.9,-89.78
39113,32.71,-90.95
39114,31.91,-89.81
39115,33.13,-90.53
39116,31.85,-89.51
39117,32.4,-89.59
39119,31.72,-89.62
39120,31.53,-91.31
39121,31.47,-91.4
39122,31.47,-91.4
39130,32.64,-90.09
39140,31.71,-90.04
39144,32.01,-90.98
39145,32.34,-89.83
39146,32.95,-90.03
39148,32.32,-89.99
39149,31.84,-90.02
39150,31.92,-90.98
39151,32.11,-89.78
39152,32.27,-89.56
39153,32.03,-89.52
39154,32.2,-90.48
39156,32.53,-90.75
39157,32.44,-90.14
39158,32.64,-90.09
39159,32.86,-90.9
39160,33.08,-89.64
39161,32.5,-89.87
39162,32.64,-90.6
39163,32.64,-90.09
39165,31.47,-91.4
39166,33.09,-90.49
39167,32.1,-90.06
39168,31.83,-89.4
39169,33.13,-90.24
39170,32.19,-90.42
39171,32.75,-89.52
39173,32.76,-90.36
39174,32.4,-90.15
39175,32.22,-90.44
39176,33.33,-89.75
39177,32.71,-90.95
39179,32.8,-90.1
39180,32.34,-90.83
39181,32.35,-90.86
39182,32.35,-90.86
39183,32.39,-90.84
39189,32.63,-89.41
39190,31.47,-91.4
39191,31.85,-90.38
39192,33.2,-89.85
39193,32.23,-90.07
39194,32.82,-90.48
39201,32.29,-90.19
39202,32.31,-90.18
39203,32.31,-90.21
39204,32.3,-90.29
39205,32.31,-90.4
39206,32.37,-90.17
39207,32.31,-90.4
39208,32.27,-89.96
39209,32.37,-90.36
39210,32.32,-90.18
39211,32.37,-90.12
39212,32.24,-90.29
39213,32.31,-90.22
39215,32.31,-90.4
39216,32.34,-90.22
39217,32.3,-90.21
39218,32.22,-90.13
39225,32.31,-90.4
39232,32.31,-90.4
39235,32.31,-90.4
39236,32.31,-90.4
39250,32.31,-90.4
39269,32.3,-90.19
39271,32.31,-90.4
39272,32.31,-90.4
39282,32.31,-90.4
39283,32.31,-90.4
39284,32.31,-90.4
39286,32.31,-90.4
39288,32.31,-89.8
39289,32.31,-90.4
39296,32.31,-90.4
39298,32.32,-89.99
39301,32.38,-88.66
39302,32.43,-88.64
39303,32.4,-88.65
39304,32.42,-88.65
39305,32.4,-88.66
39307,32.39,-88.68
39309,32.34,-88.73
39320,32.52,-88.75
39322,31.58,-88.55
39323,32.35,-88.96
39324,31.59,-88.7
39325,32.43,-88.79
39326,32.56,-88.68
39327,32.43,-89.09
39328,32.8,-88.7
39330,32.14,-88.82
39332,32.32,-89.08
39335,32.5,-88.53
39336,32.32,-89.26
39337,32.5,-89.0
39338,32.11,-89.19
39339,33.1,-89.07
39341,33.13,-88.54
39342,32.34,-88.62
39345,32.4,-89.08
39346,32.98,-89.11
39347,32.02,-88.89
39348,32.07,-89.03
39350,32.75,-89.12
39352,32.8,-88.52
39354,32.86,-88.83
39355,32.01,-88.66
39356,32.14,-89.0
39358,32.82,-88.48
39359,32.55,-89.36
39360,31.96,-88.72
39361,33.08,-88.66
39362,31.36,-88.61
39363,32.14,-88.77
39364,32.42,-88.66
39365,32.64,-89.11
39366,31.95,-88.97
39367,31.66,-88.7
39401,31.25,-89.28
39402,31.34,-89.38
39403,31.36,-89.38
39404,31.17,-89.29
39406,31.17,-89.29
39407,31.17,-89.29
39421,31.58,-89.78
39422,31.99,-89.21
39423,31.19,-88.92
39425,31.18,-89.27
39426,30.66,-89.65
39427,31.6,-89.87
39428,31.65,-89.58
39429,31.22,-89.8
39436,31.46,-89.3
39437,31.61,-89.17
39439,31.89,-89.08
39440,31.71,-89.11
39441,31.73,-89.08
39442,31.68,-89.04
39443,31.69,-89.12
39451,31.17,-88.64
39452,30.87,-88.65
39455,31.1,-89.5
39456,31.09,-88.8
39457,30.67,-89.67
39459,31.5,-89.3
39460,32.01,-89.12
39461,31.21,-88.75
39462,31.17,-88.99
39463,30.56,-89.56
39464,31.31,-89.0
39465,31.33,-89.22
39466,30.63,-89.63
39470,30.76,-89.58
39474,31.6,-89.89
39475,31.23,-89.5
39476,31.32,-88.99
39477,31.79,-89.04
39478,31.08,-89.85
39479,31.54,-89.5
39480,31.71,-89.3
39481,31.87,-89.23
39482,31.22,-89.53
39483,31.25,-89.93
39501,30.4,-89.06
39502,30.42,-89.07
39503,30.47,-89.15
39505,30.42,-89.07
39506,30.42,-89.07
39507,30.4,-89.03
39520,30.3,-89.46
39521,30.4,-89.5
39522,30.4,-89.5
39525,30.37,-89.38
39529,30.4,-89.5
39530,30.43,-88.98
39531,30.4,-88.97
39532,30.51,-88.97
39533,30.42,-89.07
39534,30.42,-89.07
39535,30.42,-89.07
39540,30.44,-88.9
39552,30.44,-88.63
39553,30.42,-88.66
39555,30.71,-88.52
39556,30.49,-89.42
39558,30.24,-89.46
39560,30.37,-89.18
39561,30.72,-89.17
39562,30.54,-88.6
39563,30.54,-88.62
39564,30.5,-88.66
39565,30.55,-88.71
39566,30.44,-88.63
39567,30.53,-88.49
39568,30.44,-88.63
39569,30.44,-88.63
39571,30.43,-89.26
39572,30.25,-89.52
39573,30.77,-89.11
39574,30.6,-89.11
39576,30.29,-89.37
39577,30.85,-89.09
39581,30.54,-88.62
39595,30.44,-88.63
39601,31.52,-90.46
39602,31.53,-90.49
39603,31.61,-90.45
39629,31.45,-90.46
39630,31.47,-90.9
39631,31.13,-91.18
39632,31.11,-90.49
39633,31.25,-90.89
39635,31.19,-90.43
39638,31.2,-90.92
39641,31.41,-90.14
39643,31.24,-89.98
39645,31.17,-90.8
39647,31.47,-90.9
39648,31.18,-90.4
39649,31.17,-90.4
39652,31.14,-90.4
39653,31.47,-90.89
39654,31.54,-90.16
39656,31.48,-90.04
39657,31.04,-90.4
39661,31.5,-91.07
39662,31.41,-90.29
39663,31.59,-90.04
39664,31.27,-90.67
39665,31.64,-90.19
39666,31.26,-90.4
39667,31.18,-90.09
39668,31.71,-90.75
39669,31.18,-91.32
39701,33.52,-88.46
39702,33.43,-88.46
39703,33.48,-88.28
39704,33.55,-88.38
39705,33.55,-88.49
39710,33.52,-88.46
39730,33.85,-88.51
39735,33.28,-89.19
39736,33.41,-88.64
39737,33.65,-89.33
39739,33.22,-88.48
39740,33.82,-88.27
39741,33.66,-88.75
39743,33.33,-88.56
39744,33.55,-89.29
39745,33.29,-89.4
39746,33.78,-88.36
39747,33.43,-89.59
39750,33.6,-89.26
39751,33.94,-89.32
39752,33.54,-89.13
39753,33.48,-88.64
39754,33.66,-88.75
39755,33.66,-88.75
39756,33.78,-88.66
39759,33.43,-88.88
39760,33.46,-88.83
39762,33.42,-88.74
39766,33.6,-88.32
39767,33.52,-89.47
39769,33.41,-88.99
39771,33.6,-89.3
39772,33.32,-89.27
39773,33.62,-88.61
39776,33.8,-89.06
39901,33.89,-84.07
40003,38.27,-85.09
40004,37.82,-85.47
40006,38.6,-85.33
40007,38.45,-85.02
40008,37.83,-85.33
40009,37.5,-85.11
40010,38.39,-85.45
40011,38.46,-85.13
40012,37.9,-85.19
40013,37.91,-85.47
40014,38.36,-85.45
40018,38.23,-85.66
40019,38.42,-85.17
40020,37.93,-85.39
40022,38.15,-85.34
40023,38.19,-85.45
40025,38.31,-85.64
40026,38.41,-85.53
40027,38.33,-85.63
40031,38.42,-85.45
40032,38.4,-85.46
40033,37.54,-85.26
40036,38.46,-84.99
40037,37.65,-85.42
40040,37.76,-85.06
40041,38.25,-85.66
40045,38.69,-85.38
40046,38.02,-85.18
40047,38.04,-85.58
40048,37.76,-85.45
40049,37.66,-85.39
40050,38.43,-85.19
40051,37.64,-85.55
40052,37.6,-85.52
40055,38.47,-85.3
40056,38.3,-85.49
40057,38.43,-85.03
40058,38.49,-85.12
40059,38.34,-85.6
40060,37.53,-85.43
40061,37.77,-85.2
40062,37.6,-85.43
40063,37.58,-85.36
40065,38.22,-85.17
40066,38.2,-85.21
40067,38.22,-85.36
40068,38.41,-85.27
40069,37.73,-85.21
40070,38.48,-85.25
40071,38.03,-85.37
40075,38.55,-85.1
40076,38.12,-85.1
40077,38.49,-85.42
40078,37.84,-85.13
40104,38.09,-86.35
40107,37.74,-85.59
40108,37.98,-86.18
40109,38.05,-85.76
40110,37.93,-85.66
40111,37.85,-86.46
40115,37.74,-86.24
40117,37.88,-86.12
40118,38.1,-85.76
40119,37.55,-86.48
40121,37.9,-85.95
40129,38.08,-85.68
40140,37.8,-86.41
40142,37.89,-86.2
40143,37.75,-86.45
40144,37.8,-86.41
40145,37.61,-86.32
40146,37.83,-86.28
40150,37.91,-85.69
40152,37.62,-86.45
40153,37.8,-86.41
40155,37.93,-86.08
40157,38.02,-86.36
40159,37.72,-85.98
40160,37.83,-85.85
40161,38.01,-86.4
40162,37.76,-86.03
40164,37.8,-86.41
40165,37.96,-85.7
40170,37.91,-86.52
40171,37.8,-86.41
40175,37.8,-86.05
40176,37.88,-86.29
40177,37.98,-85.97
40178,37.65,-86.41
40201,38.19,-85.68
40202,38.25,-85.75
40203,38.25,-85.77
40204,38.24,-85.72
40205,38.22,-85.6
40206,38.25,-85.7
40207,38.26,-85.67
40208,38.22,-85.76
40209,38.21,-85.77
40210,38.23,-85.79
40211,38.23,-85.82
40212,38.23,-85.79
40213,38.18,-85.71
40214,38.16,-85.79
40215,38.19,-85.79
40216,38.19,-85.83
40217,38.22,-85.74
40218,38.17,-85.68
40219,38.14,-85.7
40220,38.21,-85.62
40221,38.19,-85.68
40222,38.27,-85.62
40223,38.27,-85.56
40224,38.19,-85.68
40225,38.19,-85.68
40228,38.14,-85.63
40229,38.14,-85.65
40231,38.19,-85.68
40232,38.19,-85.68
40233,38.19,-85.68
40241,38.3,-85.58
40242,38.28,-85.59
40243,38.24,-85.54
40245,38.26,-85.48
40250,38.19,-85.68
40251,38.19,-85.68
40252,38.19,-85.68
40253,38.19,-85.68
40255,38.19,-85.68
40256,38.19,-85.68
40257,38.19,-85.68
40258,38.15,-85.86
40259,38.19,-85.68
40261,38.19,-85.68
40266,38.19,-85.68
40268,38.19,-85.68
40269,38.19,-85.68
40270,38.19,-85.68
40272,38.08,-85.85
40280,38.25,-85.69
40281,38.19,-85.68
40282,38.19,-85.68
40283,38.19,-85.68
40285,38.19,-85.68
40287,38.19,-85.68
40289,38.19,-85.68
40290,38.19,-85.68
40291,38.13,-85.58
40292,38.19,-85.68
40293,38.19,-85.68
40294,38.19,-85.68
40295,38.19,-85.68
40296,38.19,-85.68
40297,38.19,-85.68
40298,38.19,-85.68
40299,38.18,-85.52
40310,37.75,-84.75
40311,38.33,-83.99
40312,37.85,-83.86
40313,38.13,-83.44
40316,37.94,-83.61
40317,38.18,-83.27
40319,38.14,-83.53
40320,37.97,-84.16
40322,37.95,-83.61
40324,38.24,-84.57
40328,37.59,-85.09
40329,38.21,-83.42
40330,37.8,-84.86
40334,38.02,-83.77
40336,37.7,-83.94
40337,37.96,-83.87
40339,37.95,-84.66
40340,37.87,-84.58
40342,38.01,-84.98
40346,37.97,-83.74
40347,38.15,-84.72
40348,38.3,-84.15
40350,38.3,-83.89
40351,38.21,-83.42
40353,38.05,-83.92
40355,38.63,-84.88
40356,37.86,-84.57
40357,38.15,-84.11
40358,38.08,-83.7
40359,38.49,-84.84
40360,38.15,-83.78
40361,38.22,-84.21
40362,38.22,-84.21
40363,38.52,-85.01
40366,38.09,-83.76
40370,38.38,-84.55
40371,38.1,-83.62
40372,37.87,-84.88
40374,38.23,-83.88
40376,37.82,-83.69
40379,38.31,-84.68
40380,37.82,-83.79
40383,38.0,-84.74
40384,38.02,-84.75
40385,37.72,-84.14
40386,38.02,-84.75
40387,37.98,-83.47
40390,37.86,-84.67
40391,37.96,-84.16
40392,37.97,-84.16
40402,37.31,-83.97
40403,37.59,-84.24
40404,37.72,-84.3
40405,37.72,-84.3
40409,37.37,-84.41
40410,37.65,-84.55
40419,37.43,-84.52
40421,37.42,-83.99
40422,37.64,-84.85
40423,37.62,-84.85
40434,37.4,-83.91
40437,37.44,-84.77
40440,37.58,-84.85
40442,37.36,-84.7
40444,37.68,-84.58
40445,37.29,-84.21
40446,37.65,-84.55
40447,37.43,-84.03
40448,37.45,-84.7
40452,37.6,-84.95
40456,37.4,-84.34
40460,37.35,-84.32
40461,37.59,-84.43
40464,37.57,-84.92
40467,37.42,-83.99
40468,37.64,-84.98
40472,37.71,-83.86
40473,37.35,-84.32
40475,37.76,-84.3
40476,37.72,-84.3
40481,37.47,-84.06
40484,37.52,-84.68
40486,37.36,-83.93
40488,37.47,-84.04
40489,37.38,-84.62
40492,37.35,-84.32
40495,37.71,-84.08
40502,38.02,-84.49
40503,38.0,-84.54
40504,38.04,-84.54
40505,38.06,-84.46
40506,38.03,-84.51
40507,38.05,-84.5
40508,38.05,-84.5
40509,37.99,-84.37
40510,38.06,-84.59
40511,38.13,-84.49
40512,38.03,-84.47
40513,38.02,-84.61
40514,37.98,-84.56
40515,37.92,-84.44
40516,38.06,-84.43
40517,37.99,-84.49
40522,38.03,-84.47
40523,38.03,-84.47
40524,38.03,-84.47
40526,38.03,-84.47
40533,38.03,-84.47
40536,38.03,-84.51
40544,38.03,-84.47
40546,38.03,-84.47
40550,38.03,-84.47
40555,38.03,-84.47
40574,38.03,-84.47
40575,38.03,-84.47
40576,38.03,-84.47
40577,38.03,-84.47
40578,38.03,-84.47
40579,38.03,-84.47
40580,38.03,-84.47
40581,38.03,-84.47
40582,38.03,-84.47
40583,38.03,-84.47
40584,38.03,-84.47
40585,38.03,-84.47
40586,38.03,-84.47
40587,38.03,-84.47
40588,38.03,-84.47
40589,38.03,-84.47
40590,38.03,-84.47
40591,38.03,-84.47
40592,38.03,-84.47
40593,38.03,-84.47
40594,38.03,-84.47
40595,38.03,-84.47
40596,38.03,-84.47
40601,38.23,-84.87
40602,38.23,-84.87
40603,38.23,-84.87
40604,38.23,-84.87
40618,38.23,-84.87
40619,38.23,-84.87
40620,38.23,-84.87
40621,38.23,-84.87
40622,38.23,-84.87
40701,36.85,-84.18
40702,36.94,-84.1
40724,37.15,-84.14
40729,37.25,-84.14
40730,36.7,-84.14
40734,36.94,-83.93
40737,37.0,-84.13
40740,37.03,-84.03
40741,37.15,-84.1
40742,37.14,-84.12
40743,37.13,-84.05
40744,37.1,-84.11
40745,37.14,-84.12
40751,37.14,-84.12
40754,36.78,-84.12
40755,37.17,-84.12
40759,36.83,-84.07
40763,36.7,-83.96
40769,36.75,-84.14
40771,36.87,-83.83
40801,36.87,-83.29
40803,37.01,-83.46
40806,36.88,-83.3
40807,36.97,-82.96
40808,36.98,-83.21
40810,36.93,-83.32
40813,36.71,-83.64
40815,36.78,-83.29
40816,37.01,-83.35
40818,36.79,-83.26
40819,36.82,-83.47
40820,36.85,-83.17
40823,36.91,-83.16
40824,36.84,-83.38
40826,37.04,-82.81
40827,37.05,-83.46
40828,36.84,-83.22
40829,36.8,-83.26
40830,36.77,-83.33
40831,36.86,-83.2
40840,36.95,-83.43
40843,36.88,-82.99
40844,37.07,-83.42
40845,36.77,-83.71
40847,36.87,-83.15
40849,36.89,-83.14
40854,36.85,-83.35
40855,36.96,-82.92
40856,36.77,-83.71
40858,37.0,-83.39
40862,37.01,-82.88
40863,36.75,-83.46
40865,36.9,-83.24
40868,37.08,-83.42
40870,36.93,-83.16
40873,36.82,-83.42
40874,36.98,-83.47
40902,36.77,-83.71
40903,36.84,-83.85
40906,36.81,-83.89
40913,36.77,-83.71
40914,37.15,-83.74
40915,36.91,-83.79
40921,36.87,-83.83
40923,36.87,-83.83
40927,36.88,-83.03
40930,36.87,-83.83
40931,37.15,-83.74
40932,37.15,-83.74
40935,36.87,-83.83
40939,36.87,-83.83
40940,36.77,-83.71
40941,37.15,-83.74
40943,36.87,-83.83
40944,37.15,-83.74
40946,36.87,-83.83
40949,36.87,-83.83
40951,37.15,-83.74
40953,36.87,-83.83
40955,36.77,-83.71
40958,36.77,-83.71
40962,37.15,-83.78
40964,36.84,-83.18
40965,36.67,-83.69
40972,37.15,-83.74
40977,36.72,-83.77
40979,37.04,-83.49
40981,37.33,-83.39
40982,36.87,-83.83
40983,37.15,-83.74
40988,36.77,-83.71
40995,36.87,-83.83
40997,36.87,-83.83
40999,36.87,-83.83
41001,38.92,-84.37
41002,38.72,-83.98
41003,38.44,-84.35
41004,38.64,-84.09
41005,39.02,-84.77
41006,38.74,-84.39
41007,38.91,-84.32
41008,38.66,-85.1
41010,38.55,-84.61
41011,39.06,-84.54
41012,38.94,-84.52
41014,39.06,-84.51
41015,38.95,-84.49
41016,39.08,-84.57
41017,39.03,-84.56
41018,39.02,-84.59
41019,38.94,-84.52
41022,38.96,-84.75
41030,38.77,-84.6
41031,38.36,-84.32
41033,38.76,-84.49
41034,38.71,-83.9
41035,38.69,-84.65
41037,38.35,-83.72
41039,38.35,-83.72
41040,38.64,-84.32
41041,38.44,-83.73
41042,38.99,-84.66
41043,38.77,-84.17
41044,38.64,-83.99
41045,38.72,-85.05
41046,38.73,-84.81
41048,39.09,-84.71
41049,38.24,-83.58
41051,38.92,-84.55
41052,38.66,-84.75
41053,38.94,-84.52
41054,38.59,-84.58
41055,38.52,-83.86
41056,38.62,-83.81
41059,39.0,-84.36
41061,38.69,-84.07
41062,38.72,-83.91
41063,38.87,-84.52
41064,38.53,-84.04
41065,38.35,-83.72
41071,39.06,-84.48
41072,38.96,-84.37
41073,39.1,-84.47
41074,39.06,-84.4
41075,39.08,-84.45
41076,39.03,-84.44
41080,39.04,-84.84
41081,38.35,-83.72
41083,38.66,-85.01
41085,39.03,-84.39
41086,38.73,-84.9
41091,38.92,-84.75
41092,38.82,-84.69
41093,38.35,-83.72
41094,38.88,-84.67
41095,38.76,-84.88
41096,38.61,-83.81
41097,38.65,-84.6
41098,38.64,-85.05
41099,38.96,-84.37
41101,38.43,-82.69
41102,38.42,-82.72
41105,38.37,-82.69
41114,38.37,-82.69
41121,38.51,-82.87
41124,38.07,-82.74
41127,38.6,-83.36
41128,38.43,-83.13
41129,38.35,-82.65
41132,38.26,-82.86
41135,38.52,-83.34
41137,38.52,-83.34
41139,38.5,-82.73
41141,38.52,-83.34
41142,38.29,-83.08
41143,38.32,-83.0
41144,38.62,-82.84
41146,38.27,-83.06
41149,38.13,-83.08
41150,38.23,-83.24
41156,38.57,-82.92
41159,38.07,-82.74
41160,38.07,-82.74
41164,38.35,-83.18
41166,38.52,-83.34
41168,38.31,-82.72
41169,38.61,-82.83
41170,38.52,-83.34
41171,38.13,-83.08
41173,38.26,-83.28
41174,38.57,-82.92
41175,38.71,-82.94
41179,38.47,-83.27
41180,38.19,-82.88
41181,38.2,-82.91
41183,38.55,-82.73
41189,38.52,-83.34
41201,38.07,-82.74
41203,37.76,-82.62
41204,37.82,-82.69
41214,37.8,-82.56
41215,37.77,-82.87
41216,37.76,-82.82
41219,37.92,-82.92
41222,37.78,-82.84
41224,37.88,-82.53
41226,37.97,-82.97
41228,37.74,-82.87
41230,38.1,-82.61
41231,37.82,-82.49
41232,38.07,-82.74
41234,37.81,-82.74
41238,37.81,-82.94
41240,37.82,-82.79
41250,37.82,-82.49
41254,37.88,-82.73
41255,37.92,-82.83
41256,37.83,-82.88
41257,37.92,-82.8
41260,37.81,-82.77
41262,37.83,-82.65
41263,37.85,-82.76
41264,38.07,-82.74
41265,37.78,-82.74
41267,37.82,-82.49
41268,37.8,-82.79
41271,37.83,-82.73
41274,37.9,-82.78
41301,37.73,-83.49
41307,37.52,-83.26
41310,37.64,-83.24
41311,37.6,-83.71
41313,37.74,-83.48
41314,37.5,-83.66
41317,37.46,-83.24
41332,37.8,-83.42
41333,37.56,-83.78
41338,37.4,-83.7
41339,37.49,-83.29
41342,37.74,-83.48
41344,37.4,-83.7
41347,37.54,-83.6
41348,37.44,-83.3
41351,37.4,-83.7
41352,37.91,-83.23
41360,37.77,-83.63
41362,37.6,-83.71
41364,37.39,-83.68
41365,37.72,-83.64
41366,37.59,-83.29
41367,37.4,-83.23
41368,37.61,-83.64
41377,37.42,-83.44
41385,37.63,-83.36
41386,37.4,-83.7
41390,37.42,-83.38
41397,37.67,-83.69
41408,37.91,-83.23
41410,37.69,-83.07
41413,37.97,-83.13
41419,37.69,-83.07
41421,37.97,-83.12
41422,37.69,-83.07
41425,37.91,-83.23
41426,37.78,-83.01
41433,37.69,-83.07
41444,37.69,-83.07
41451,37.91,-83.23
41459,37.91,-83.23
41464,37.68,-83.02
41465,37.73,-83.03
41472,37.98,-83.2
41477,37.91,-83.23
41501,37.48,-82.45
41502,37.48,-82.55
41503,37.49,-82.31
41512,37.46,-82.45
41513,37.35,-82.34
41514,37.64,-82.31
41517,37.18,-82.61
41519,37.59,-82.33
41520,37.28,-82.58
41522,37.42,-82.38
41524,37.43,-82.26
41526,37.44,-82.52
41527,37.63,-82.28
41528,37.55,-82.13
41531,37.65,-82.26
41534,37.28,-82.48
41535,37.61,-82.29
41537,37.19,-82.65
41538,37.47,-82.35
41539,37.41,-82.33
41540,37.36,-82.31
41542,37.31,-82.46
41543,37.56,-82.28
41544,37.63,-82.23
41546,37.52,-82.3
41547,37.53,-82.09
41548,37.4,-82.35
41549,37.47,-82.35
41553,37.54,-82.23
41554,37.41,-82.42
41555,37.55,-82.26
41557,37.49,-82.42
41558,37.54,-82.21
41559,37.37,-82.41
41560,37.38,-82.56
41561,37.33,-82.46
41562,37.41,-82.47
41563,37.23,-82.53
41564,37.56,-82.41
41566,37.4,-82.2
41567,37.58,-82.27
41568,37.51,-82.08
41569,37.61,-82.29
41571,37.62,-82.51
41572,37.32,-82.61
41601,37.48,-82.68
41602,37.72,-82.7
41603,37.57,-82.68
41604,37.38,-82.69
41605,37.54,-82.7
41606,37.35,-82.74
41607,37.63,-82.74
41612,37.35,-82.72
41615,37.56,-82.68
41616,37.58,-82.87
41619,37.49,-82.76
41621,37.62,-82.72
41622,37.51,-82.82
41630,37.47,-82.83
41631,37.46,-82.66
41632,37.59,-82.95
41635,37.58,-82.68
41636,37.43,-82.71
41640,37.51,-82.85
41642,37.47,-82.68
41643,37.47,-82.83
41645,37.59,-82.8
41647,37.56,-82.71
41649,37.6,-82.79
41650,37.35,-82.68
41651,37.45,-82.76
41653,37.54,-82.77
41655,37.57,-82.76
41659,37.46,-82.67
41660,37.41,-82.65
41663,37.57,-82.65
41666,37.51,-82.73
41667,37.32,-82.7
41669,37.33,-82.72
41701,37.3,-83.24
41702,37.32,-83.21
41712,37.36,-83.15
41713,37.23,-83.27
41714,37.19,-83.5
41719,37.31,-83.31
41721,37.3,-83.47
41722,37.32,-83.16
41723,37.28,-83.24
41725,37.32,-83.07
41727,37.28,-83.26
41729,37.26,-83.22
41730,37.26,-83.4
41731,37.14,-83.09
41735,37.03,-83.1
41736,37.38,-83.24
41739,37.34,-83.13
41740,37.35,-83.05
41743,37.31,-83.09
41745,37.35,-83.44
41746,37.21,-83.09
41747,37.3,-83.12
41749,37.19,-83.42
41751,37.22,-83.14
41754,37.35,-83.28
41759,37.23,-83.02
41760,37.2,-83.08
41762,37.22,-83.51
41763,37.07,-83.11
41764,37.12,-83.25
41766,37.16,-83.38
41772,37.41,-83.02
41773,37.2,-83.07
41774,37.24,-83.14
41775,37.11,-83.36
41776,37.13,-83.27
41777,37.06,-83.24
41778,37.28,-83.32
41804,37.16,-83.0
41810,37.18,-82.69
41812,37.24,-82.77
41815,37.14,-82.81
41817,37.37,-82.91
41819,36.99,-83.07
41821,37.08,-83.0
41822,37.37,-82.96
41824,37.19,-82.88
41825,37.22,-82.72
41826,37.14,-82.84
41828,37.31,-82.8
41831,37.37,-82.97
41832,37.15,-82.95
41833,37.02,-82.99
41834,37.28,-82.94
41835,37.21,-82.67
41836,37.27,-82.92
41837,37.13,-82.74
41838,37.18,-82.75
41839,37.42,-82.89
41840,37.19,-82.71
41843,37.29,-82.87
41844,37.35,-82.87
41845,37.13,-82.9
41847,37.22,-82.94
41848,37.11,-82.94
41849,37.17,-82.72
41855,37.18,-82.8
41858,37.14,-82.86
41859,37.4,-82.78
41861,37.39,-82.84
41862,37.35,-82.79
42001,37.03,-88.71
42002,37.09,-88.71
42003,37.02,-88.58
42020,36.69,-88.28
42021,36.79,-89.01
42022,37.15,-88.95
42023,36.88,-89.01
42024,37.08,-89.01
42025,36.89,-88.31
42027,36.9,-88.64
42028,37.16,-88.34
42029,36.99,-88.37
42031,36.68,-88.98
42032,36.73,-89.1
42033,37.34,-88.08
42035,36.86,-89.0
42036,36.72,-88.24
42037,37.16,-88.18
42038,37.04,-88.02
42039,36.78,-88.79
42040,36.6,-88.52
42041,36.55,-89.08
42044,36.97,-88.27
42045,37.08,-88.26
42046,36.6,-88.09
42047,37.3,-88.39
42048,36.82,-88.3
42049,36.58,-88.32
42050,36.55,-89.21
42051,36.85,-88.64
42053,37.1,-88.85
42054,36.7,-88.42
42055,37.07,-88.14
42056,37.08,-88.99
42058,37.06,-88.47
42060,36.96,-88.84
42061,36.89,-88.77
42063,36.72,-88.65
42064,37.32,-88.09
42066,36.72,-88.65
42069,36.9,-88.76
42070,36.86,-89.0
42071,36.63,-88.28
42076,36.56,-88.15
42078,37.27,-88.33
42079,36.57,-88.58
42081,37.24,-88.38
42082,36.9,-88.52
42083,37.15,-88.29
42084,37.43,-88.25
42085,36.57,-88.76
42086,37.08,-88.81
42087,37.06,-88.96
42088,36.61,-88.73
42101,37.02,-86.45
42102,36.92,-86.39
42103,36.95,-86.36
42104,36.89,-86.45
42120,36.68,-86.18
42122,36.87,-86.35
42123,36.82,-85.99
42124,36.86,-85.65
42127,37.1,-85.91
42128,36.98,-86.39
42129,37.0,-85.61
42130,36.91,-85.78
42131,36.82,-85.91
42133,36.73,-85.85
42134,36.74,-86.58
42135,36.76,-86.58
42140,36.67,-85.86
42141,36.94,-85.94
42142,36.95,-85.96
42150,36.78,-86.18
42151,36.65,-85.57
42152,37.1,-85.82
42153,36.68,-86.04
42154,37.06,-85.7
42156,36.84,-86.0
42157,36.77,-85.82
42159,37.0,-86.25
42160,36.97,-86.01
42163,37.09,-86.14
42164,36.78,-86.19
42166,36.96,-85.66
42167,36.72,-85.7
42170,36.91,-86.54
42171,37.02,-86.19
42201,37.28,-86.67
42202,36.77,-86.86
42203,36.93,-87.22
42204,36.72,-87.1
42206,36.84,-86.8
42207,37.3,-86.25
42209,37.2,-86.67
42210,37.22,-86.29
42211,36.8,-87.83
42214,37.12,-85.7
42215,36.95,-87.72
42216,37.0,-87.15
42217,37.04,-87.49
42219,37.17,-86.77
42220,36.86,-87.18
42221,36.9,-87.5
42223,36.66,-87.46
42232,36.92,-87.58
42234,36.71,-87.15
42235,36.98,-86.39
42236,36.72,-87.6
42240,36.88,-87.47
42241,36.9,-87.5
42251,37.16,-86.89
42252,37.25,-86.51
42254,36.68,-87.65
42256,36.91,-86.92
42257,37.24,-86.3
42259,37.28,-86.17
42261,37.2,-86.69
42262,36.74,-87.43
42265,36.76,-86.98
42266,36.86,-87.41
42267,37.23,-86.8
42270,36.98,-86.39
42273,37.21,-86.86
42274,36.92,-86.6
42275,37.24,-86.41
42276,36.85,-86.88
42280,36.95,-87.11
42283,36.87,-86.66
42285,37.24,-86.27
42286,36.74,-87.25
42287,37.32,-86.52
42288,37.2,-86.67
42301,37.75,-87.26
42302,37.75,-87.11
42303,37.78,-87.04
42304,37.75,-87.11
42320,37.36,-86.86
42321,37.15,-87.02
42322,37.62,-87.41
42323,37.23,-87.08
42324,37.14,-87.0
42325,37.34,-87.27
42326,37.2,-87.0
42327,37.58,-87.29
42328,37.39,-87.03
42330,37.24,-87.11
42332,37.25,-87.09
42333,37.37,-86.76
42334,37.75,-87.11
42337,37.21,-87.01
42338,37.55,-86.78
42339,37.19,-87.02
42343,37.61,-86.73
42344,37.25,-87.3
42345,37.2,-87.16
42347,37.47,-86.87
42348,37.83,-86.78
42349,37.42,-86.69
42350,37.46,-87.21
42351,37.91,-86.88
42352,37.51,-87.11
42354,37.36,-86.92
42355,37.86,-86.98
42356,37.69,-87.32
42361,37.52,-86.72
42364,37.83,-86.8
42365,37.11,-86.99
42366,37.72,-86.93
42367,37.24,-87.15
42368,37.74,-86.74
42369,37.39,-86.89
42370,37.55,-86.78
42371,37.47,-87.25
42372,37.49,-87.26
42374,37.35,-87.17
42375,37.75,-87.11
42376,37.63,-87.12
42377,37.75,-87.11
42378,37.68,-86.88
42402,37.78,-87.6
42403,37.45,-87.93
42404,37.49,-87.81
42406,37.75,-87.69
42408,37.22,-87.62
42409,37.52,-87.67
42410,37.27,-87.51
42411,37.2,-87.99
42413,37.34,-87.47
42419,37.81,-87.6
42420,37.79,-87.53
42431,37.3,-87.53
42436,37.41,-87.56
42437,37.69,-87.94
42440,37.25,-87.46
42441,37.36,-87.65
42442,37.26,-87.51
42444,37.64,-87.64
42445,37.14,-87.87
42450,37.48,-87.73
42451,37.85,-87.38
42452,37.7,-87.55
42453,37.16,-87.57
42455,37.57,-87.64
42456,37.51,-87.53
42457,37.83,-87.79
42458,37.84,-87.55
42459,37.63,-87.99
42460,37.49,-87.93
42461,37.72,-87.91
42462,37.63,-87.87
42463,37.49,-87.87
42464,37.2,-87.4
42501,37.1,-84.54
42502,37.09,-84.43
42503,37.13,-84.52
42516,37.24,-84.9
42518,36.95,-84.62
42519,37.03,-84.54
42528,37.19,-84.98
42533,37.11,-84.7
42539,37.3,-84.96
42541,37.37,-84.8
42544,37.06,-84.72
42553,37.11,-84.69
42558,36.95,-84.58
42564,37.11,-84.59
42565,37.16,-84.88
42566,37.29,-84.83
42567,37.13,-84.6
42602,36.75,-85.18
42603,36.75,-85.14
42629,36.95,-85.12
42631,36.78,-84.5
42632,36.8,-84.82
42633,36.87,-84.83
42634,36.78,-84.5
42635,36.78,-84.5
42638,36.78,-84.5
42642,37.02,-85.07
42647,36.78,-84.5
42649,36.78,-84.5
42653,36.72,-84.47
42701,37.68,-85.88
42702,37.72,-85.98
42711,36.88,-85.32
42712,37.49,-86.29
42713,37.37,-85.91
42715,36.96,-85.4
42716,37.49,-85.63
42717,36.77,-85.41
42718,37.34,-85.36
42719,37.34,-85.33
42720,37.12,-85.37
42721,37.43,-86.37
42722,37.28,-85.73
42724,37.67,-86.05
42726,37.43,-86.21
42728,37.12,-85.27
42729,37.26,-85.98
42731,36.84,-85.54
42732,37.61,-86.09
42733,37.34,-85.22
42735,37.05,-85.3
42740,37.6,-86.01
42741,37.01,-85.25
42742,37.09,-85.47
42743,37.28,-85.52
42746,37.22,-85.77
42748,37.56,-85.71
42749,37.2,-85.9
42753,37.23,-85.17
42754,37.46,-86.32
42755,37.47,-86.34
42757,37.47,-85.72
42758,37.36,-85.2
42759,36.83,-85.5
42761,37.11,-85.46
42762,37.44,-86.4
42764,37.46,-85.64
42765,37.29,-85.91
42776,37.52,-85.95
42782,37.35,-85.61
42783,37.57,-86.09
42784,37.48,-85.96
42786,36.82,-85.46
42788,37.53,-86.03
43001,40.1,-82.61
43002,39.97,-83.01
43003,40.39,-82.98
43004,40.02,-82.84
43005,40.3,-82.27
43006,40.48,-82.19
43007,40.34,-83.42
43008,39.94,-82.48
43009,40.16,-83.65
43010,40.0,-83.62
43011,40.31,-82.67
43013,40.12,-82.69
43014,40.42,-82.27
43015,40.29,-82.98
43016,39.97,-83.01
43017,40.08,-82.81
43018,39.96,-82.68
43019,40.49,-82.51
43021,40.2,-82.87
43022,40.34,-82.35
43023,40.05,-82.54
43025,39.97,-82.51
43026,39.97,-83.01
43027,40.13,-82.56
43028,40.42,-82.28
43029,40.13,-83.44
43030,39.97,-82.43
43031,40.16,-82.6
43032,40.31,-82.96
43033,39.95,-82.59
43035,40.19,-82.99
43036,40.35,-83.26
43037,40.3,-82.32
43040,40.27,-83.38
43041,40.31,-83.36
43044,40.12,-83.59
43045,40.17,-83.44
43046,39.88,-82.54
43047,40.2,-83.65
43048,40.41,-82.47
43050,40.37,-82.48
43054,40.09,-82.81
43055,40.09,-82.49
43056,40.0,-82.47
43058,40.1,-82.48
43060,40.2,-83.57
43061,40.3,-83.2
43062,40.01,-82.62
43064,40.06,-83.31
43065,40.18,-83.09
43066,40.38,-83.17
43067,40.34,-83.47
43068,39.95,-82.8
43070,40.17,-83.96
43071,40.19,-82.35
43072,40.12,-83.95
43073,40.0,-82.75
43074,40.27,-82.85
43076,39.85,-82.39
43077,40.12,-83.31
43078,40.12,-83.8
43080,40.18,-82.44
43081,40.1,-82.9
43082,40.17,-82.87
43083,40.1,-83.84
43084,40.15,-83.55
43085,40.04,-82.9
43086,39.97,-83.01
43093,40.1,-82.48
43098,40.1,-82.48
43101,39.47,-82.75
43102,39.7,-82.69
43103,39.67,-83.02
43105,39.78,-82.67
43106,39.64,-83.42
43107,39.7,-82.55
43109,39.92,-82.85
43110,39.82,-82.76
43111,39.5,-82.24
43112,39.8,-82.71
43113,39.6,-82.95
43115,39.48,-83.1
43116,39.77,-83.06
43117,39.77,-83.2
43119,39.97,-83.01
43123,39.97,-83.01
43125,39.85,-82.88
43126,39.97,-83.01
43127,39.48,-82.33
43128,39.65,-83.57
43130,39.69,-82.61
43135,39.46,-82.67
43136,39.76,-82.72
43137,39.76,-82.99
43138,39.53,-82.44
43140,39.89,-83.41
43142,39.59,-83.58
43143,39.77,-83.34
43144,39.51,-82.17
43145,39.57,-83.21
43146,39.68,-83.14
43147,39.78,-82.66
43148,39.83,-82.5
43149,39.53,-82.61
43150,39.78,-82.44
43151,39.73,-83.45
43152,39.42,-82.59
43153,39.75,-83.53
43154,39.62,-82.81
43155,39.64,-82.53
43156,39.56,-82.78
43157,39.84,-82.56
43158,39.43,-82.37
43160,39.54,-83.46
43162,39.95,-83.31
43163,39.76,-82.45
43164,39.6,-83.13
43199,39.97,-83.01
43201,39.97,-83.01
43202,39.97,-83.01
43203,39.97,-83.01
43204,39.97,-83.01
43205,39.97,-83.01
43206,39.97,-83.01
43207,39.87,-82.96
43209,39.97,-83.01
43210,39.91,-82.83
43211,39.97,-83.01
43212,39.97,-83.01
43213,39.97,-82.83
43214,39.97,-83.01
43215,39.89,-82.88
43216,39.97,-83.01
43217,39.83,-82.93
43218,39.97,-83.01
43219,40.03,-82.91
43220,39.97,-83.01
43221,39.97,-83.01
43222,39.97,-83.01
43223,39.97,-83.01
43224,40.08,-82.93
43226,39.97,-83.01
43227,39.92,-82.86
43228,39.97,-83.01
43229,40.1,-82.96
43230,40.03,-82.87
43231,40.08,-82.93
43232,39.92,-82.86
43234,39.97,-83.01
43235,40.11,-82.97
43236,40.14,-83.01
43240,39.97,-83.01
43251,39.97,-83.01
43260,39.97,-83.01
43265,39.97,-83.01
43266,39.97,-83.01
43268,39.97,-83.01
43270,39.97,-83.01
43271,39.97,-83.01
43272,39.97,-83.01
43279,39.97,-83.01
43287,39.97,-83.01
43291,39.97,-83.01
43299,39.97,-83.01
43301,40.62,-83.07
43302,40.58,-83.1
43306,40.57,-83.14
43307,40.57,-83.14
43310,40.49,-83.75
43311,40.38,-83.79
43314,40.63,-82.96
43315,40.48,-82.85
43316,40.93,-83.39
43317,40.48,-82.68
43318,40.37,-83.78
43319,40.3,-83.73
43320,40.59,-82.89
43321,40.5,-82.83
43322,40.54,-83.23
43323,40.73,-83.25
43324,40.44,-83.81
43325,40.61,-82.87
43326,40.64,-83.62
43330,40.81,-83.42
43331,40.5,-83.92
43332,40.6,-83.34
43333,40.44,-83.93
43334,40.41,-82.78
43335,40.67,-82.91
43336,40.29,-83.58
43337,40.67,-83.26
43338,40.53,-82.75
43340,40.56,-83.5
43341,40.6,-83.31
43342,40.49,-83.18
43343,40.39,-83.79
43344,40.43,-83.35
43345,40.53,-83.58
43346,40.57,-83.85
43347,40.47,-83.65
43348,40.4,-83.89
43349,40.61,-82.66
43350,40.53,-82.82
43351,40.83,-83.31
43356,40.48,-83.05
43357,40.28,-83.71
43358,40.37,-83.63
43359,40.88,-83.45
43360,40.32,-83.64
43402,41.38,-83.61
43403,41.39,-83.65
43406,41.33,-83.54
43407,41.28,-83.24
43408,41.57,-83.36
43410,41.32,-82.95
43412,41.6,-83.36
43413,41.23,-83.66
43414,41.39,-83.65
43416,41.57,-83.08
43420,41.36,-83.13
43430,41.52,-83.35
43431,41.39,-83.32
43432,41.56,-83.26
43433,41.5,-82.87
43434,41.65,-83.62
43435,41.33,-83.32
43436,41.72,-82.82
43437,41.26,-83.6
43438,41.6,-82.71
43439,41.52,-83.04
43440,41.52,-82.78
43441,41.54,-83.46
43442,41.42,-83.23
43443,41.46,-83.47
43445,41.57,-83.31
43446,41.68,-82.8
43447,41.43,-83.51
43449,41.54,-83.14
43450,41.4,-83.48
43451,41.32,-83.62
43452,41.56,-83.05
43456,41.65,-82.82
43457,41.34,-83.47
43458,41.53,-83.21
43460,41.46,-83.53
43462,41.28,-83.73
43463,41.51,-83.51
43464,41.4,-82.92
43465,41.46,-83.49
43466,41.3,-83.52
43467,41.24,-83.49
43468,41.61,-83.34
43469,41.42,-83.32
43501,41.58,-84.58
43502,41.58,-84.25
43504,41.61,-83.82
43505,41.52,-84.73
43506,41.55,-84.59
43510,41.42,-84.01
43511,41.26,-83.81
43512,41.3,-84.39
43515,41.59,-84.12
43516,41.23,-83.95
43517,41.55,-84.62
43518,41.59,-84.74
43519,41.42,-84.4
43520,41.39,-84.63
43521,41.65,-84.29
43522,41.39,-83.83
43523,41.34,-84.0
43524,41.23,-84.04
43525,41.47,-83.71
43526,41.33,-84.68
43527,41.23,-84.13
43528,41.63,-83.75
43529,41.19,-83.78
43530,41.33,-84.28
43531,41.63,-84.5
43532,41.43,-84.01
43533,41.69,-84.16
43534,41.36,-83.94
43535,41.31,-84.0
43536,41.31,-84.64
43537,41.57,-83.69
43540,41.69,-84.1
43541,41.3,-83.83
43542,41.58,-83.77
43543,41.61,-84.59
43545,41.36,-84.12
43547,41.49,-83.87
43548,41.19,-84.14
43549,41.36,-84.52
43550,41.33,-84.11
43551,41.54,-83.58
43552,41.39,-83.65
43553,41.53,-84.23
43554,41.65,-84.59
43555,41.44,-84.25
43556,41.32,-84.57
43557,41.49,-84.41
43558,41.59,-84.1
43560,41.69,-83.73
43565,41.42,-83.75
43566,41.51,-83.77
43567,41.59,-84.18
43569,41.35,-83.8
43570,41.59,-84.45
43571,41.51,-83.8
43601,41.72,-83.57
43602,41.65,-83.55
43603,41.69,-83.44
43604,41.66,-83.54
43605,41.65,-83.51
43606,41.67,-83.6
43607,41.65,-83.61
43608,41.68,-83.53
43609,41.62,-83.58
43610,41.67,-83.56
43611,41.7,-83.49
43612,41.7,-83.46
43613,41.7,-83.61
43614,41.61,-83.63
43615,41.65,-83.68
43616,41.66,-83.44
43617,41.67,-83.72
43618,41.66,-83.4
43619,41.6,-83.49
43620,41.66,-83.55
43623,41.7,-83.68
43624,41.65,-83.55
43635,41.69,-83.44
43652,41.69,-83.44
43653,41.69,-83.44
43654,41.69,-83.44
43655,41.69,-83.44
43656,41.68,-83.5
43657,41.69,-83.44
43659,41.69,-83.44
43660,41.65,-83.53
43661,41.68,-83.5
43666,41.68,-83.5
43667,41.69,-83.44
43681,41.69,-83.44
43682,41.69,-83.44
43697,41.69,-83.44
43699,41.65,-83.66
43701,39.93,-82.0
43702,39.96,-81.96
43711,39.83,-81.55
43713,39.99,-81.14
43716,39.78,-80.99
43717,39.77,-81.47
43718,40.0,-80.99
43719,40.0,-81.07
43720,39.82,-81.88
43721,39.95,-82.26
43722,39.92,-81.53
43723,39.95,-81.53
43724,39.74,-81.48
43725,40.03,-81.58
43727,39.87,-81.8
43728,39.5,-81.9
43730,39.64,-82.11
43731,39.7,-82.17
43732,39.89,-81.62
43733,39.92,-81.54
43734,39.87,-81.89
43735,39.85,-82.12
43736,40.06,-81.26
43738,39.86,-82.14
43739,39.88,-82.3
43740,39.95,-82.21
43746,39.97,-82.17
43747,39.83,-81.12
43748,39.68,-82.3
43749,40.16,-81.55
43750,39.99,-81.5
43752,39.72,-81.01
43754,39.75,-81.23
43755,40.05,-81.44
43756,39.68,-81.81
43757,39.86,-81.15
43758,39.63,-81.91
43759,40.01,-80.97
43760,39.76,-82.21
43761,39.74,-82.25
43762,40.02,-81.77
43764,39.71,-82.21
43766,39.62,-82.25
43767,40.01,-81.8
43768,40.04,-81.45
43771,39.82,-81.95
43772,39.92,-81.55
43773,40.04,-81.31
43777,39.82,-82.04
43778,40.02,-81.37
43779,39.82,-81.43
43780,39.94,-81.46
43782,39.63,-82.21
43783,39.74,-82.28
43786,39.71,-81.28
43787,39.55,-81.83
43788,39.8,-81.37
43789,39.65,-81.24
43791,39.87,-82.1
43793,39.75,-81.08
43802,40.09,-81.86
43803,40.36,-81.64
43804,40.43,-81.67
43805,40.4,-81.97
43811,40.25,-81.93
43812,40.3,-81.86
43821,40.11,-82.0
43822,40.11,-82.1
43824,40.36,-81.76
43828,40.35,-81.87
43830,40.06,-82.1
43832,40.33,-81.57
43836,40.2,-81.72
43837,40.31,-81.47
43840,40.4,-81.6
43842,40.14,-82.0
43843,40.34,-82.16
43844,40.32,-81.96
43845,40.27,-81.82
43901,40.26,-80.79
43902,39.89,-80.98
43903,40.49,-80.85
43905,40.11,-80.84
43906,39.99,-80.81
43907,40.26,-81.03
43908,40.5,-80.86
43909,40.07,-80.82
43910,40.34,-80.77
43912,40.09,-80.79
43913,40.32,-80.77
43914,39.77,-80.95
43915,39.74,-80.9
43916,40.12,-80.81
43917,40.33,-80.77
43920,40.68,-80.6
43925,40.42,-80.76
43926,40.51,-80.62
43927,40.12,-80.94
43928,40.01,-80.9
43930,40.46,-80.72
43931,39.68,-80.89
43932,40.53,-80.76
43933,39.94,-80.89
43934,40.08,-80.8
43935,40.12,-80.76
43937,40.13,-80.88
43938,40.36,-80.76
43939,40.18,-80.78
43940,40.03,-80.82
43941,40.26,-80.84
43942,40.01,-80.96
43943,40.34,-80.77
43944,40.44,-80.79
43945,40.65,-80.82
43946,39.65,-80.97
43947,39.95,-80.8
43948,40.28,-80.78
43950,40.08,-80.98
43951,40.11,-81.01
43952,40.35,-80.75
43953,40.35,-80.68
43961,40.52,-80.63
43962,40.68,-80.88
43963,40.23,-80.74
43964,40.48,-80.67
43966,40.36,-80.84
43967,40.02,-80.92
43968,40.65,-80.69
43970,40.47,-80.89
43971,40.34,-80.81
43972,40.1,-80.98
43973,40.23,-81.22
43974,40.18,-80.89
43976,40.31,-81.07
43977,40.12,-81.09
43981,40.18,-81.0
43983,40.13,-81.19
43984,40.3,-81.1
43985,40.01,-80.97
43986,40.37,-81.0
43988,40.31,-81.1
43989,40.3,-81.1
44001,41.36,-82.25
44003,41.74,-80.6
44004,41.77,-80.74
44005,41.73,-80.96
44010,41.77,-80.86
44011,41.45,-82.02
44012,41.5,-82.02
44017,41.46,-81.69
44021,41.45,-81.15
44022,41.45,-81.43
44023,41.39,-81.3
44024,41.57,-81.16
44026,41.53,-81.31
44028,41.31,-81.95
44030,41.76,-80.62
44032,41.68,-80.67
44033,41.53,-81.11
44035,41.37,-82.11
44036,41.4,-82.08
44039,41.38,-82.02
44040,41.51,-81.41
44041,41.74,-80.79
44044,41.27,-82.05
44045,41.74,-81.28
44046,41.54,-81.07
44047,41.7,-80.69
44048,41.85,-80.65
44049,41.27,-82.31
44050,41.26,-82.12
44052,41.45,-82.17
44053,41.43,-82.22
44054,41.46,-82.09
44055,41.43,-82.13
44056,41.31,-81.49
44057,41.78,-81.07
44060,41.68,-81.33
44061,41.91,-81.25
44062,41.45,-81.07
44064,41.6,-81.05
44065,41.46,-81.27
44067,41.31,-81.54
44068,41.9,-80.69
44070,41.42,-81.92
44072,41.47,-81.33
44073,41.84,-80.96
44074,41.29,-82.23
44076,41.59,-80.83
44077,41.71,-81.2
44080,41.36,-81.05
44081,41.77,-81.15
44082,41.77,-80.57
44084,41.69,-80.91
44085,41.62,-80.77
44086,41.67,-81.05
44087,41.31,-81.44
44088,41.78,-81.0
44089,41.38,-82.4
44090,41.16,-82.21
44092,41.6,-81.46
44093,41.54,-80.73
44094,41.64,-81.38
44095,41.66,-81.44
44096,41.91,-81.25
44097,41.91,-81.25
44099,41.55,-80.97
44101,41.52,-81.6
44102,41.47,-81.74
44103,41.52,-81.64
44104,41.48,-81.63
44105,41.45,-81.63
44106,41.5,-81.6
44107,41.51,-81.64
44108,41.54,-81.61
44109,41.45,-81.7
44110,41.56,-81.57
44111,41.46,-81.79
44112,41.53,-81.55
44113,41.47,-81.64
44114,41.51,-81.68
44115,41.49,-81.68
44116,41.47,-81.85
44117,41.57,-81.53
44118,41.5,-81.55
44119,41.58,-81.54
44120,41.47,-81.58
44121,41.53,-81.53
44122,41.47,-81.51
44123,41.6,-81.53
44124,41.5,-81.47
44125,41.43,-81.63
44126,41.44,-81.85
44127,41.47,-81.65
44128,41.44,-81.53
44129,41.44,-81.63
44130,41.38,-81.8
44131,41.4,-81.64
44132,41.61,-81.51
44133,41.31,-81.75
44134,41.38,-81.73
44135,41.48,-81.65
44136,41.31,-81.83
44137,41.4,-81.56
44138,41.47,-81.77
44139,41.39,-81.44
44140,41.49,-81.92
44141,41.36,-81.64
44142,41.4,-81.83
44143,41.56,-81.48
44144,41.44,-81.74
44145,41.45,-81.92
44146,41.39,-81.54
44147,41.31,-81.67
44149,41.31,-81.85
44177,41.69,-81.67
44178,41.69,-81.67
44179,41.69,-81.67
44181,41.69,-81.67
44184,41.69,-81.67
44185,41.69,-81.67
44186,41.69,-81.67
44188,41.69,-81.67
44189,41.69,-81.67
44190,41.69,-81.67
44191,41.69,-81.67
44192,41.69,-81.67
44193,41.69,-81.67
44194,41.69,-81.67
44195,41.69,-81.67
44197,41.69,-81.67
44198,41.69,-81.67
44199,41.69,-81.67
44201,41.04,-81.19
44202,41.31,-81.29
44203,41.02,-81.62
44210,41.13,-81.54
44211,41.17,-81.31
44212,41.21,-81.82
44214,40.93,-82.0
44215,41.07,-81.9
44216,40.95,-81.57
44217,40.95,-81.91
44221,41.14,-81.47
44222,41.13,-81.54
44223,41.17,-81.53
44224,41.17,-81.45
44230,40.96,-81.77
44231,41.29,-81.08
44232,40.93,-81.46
44233,41.24,-81.74
44234,41.31,-81.17
44235,41.04,-82.11
44236,41.24,-81.48
44237,41.13,-81.54
44238,41.13,-81.54
44240,41.21,-81.31
44241,41.24,-81.34
44242,41.17,-81.2
44243,41.15,-81.34
44250,41.02,-81.43
44251,41.03,-81.93
44253,41.16,-82.02
44254,41.04,-81.99
44255,41.28,-81.23
44256,41.11,-81.86
44258,41.13,-81.84
44260,41.03,-81.4
44262,41.14,-81.43
44264,41.23,-81.55
44265,41.01,-81.3
44266,41.16,-81.17
44270,40.95,-81.86
44272,41.08,-81.17
44273,41.04,-81.96
44274,41.1,-81.73
44275,41.08,-82.05
44276,40.94,-81.83
44278,41.1,-81.43
44280,41.23,-81.92
44281,41.07,-81.75
44282,41.13,-81.93
44285,41.16,-81.07
44286,41.24,-81.62
44287,40.93,-82.07
44288,41.24,-81.1
44301,41.01,-81.51
44302,41.09,-81.54
44303,41.1,-81.54
44304,41.08,-81.51
44305,41.08,-81.46
44306,41.04,-81.48
44307,41.07,-81.54
44308,41.08,-81.52
44309,41.1,-81.51
44310,41.11,-81.5
44311,41.06,-81.52
44312,41.02,-81.44
44313,41.16,-81.58
44314,41.04,-81.56
44315,41.03,-81.46
44316,41.07,-81.48
44317,41.05,-81.53
44319,40.98,-81.52
44320,41.08,-81.58
44321,41.1,-81.64
44322,41.05,-81.58
44325,41.08,-81.51
44326,41.17,-81.47
44328,41.08,-81.52
44333,41.16,-81.63
44334,41.13,-81.54
44372,41.13,-81.54
44393,41.13,-81.54
44396,41.13,-81.54
44397,41.07,-81.53
44398,41.13,-81.54
44399,41.13,-81.54
44401,41.03,-80.93
44402,41.38,-80.87
44403,41.24,-80.57
44404,41.33,-80.56
44405,41.08,-80.59
44406,41.01,-80.82
44408,40.86,-80.73
44410,41.35,-80.78
44411,41.04,-81.06
44412,41.1,-81.05
44413,40.84,-80.65
44415,40.76,-80.7
44416,41.02,-80.8
44417,41.42,-80.67
44418,41.31,-80.6
44420,41.17,-80.8
44422,41.02,-80.8
44423,40.76,-80.89
44424,41.31,-80.58
44425,41.24,-80.74
44427,40.73,-80.94
44428,41.33,-80.6
44429,41.1,-80.97
44430,41.24,-80.89
44431,40.84,-80.75
44432,40.74,-80.75
44436,41.06,-80.55
44437,41.15,-80.75
44438,41.26,-80.54
44439,41.46,-80.94
44440,41.17,-80.78
44441,40.76,-80.57
44442,40.97,-80.55
44443,40.93,-80.59
44444,41.2,-80.95
44445,40.84,-80.61
44446,41.19,-80.74
44449,40.97,-81.02
44450,41.44,-80.82
44451,41.08,-80.87
44452,40.95,-80.66
44453,41.33,-80.53
44454,40.93,-80.55
44455,40.78,-80.61
44460,40.86,-80.76
44470,41.28,-80.95
44471,41.05,-80.59
44473,41.27,-80.7
44481,41.25,-80.87
44482,41.32,-80.76
44483,41.24,-80.72
44484,41.24,-80.76
44485,41.25,-80.84
44486,41.32,-80.76
44487,41.32,-80.76
44488,41.32,-80.76
44490,40.9,-80.77
44491,41.37,-80.95
44492,40.71,-80.7
44493,40.83,-80.9
44501,41.02,-80.8
44502,41.09,-80.64
44503,41.1,-80.66
44504,41.12,-80.66
44505,41.11,-80.62
44506,41.1,-80.63
44507,41.07,-80.66
44509,41.11,-80.69
44510,41.12,-80.67
44511,41.07,-80.7
44512,41.03,-80.67
44513,41.02,-80.8
44514,41.01,-80.62
44515,41.1,-80.76
44555,41.1,-80.64
44598,41.02,-80.8
44599,41.02,-80.8
44601,40.82,-81.34
44606,40.73,-81.76
44607,40.69,-81.02
44608,40.67,-81.59
44609,40.94,-80.97
44610,40.55,-81.88
44611,40.6,-82.09
44612,40.62,-81.45
44613,40.71,-81.6
44614,40.81,-81.49
44615,40.57,-81.06
44617,40.51,-81.78
44618,40.76,-81.76
44619,40.9,-80.96
44620,40.59,-81.23
44621,40.42,-81.35
44622,40.49,-81.48
44624,40.59,-81.61
44625,40.77,-80.98
44626,40.7,-81.38
44627,40.7,-81.83
44628,40.54,-82.13
44629,40.34,-81.43
44630,40.93,-81.4
44631,40.52,-81.0
44632,40.82,-81.44
44633,40.62,-81.94
44634,40.83,-81.03
44636,40.74,-81.74
44637,40.5,-82.04
44638,40.61,-82.13
44639,40.55,-81.24
44640,40.98,-81.15
44641,40.8,-81.39
44643,40.68,-81.31
44644,40.59,-81.2
44645,40.91,-81.73
44646,40.85,-81.44
44647,40.8,-81.58
44648,40.81,-81.37
44650,40.87,-81.17
44651,40.63,-80.96
44652,40.9,-81.33
44653,40.44,-81.37
44654,40.54,-81.88
44656,40.57,-81.34
44657,40.75,-81.18
44659,40.69,-81.69
44660,40.62,-81.78
44661,40.59,-82.12
44662,40.71,-81.54
44663,40.51,-81.46
44665,40.84,-80.98
44666,40.82,-81.61
44667,40.79,-81.85
44669,40.8,-81.15
44670,40.76,-81.19
44671,40.64,-81.37
44672,40.92,-81.02
44675,40.5,-81.22
44676,40.72,-82.03
44677,40.87,-81.86
44678,40.56,-81.35
44679,40.44,-81.49
44680,40.6,-81.55
44681,40.47,-81.55
44682,40.4,-81.41
44683,40.45,-81.36
44685,40.97,-81.46
44687,40.55,-81.73
44688,40.69,-81.27
44689,40.66,-81.64
44690,40.62,-81.68
44691,40.83,-81.9
44693,40.29,-81.18
44695,40.4,-81.18
44697,40.62,-81.41
44699,40.28,-81.26
44701,40.78,-81.37
44702,40.8,-81.38
44703,40.81,-81.38
44704,40.8,-81.35
44705,40.83,-81.33
44706,40.74,-81.43
44707,40.76,-81.35
44708,40.83,-81.44
44709,40.8,-81.39
44710,40.79,-81.43
44711,40.81,-81.37
44712,40.81,-81.37
44714,40.83,-81.36
44718,40.85,-81.44
44720,40.9,-81.43
44721,40.89,-81.32
44730,40.77,-81.27
44735,40.81,-81.37
44750,40.78,-81.42
44760,40.85,-81.43
44767,40.9,-81.42
44798,40.81,-81.37
44799,40.81,-81.37
44801,41.09,-83.37
44802,41.05,-83.39
44803,41.04,-82.91
44804,41.12,-83.54
44805,40.83,-82.3
44807,41.08,-82.9
44809,41.13,-83.29
44811,41.22,-82.79
44813,40.65,-82.48
44814,41.34,-82.46
44815,41.25,-83.24
44816,41.33,-82.36
44817,41.22,-83.54
44818,41.05,-82.97
44820,40.83,-82.97
44822,40.59,-82.41
44824,41.37,-82.79
44825,40.97,-82.94
44826,41.17,-82.49
44827,40.82,-82.91
44828,41.24,-82.86
44830,41.16,-83.15
44833,40.75,-82.82
44836,41.19,-83.04
44837,41.12,-82.56
44838,40.77,-82.25
44839,41.38,-82.54
44840,40.79,-82.21
44841,41.23,-83.31
44842,40.66,-82.24
44843,40.65,-82.45
44844,40.96,-83.25
44845,41.02,-83.11
44846,41.32,-82.61
44847,41.19,-82.7
44848,40.92,-82.28
44849,40.84,-83.15
44850,41.03,-82.68
44851,41.12,-82.44
44853,41.06,-83.3
44854,40.94,-82.84
44855,41.11,-82.59
44856,40.79,-82.86
44857,41.2,-82.57
44859,41.01,-82.33
44860,40.84,-83.1
44861,41.24,-83.15
44862,40.77,-82.53
44864,40.67,-82.31
44865,40.85,-82.57
44866,40.92,-82.19
44867,41.15,-82.97
44870,41.4,-82.72
44871,41.49,-82.65
44874,40.96,-82.39
44875,40.85,-82.57
44878,40.93,-82.53
44880,41.03,-82.24
44881,40.87,-82.88
44882,40.94,-83.19
44883,41.12,-83.14
44887,40.91,-82.81
44888,41.14,-82.59
44889,41.21,-82.42
44890,41.12,-82.7
44901,40.85,-82.51
44902,40.76,-82.51
44903,40.8,-82.54
44904,40.68,-82.53
44905,40.78,-82.46
44906,40.76,-82.59
44907,40.73,-82.52
44999,40.77,-82.53
45001,39.14,-84.71
45002,39.19,-84.74
45003,39.55,-84.6
45004,39.44,-84.58
45005,39.53,-84.19
45011,39.43,-84.47
45012,39.44,-84.58
45013,39.44,-84.62
45014,39.39,-84.5
45015,39.35,-84.54
45018,39.44,-84.58
45020,39.44,-84.58
45023,39.44,-84.58
45025,39.44,-84.58
45026,39.44,-84.58
45030,39.24,-84.74
45032,39.5,-84.01
45033,39.18,-84.76
45034,39.36,-84.25
45036,39.43,-84.17
45039,39.32,-84.24
45040,39.4,-84.18
45041,39.18,-84.71
45042,39.54,-84.44
45043,39.44,-84.58
45044,39.42,-84.42
45050,39.45,-84.37
45051,39.1,-84.64
45052,39.15,-84.75
45053,39.35,-84.78
45054,39.46,-84.08
45055,39.45,-84.52
45056,39.48,-84.69
45061,39.31,-84.65
45062,39.48,-84.55
45063,39.33,-84.71
45064,39.55,-84.63
45065,39.36,-84.21
45066,39.47,-84.15
45067,39.48,-84.49
45068,39.52,-84.08
45069,39.34,-84.41
45070,39.59,-84.55
45071,39.44,-84.58
45073,39.44,-84.58
45099,39.44,-84.58
45101,38.69,-83.74
45102,39.01,-84.21
45103,39.03,-84.16
45105,38.75,-83.61
45106,38.92,-84.11
45107,39.4,-83.89
45110,39.07,-83.85
45111,39.2,-84.3
45112,38.79,-84.14
45113,39.4,-83.93
45114,39.36,-83.86
45115,38.82,-83.7
45118,39.17,-83.94
45119,38.88,-84.01
45120,38.82,-84.13
45121,38.98,-83.9
45122,39.21,-84.1
45123,39.29,-83.58
45130,38.9,-83.98
45131,38.79,-83.97
45132,39.35,-83.6
45133,39.17,-83.59
45135,39.27,-83.6
45138,39.42,-83.65
45140,39.22,-84.25
45142,39.2,-83.78
45144,38.7,-83.57
45145,39.15,-84.01
45146,39.31,-83.8
45147,39.21,-84.3
45148,39.29,-83.89
45150,39.02,-84.2
45152,39.34,-84.11
45153,38.87,-84.19
45154,39.06,-83.91
45155,39.04,-83.75
45156,38.82,-84.2
45157,38.91,-84.21
45158,39.19,-84.08
45159,39.35,-83.7
45160,39.12,-84.14
45162,39.29,-84.09
45164,39.55,-83.79
45165,39.2,-83.61
45166,39.48,-83.68
45167,38.76,-83.82
45168,38.85,-83.77
45169,39.44,-83.68
45171,39.01,-83.8
45172,39.07,-83.39
45174,39.15,-84.33
45176,39.01,-84.05
45177,39.44,-83.82
45201,39.17,-84.54
45202,39.11,-84.49
45203,39.11,-84.53
45204,39.1,-84.59
45205,39.11,-84.58
45206,39.13,-84.48
45207,39.14,-84.47
45208,39.14,-84.43
45209,39.15,-84.45
45210,39.11,-84.51
45211,39.16,-84.6
45212,39.19,-84.45
45213,39.18,-84.42
45214,39.12,-84.55
45215,39.21,-84.46
45216,39.2,-84.49
45217,39.17,-84.5
45218,39.28,-84.52
45219,39.13,-84.52
45220,39.15,-84.52
45221,39.17,-84.54
45222,39.17,-84.54
45223,39.16,-84.59
45224,39.2,-84.53
45225,39.14,-84.55
45226,39.11,-84.43
45227,39.16,-84.37
45228,39.07,-84.42
45229,39.15,-84.49
45230,39.07,-84.38
45231,39.26,-84.53
45232,39.18,-84.51
45233,39.11,-84.66
45234,39.17,-84.54
45235,39.17,-84.54
45236,39.21,-84.4
45237,39.19,-84.45
45238,39.11,-84.61
45239,39.2,-84.62
45240,39.28,-84.44
45241,39.26,-84.41
45242,39.24,-84.35
45243,39.18,-84.34
45244,39.12,-84.35
45245,39.07,-84.28
45246,39.28,-84.47
45247,39.22,-84.64
45248,39.17,-84.66
45249,39.27,-84.33
45250,39.17,-84.54
45251,39.27,-84.6
45252,39.27,-84.63
45253,39.17,-84.54
45254,39.17,-84.54
45255,39.06,-84.34
45258,39.17,-84.54
45262,39.17,-84.54
45263,39.17,-84.54
45264,39.17,-84.54
45267,39.17,-84.54
45268,39.17,-84.54
45269,39.17,-84.54
45270,39.17,-84.54
45271,39.17,-84.54
45273,39.17,-84.54
45274,39.17,-84.54
45275,38.95,-83.86
45277,39.17,-84.54
45280,39.11,-84.54
45296,39.17,-84.54
45298,39.17,-84.54
45299,39.26,-84.51
45301,39.71,-84.02
45302,40.41,-84.2
45303,40.21,-84.65
45304,40.13,-84.54
45305,39.63,-84.05
45306,40.44,-84.19
45307,39.58,-83.72
45308,40.12,-84.28
45309,39.84,-84.33
45310,40.35,-84.64
45311,39.64,-84.65
45312,40.07,-84.08
45314,39.75,-83.76
45315,39.85,-84.34
45316,39.8,-83.82
45317,40.14,-84.05
45318,40.12,-84.28
45319,39.92,-83.94
45320,39.77,-84.67
45321,39.87,-84.68
45322,39.88,-84.33
45323,39.86,-83.93
45324,39.73,-84.01
45325,39.78,-84.41
45326,40.14,-84.1
45327,39.75,-84.4
45328,40.11,-84.49
45330,39.64,-84.53
45331,40.16,-84.65
45332,39.99,-84.78
45333,40.25,-84.35
45334,40.43,-84.06
45335,39.67,-83.77
45336,40.44,-84.26
45337,39.99,-84.4
45338,39.78,-84.57
45339,40.01,-84.35
45340,40.36,-84.06
45341,39.88,-84.02
45342,39.64,-84.27
45343,39.75,-84.27
45344,39.96,-83.99
45345,39.8,-84.33
45346,39.98,-84.71
45347,39.78,-84.67
45348,40.32,-84.63
45349,39.99,-83.94
45350,40.14,-84.62
45351,40.34,-84.5
45352,40.05,-84.75
45353,40.3,-84.03
45354,39.91,-84.4
45356,40.12,-84.23
45358,39.99,-84.49
45359,40.05,-84.35
45360,40.33,-84.09
45361,39.96,-84.41
45362,40.29,-84.64
45363,40.26,-84.26
45365,40.29,-84.21
45367,40.33,-84.22
45368,39.85,-83.67
45369,39.96,-83.61
45370,39.61,-84.03
45371,39.94,-84.17
45372,40.01,-83.83
45373,40.06,-84.23
45374,40.04,-84.23
45377,39.89,-84.24
45378,39.9,-84.5
45380,40.25,-84.52
45381,39.75,-84.54
45382,39.88,-84.62
45383,39.99,-84.35
45384,39.71,-83.88
45385,39.68,-83.91
45387,39.76,-83.88
45388,40.32,-84.48
45389,40.06,-84.03
45390,40.21,-84.76
45401,39.75,-84.27
45402,39.76,-84.18
45403,39.76,-84.15
45404,39.79,-84.16
45405,39.79,-84.22
45406,39.78,-84.24
45407,39.76,-84.23
45408,39.73,-84.22
45409,39.72,-84.19
45410,39.75,-84.16
45412,39.75,-84.27
45413,39.75,-84.27
45414,39.81,-84.2
45415,39.83,-84.25
45416,39.8,-84.26
45417,39.75,-84.25
45418,39.71,-84.28
45419,39.68,-84.17
45420,39.72,-84.13
45422,39.76,-84.2
45423,39.75,-84.27
45424,39.84,-84.11
45426,39.8,-84.32
45427,39.76,-84.3
45428,39.75,-84.26
45429,39.68,-84.16
45430,39.71,-84.1
45431,39.76,-84.06
45432,39.73,-84.16
45433,39.8,-84.05
45434,39.75,-84.27
45435,39.75,-84.27
45437,39.75,-84.27
45439,39.75,-84.2
45440,39.68,-84.12
45441,39.75,-84.27
45448,39.75,-84.27
45449,39.67,-84.24
45454,39.75,-84.27
45458,39.61,-84.17
45459,39.65,-84.17
45463,39.75,-84.27
45469,39.74,-84.18
45470,39.75,-84.27
45475,39.75,-84.27
45479,39.73,-84.19
45481,39.75,-84.27
45482,39.75,-84.27
45490,39.75,-84.27
45501,39.93,-83.81
45502,39.92,-83.85
45503,39.96,-83.77
45504,39.95,-83.89
45505,39.91,-83.75
45506,39.88,-83.87
45601,39.34,-82.99
45612,39.24,-83.22
45613,39.04,-82.89
45614,38.92,-82.28
45616,38.76,-83.34
45617,39.28,-83.16
45618,38.89,-83.62
45619,38.48,-82.45
45620,38.8,-82.19
45621,39.11,-82.61
45622,39.35,-82.5
45623,38.8,-82.27
45624,39.16,-83.34
45628,39.39,-83.18
45629,38.65,-82.8
45630,38.79,-82.96
45631,38.79,-82.27
45633,39.47,-82.75
45634,39.18,-82.5
45636,38.59,-82.83
45638,38.54,-82.6
45640,39.04,-82.63
45642,39.05,-83.05
45643,38.87,-82.26
45644,39.42,-82.86
45645,38.56,-82.55
45646,39.08,-83.31
45647,39.29,-82.8
45648,38.89,-82.98
45650,38.74,-83.43
45651,39.28,-82.48
45652,38.85,-83.14
45653,38.89,-82.91
45654,39.33,-82.38
45656,38.98,-82.6
45657,38.88,-83.16
45658,38.77,-82.39
45659,38.67,-82.61
45660,38.86,-83.46
45661,39.04,-83.12
45662,38.79,-82.93
45663,38.75,-83.13
45669,38.5,-82.36
45671,38.96,-83.24
45672,39.23,-82.67
45673,39.2,-82.85
45674,38.88,-82.38
45675,38.54,-82.53
45677,38.79,-82.76
45678,38.6,-82.39
45679,38.96,-83.54
45680,38.47,-82.5
45681,39.33,-83.24
45682,38.82,-82.73
45683,38.96,-82.86
45684,38.78,-83.1
45685,38.87,-82.41
45686,38.96,-82.35
45687,39.07,-83.09
45688,38.72,-82.54
45690,39.07,-83.02
45692,39.12,-82.55
45693,38.82,-83.5
45694,38.75,-82.85
45695,39.14,-82.37
45696,38.59,-82.46
45697,38.92,-83.58
45698,39.28,-82.4
45699,38.79,-82.96
45701,39.34,-82.01
45710,39.24,-82.18
45711,39.41,-81.94
45712,39.39,-81.4
45713,39.43,-81.45
45714,39.45,-81.56
45715,39.54,-81.61
45716,39.45,-82.18
45717,39.37,-82.01
45719,39.4,-82.13
45720,39.09,-81.92
45721,39.43,-81.45
45723,39.25,-81.83
45724,39.43,-81.45
45727,39.67,-81.49
45729,39.43,-81.45
45732,39.48,-82.06
45734,39.66,-81.18
45735,39.25,-81.92
45739,39.2,-81.74
45740,39.46,-82.07
45741,39.07,-82.25
45742,39.27,-81.66
45743,39.07,-81.84
45744,39.54,-81.48
45745,39.56,-81.4
45746,39.58,-81.48
45750,39.41,-81.35
45760,39.07,-82.02
45761,39.38,-82.09
45764,39.36,-82.05
45766,39.31,-82.17
45767,39.52,-81.06
45768,39.39,-81.23
45769,39.08,-82.07
45770,38.98,-81.81
45771,38.98,-81.89
45772,39.13,-81.84
45773,39.43,-81.45
45775,39.09,-82.15
45776,39.21,-82.02
45777,39.37,-82.01
45778,39.36,-81.91
45779,39.0,-81.97
45780,39.35,-81.97
45781,39.37,-82.01
45782,39.48,-82.08
45783,39.17,-81.84
45784,39.37,-81.67
45786,39.54,-81.64
45787,39.43,-81.45
45788,39.43,-81.45
45789,39.54,-81.25
45801,40.77,-84.05
45802,40.78,-84.14
45804,40.69,-84.06
45805,40.73,-84.17
45806,40.59,-84.13
45807,40.8,-84.14
45808,40.83,-83.98
45809,40.85,-84.18
45810,40.68,-83.7
45812,40.68,-83.8
45813,41.19,-84.73
45814,40.91,-83.62
45815,41.15,-83.94
45816,41.0,-83.79
45817,40.79,-83.93
45819,40.62,-84.26
45820,40.83,-84.09
45821,41.22,-84.57
45822,40.56,-84.63
45826,40.43,-84.63
45827,41.0,-84.3
45828,40.48,-84.69
45830,40.98,-84.15
45831,41.1,-84.24
45832,40.9,-84.72
45833,40.79,-84.31
45835,40.76,-83.7
45836,40.78,-83.65
45837,41.05,-84.32
45838,40.74,-84.49
45839,40.99,-83.65
45840,41.02,-83.66
45841,40.89,-83.72
45843,40.76,-83.67
45844,40.92,-84.3
45845,40.36,-84.23
45846,40.45,-84.72
45848,41.1,-84.11
45849,41.03,-84.48
45850,40.74,-83.94
45851,41.03,-84.6
45853,40.98,-84.22
45854,40.76,-83.95
45855,41.08,-84.58
45856,41.05,-84.11
45858,41.1,-83.78
45859,40.69,-83.81
45860,40.39,-84.54
45861,41.08,-84.43
45862,40.58,-84.55
45863,40.9,-84.45
45864,41.1,-84.13
45865,40.41,-84.4
45866,40.49,-84.55
45867,40.9,-83.53
45868,40.97,-83.84
45869,40.5,-84.21
45870,40.55,-83.95
45871,40.5,-84.28
45872,41.2,-83.68
45873,41.12,-84.53
45874,40.82,-84.66
45875,41.02,-84.11
45876,41.03,-84.24
45877,40.96,-83.94
45879,41.12,-84.53
45880,41.06,-84.72
45881,40.94,-83.77
45882,40.67,-84.66
45883,40.41,-84.64
45884,40.52,-84.17
45885,40.58,-84.38
45886,40.98,-84.6
45887,40.73,-84.16
45888,40.6,-84.09
45889,41.14,-83.63
45890,40.94,-83.5
45891,40.87,-84.59
45893,40.88,-84.15
45894,40.77,-84.47
45895,40.58,-84.15
45896,40.59,-83.95
45897,40.83,-83.65
45898,40.78,-84.75
45899,40.79,-84.79
45944,39.17,-84.54
45999,39.17,-84.54
46001,40.21,-85.68
46011,40.14,-85.77
46012,40.17,-85.63
46013,40.06,-85.67
46014,40.16,-85.72
46015,40.09,-85.66
46016,40.14,-85.74
46017,40.1,-85.71
46018,40.16,-85.72
46030,40.17,-86.05
46031,40.17,-86.02
46032,40.07,-86.12
46033,39.97,-86.08
46034,40.15,-86.04
46035,40.21,-86.65
46036,40.28,-85.72
46038,39.97,-85.96
46039,40.37,-86.31
46040,39.89,-85.79
46041,40.3,-86.47
46044,40.21,-85.79
46045,40.29,-86.15
46046,40.3,-86.47
46047,40.28,-85.95
46048,39.96,-85.8
46049,40.31,-86.15
46050,40.26,-86.45
46051,40.06,-85.83
46052,40.05,-86.49
46055,39.88,-85.9
46056,39.99,-85.62
46057,40.31,-86.49
46058,40.36,-86.63
46060,40.07,-86.0
46061,40.07,-86.05
46063,40.27,-85.73
46064,40.11,-85.76
46065,40.36,-86.6
46067,40.3,-86.47
46068,40.35,-86.12
46069,40.13,-86.19
46070,40.31,-85.67
46071,40.07,-86.58
46072,40.31,-86.06
46074,40.1,-86.13
46075,40.02,-86.35
46076,40.35,-85.94
46077,40.0,-86.3
46082,40.07,-86.05
46102,40.0,-86.62
46103,39.74,-86.48
46104,39.66,-85.59
46105,39.75,-86.81
46106,39.49,-86.1
46107,39.71,-86.09
46110,39.57,-85.91
46111,39.54,-86.37
46112,39.81,-86.47
46113,39.65,-86.3
46114,39.76,-86.51
46115,39.74,-85.55
46117,39.84,-85.63
46118,39.71,-86.5
46120,39.66,-86.78
46121,39.69,-86.59
46122,39.77,-86.53
46123,39.72,-86.49
46124,39.43,-86.1
46125,39.51,-86.64
46126,39.62,-85.88
46127,39.73,-85.33
46128,39.65,-86.74
46129,39.82,-85.77
46130,39.58,-85.81
46131,39.47,-86.07
46133,39.59,-85.28
46135,39.7,-86.86
46140,39.82,-85.78
46142,39.49,-86.1
46143,39.51,-86.1
46144,39.66,-85.65
46146,39.62,-85.47
46147,39.99,-86.56
46148,39.84,-85.47
46149,39.87,-86.56
46150,39.55,-85.58
46151,39.48,-86.47
46154,39.86,-85.77
46155,39.74,-85.43
46156,39.49,-85.49
46157,39.56,-86.53
46158,39.51,-86.44
46160,39.24,-86.27
46161,39.66,-85.71
46162,39.56,-85.97
46163,39.74,-85.89
46164,39.39,-86.11
46165,39.84,-86.64
46166,39.43,-86.53
46167,39.78,-86.48
46168,39.73,-86.42
46170,39.67,-86.83
46171,39.54,-86.96
46172,39.82,-86.81
46173,39.61,-85.44
46175,39.82,-86.97
46176,39.51,-85.79
46180,39.63,-86.61
46181,39.42,-86.1
46182,39.52,-85.78
46183,39.65,-86.29
46184,39.51,-86.08
46186,39.9,-85.64
46201,39.78,-86.13
46202,39.76,-86.14
46203,39.74,-86.11
46204,39.77,-86.16
46205,39.82,-86.13
46206,39.76,-86.16
46207,39.77,-86.16
46208,39.83,-86.19
46209,39.78,-86.13
46211,39.78,-86.13
46214,39.79,-86.29
46216,39.86,-86.01
46217,39.68,-86.2
46218,39.81,-86.1
46219,39.78,-86.08
46220,39.87,-86.11
46221,39.76,-86.13
46222,39.78,-86.21
46223,39.78,-86.13
46224,39.79,-86.27
46225,39.74,-86.17
46226,39.83,-86.08
46227,39.68,-86.13
46228,39.85,-86.2
46229,39.8,-86.04
46230,39.78,-86.13
46231,39.7,-86.3
46234,39.81,-86.32
46235,39.85,-85.97
46236,39.87,-85.98
46237,39.74,-86.17
46239,39.73,-86.0
46240,39.88,-86.2
46241,39.71,-86.26
46242,39.78,-86.13
46244,39.78,-86.13
46247,39.78,-86.13
46249,39.86,-86.01
46250,39.9,-86.07
46251,39.78,-86.13
46253,39.78,-86.13
46254,39.82,-86.23
46255,39.78,-86.13
46256,39.9,-86.01
46259,39.67,-86.0
46260,39.89,-86.14
46266,39.78,-86.13
46268,39.87,-86.21
46274,39.78,-86.13
46275,39.78,-86.13
46277,39.78,-86.13
46278,39.87,-86.28
46280,39.94,-86.12
46282,39.78,-86.13
46283,39.78,-86.13
46285,39.78,-86.13
46290,39.94,-86.2
46291,39.78,-86.13
46295,39.78,-86.13
46296,39.77,-86.16
46298,39.78,-86.13
46301,41.68,-86.98
46302,41.35,-87.13
46303,41.31,-87.42
46304,41.5,-87.09
46307,41.44,-87.36
46308,41.46,-87.37
46310,41.11,-87.21
46311,41.45,-87.5
46312,41.64,-87.46
46319,41.52,-87.39
46320,41.44,-87.49
46321,41.55,-87.5
46322,41.58,-87.48
46323,41.59,-87.46
46324,41.59,-87.5
46325,41.46,-87.37
46327,41.62,-87.49
46340,41.38,-86.79
46341,41.35,-87.15
46342,41.52,-87.35
46345,41.53,-86.7
46346,41.48,-86.69
46347,41.3,-87.07
46348,41.39,-86.81
46349,41.11,-87.42
46350,41.54,-86.74
46352,41.5,-86.71
46355,41.36,-87.27
46356,41.28,-87.41
46360,41.59,-86.76
46361,41.7,-86.92
46365,41.61,-86.54
46366,41.25,-86.74
46368,41.47,-87.13
46371,41.69,-86.6
46372,41.14,-87.32
46373,41.45,-87.45
46374,41.22,-86.88
46375,41.49,-87.44
46376,41.19,-87.48
46377,41.19,-87.34
46379,41.17,-87.43
46380,41.19,-86.97
46381,41.17,-87.33
46382,41.47,-86.77
46383,41.45,-87.07
46384,41.49,-87.08
46385,41.47,-87.08
46390,41.42,-86.87
46391,41.55,-86.74
46392,41.13,-87.06
46393,41.51,-87.18
46394,41.66,-87.49
46401,41.59,-87.32
46402,41.6,-87.34
46403,41.61,-87.27
46404,41.58,-87.38
46405,41.56,-87.35
46406,41.6,-87.39
46407,41.58,-87.32
46408,41.54,-87.38
46409,41.55,-87.3
46410,41.5,-87.34
46411,41.46,-87.37
46501,41.24,-86.25
46502,41.25,-85.97
46504,41.32,-86.15
46506,41.41,-86.24
46507,41.71,-85.82
46508,41.15,-85.97
46510,41.14,-85.87
46511,41.31,-86.39
46513,41.36,-86.44
46514,41.72,-85.94
46515,41.64,-85.94
46516,41.62,-85.9
46517,41.62,-85.97
46524,41.3,-86.0
46526,41.58,-85.86
46527,41.6,-85.86
46528,41.62,-85.84
46530,41.73,-86.14
46531,41.35,-86.52
46532,41.39,-86.59
46534,41.28,-86.61
46536,41.53,-86.27
46537,41.46,-86.31
46538,41.34,-85.82
46539,41.18,-86.01
46540,41.65,-85.83
46542,41.28,-85.87
46543,41.53,-85.71
46544,41.62,-86.29
46545,41.7,-86.3
46546,41.69,-86.2
46550,41.57,-85.97
46552,41.7,-86.46
46553,41.48,-85.82
46554,41.56,-86.41
46555,41.33,-85.71
46556,41.6,-86.29
46561,41.67,-86.09
46562,41.27,-85.85
46563,41.35,-86.3
46565,41.68,-85.57
46566,41.14,-85.89
46567,41.3,-85.84
46570,41.22,-86.12
46571,41.58,-85.54
46572,41.33,-86.26
46573,41.59,-85.88
46574,41.49,-86.45
46580,41.22,-85.86
46581,41.24,-85.86
46582,41.25,-85.85
46590,41.23,-85.83
46595,41.52,-86.17
46601,41.67,-86.25
46604,41.66,-86.22
46612,41.63,-86.23
46613,41.66,-86.26
46614,41.62,-86.28
46615,41.68,-86.22
46616,41.7,-86.26
46617,41.68,-86.24
46619,41.67,-86.3
46620,41.6,-86.29
46624,41.73,-86.28
46626,41.68,-86.25
46628,41.72,-86.34
46629,41.67,-86.28
46634,41.6,-86.29
46635,41.69,-86.34
46637,41.7,-86.32
46660,41.6,-86.29
46680,41.6,-86.29
46699,41.6,-86.29
46701,41.38,-85.41
46702,40.82,-85.6
46703,41.67,-85.0
46704,41.1,-85.29
46705,41.5,-85.07
46706,41.38,-85.03
46710,41.37,-85.39
46711,40.67,-84.93
46713,40.83,-85.49
46714,40.71,-85.2
46720,41.4,-85.42
46721,41.43,-84.91
46723,41.19,-85.39
46725,41.15,-85.5
46730,41.46,-85.14
46731,40.79,-85.1
46732,41.38,-85.6
46733,40.82,-84.94
46737,41.71,-84.95
46738,41.32,-85.14
46740,40.61,-84.94
46741,41.2,-84.96
46742,41.57,-84.9
46743,41.23,-84.99
46745,40.96,-85.0
46746,41.71,-85.37
46747,41.58,-85.11
46748,41.24,-85.16
46750,40.84,-85.49
46755,41.43,-85.39
46759,40.6,-85.21
46760,41.37,-85.54
46761,41.66,-85.39
46763,41.29,-85.28
46764,41.21,-85.59
46765,41.23,-85.04
46766,40.7,-85.28
46767,41.41,-85.43
46769,40.75,-84.94
46770,40.86,-85.35
46771,41.67,-85.27
46772,40.71,-84.92
46773,41.06,-84.9
46774,41.1,-84.96
46776,41.71,-85.14
46777,40.86,-85.2
46778,40.61,-85.15
46779,41.58,-85.03
46780,40.75,-84.94
46781,40.64,-85.26
46782,40.83,-85.01
46783,40.95,-85.39
46784,41.4,-85.4
46785,41.32,-84.89
46786,41.54,-85.32
46787,41.07,-85.51
46788,41.3,-84.9
46789,41.58,-85.2
46791,40.86,-85.27
46792,40.71,-85.47
46793,41.46,-85.02
46794,41.48,-85.39
46795,41.58,-85.34
46796,41.34,-85.5
46797,41.13,-84.87
46798,41.01,-85.09
46799,40.92,-85.28
46801,41.09,-85.07
46802,41.07,-85.16
46803,41.07,-85.08
46804,41.06,-85.24
46805,41.1,-85.08
46806,41.05,-85.08
46807,41.04,-85.15
46808,41.09,-85.18
46809,41.04,-85.21
46814,41.05,-85.31
46815,41.14,-85.07
46816,40.99,-85.03
46818,41.11,-85.2
46819,40.98,-85.13
46825,41.14,-85.1
46835,41.16,-85.06
46845,41.1,-85.08
46850,41.09,-85.07
46851,41.09,-85.07
46852,41.09,-85.07
46853,41.09,-85.07
46854,41.09,-85.07
46855,41.09,-85.07
46856,41.09,-85.07
46857,41.09,-85.07
46858,41.09,-85.07
46859,41.09,-85.07
46860,41.09,-85.07
46861,41.09,-85.07
46862,41.09,-85.07
46863,41.09,-85.07
46864,41.09,-85.07
46865,41.13,-85.09
46866,41.09,-85.07
46867,41.09,-85.07
46868,41.09,-85.07
46869,41.09,-85.07
46885,41.09,-85.07
46895,41.09,-85.07
46896,41.09,-85.07
46897,41.09,-85.07
46898,41.09,-85.07
46899,41.09,-85.07
46901,40.51,-86.17
46902,40.44,-86.18
46903,40.47,-86.12
46904,40.47,-86.12
46910,41.05,-86.07
46911,40.65,-85.94
46912,41.04,-86.21
46913,40.5,-86.51
46914,40.66,-86.1
46915,40.5,-86.39
46916,40.58,-86.57
46917,40.63,-86.5
46919,40.58,-85.88
46920,40.49,-86.49
46921,40.96,-86.13
46922,41.04,-86.21
46923,40.58,-86.64
46926,40.87,-86.08
46928,40.52,-85.66
46929,40.56,-86.49
46930,40.41,-85.57
46931,40.95,-86.27
46932,40.63,-86.27
46933,40.54,-85.59
46935,41.04,-86.21
46936,40.49,-86.0
46937,40.42,-86.02
46938,40.45,-85.65
46939,41.04,-86.37
46940,40.7,-85.74
46941,40.83,-85.7
46942,40.74,-86.37
46943,40.97,-85.84
46945,41.04,-86.21
46946,41.04,-85.74
46947,40.78,-86.38
46950,40.88,-86.35
46951,40.96,-86.13
46952,40.52,-85.64
46953,40.5,-85.63
46957,40.39,-85.48
46958,40.82,-86.12
46959,40.61,-86.11
46960,41.12,-86.54
46961,40.76,-86.19
46962,40.86,-85.79
46965,40.41,-86.1
46967,40.69,-86.2
46968,41.18,-86.55
46970,40.74,-86.08
46971,40.78,-86.02
46974,40.95,-85.85
46975,41.04,-86.25
46977,40.58,-86.57
46978,40.85,-86.49
46979,40.43,-86.27
46980,40.85,-85.79
46982,41.13,-85.86
46984,40.67,-85.83
46985,41.0,-86.59
46986,40.51,-85.82
46987,40.56,-85.77
46988,40.87,-86.23
46989,40.46,-85.63
46990,40.89,-85.74
46991,40.62,-85.51
46992,40.8,-85.79
46994,40.68,-86.26
46995,40.44,-86.22
46996,41.04,-86.62
46998,40.87,-86.23
47001,39.09,-84.99
47003,39.52,-84.86
47006,39.19,-85.23
47010,39.49,-84.85
47011,38.86,-85.07
47012,39.42,-85.0
47016,39.37,-84.91
47017,38.95,-85.19
47018,39.0,-85.03
47019,38.87,-84.93
47020,38.82,-84.95
47021,38.97,-85.15
47022,39.19,-84.96
47023,39.08,-85.37
47024,39.47,-85.18
47025,39.15,-84.89
47030,39.43,-85.11
47031,39.12,-85.23
47032,39.16,-84.98
47033,39.28,-85.17
47034,39.2,-85.33
47035,39.31,-84.9
47036,39.39,-85.24
47037,39.17,-85.29
47038,38.84,-84.88
47039,39.11,-85.26
47040,38.96,-84.98
47041,39.23,-85.14
47042,39.04,-85.24
47043,38.81,-85.06
47060,39.25,-84.91
47102,38.75,-85.75
47104,38.54,-85.42
47106,38.48,-85.77
47107,38.19,-86.12
47108,38.61,-86.22
47110,38.1,-86.17
47111,38.46,-85.62
47112,38.19,-86.15
47114,38.29,-86.08
47115,38.34,-86.21
47116,38.33,-86.58
47117,38.09,-85.99
47118,38.29,-86.5
47119,38.35,-85.89
47120,38.47,-86.19
47122,38.31,-85.96
47123,38.28,-86.48
47124,38.37,-85.99
47125,38.5,-86.24
47126,38.55,-85.77
47129,38.31,-85.76
47130,38.4,-85.72
47131,38.44,-85.7
47132,38.29,-85.73
47133,38.29,-85.73
47134,38.29,-85.73
47135,38.04,-86.07
47136,38.23,-85.99
47137,38.2,-86.37
47138,38.67,-85.63
47139,38.6,-86.08
47140,38.36,-86.37
47141,38.55,-85.6
47142,38.07,-86.2
47143,38.47,-85.77
47144,38.29,-85.73
47145,38.34,-86.31
47146,38.3,-85.9
47147,38.58,-85.53
47150,38.29,-85.84
47151,38.3,-85.9
47160,38.15,-86.05
47161,38.33,-86.11
47162,38.55,-85.49
47163,38.54,-85.67
47164,38.38,-86.11
47165,38.51,-86.01
47166,38.3,-86.17
47167,38.61,-86.08
47170,38.7,-85.77
47172,38.4,-85.79
47174,38.23,-86.49
47175,38.35,-86.55
47177,38.58,-85.75
47199,38.29,-85.73
47201,39.19,-85.89
47202,39.19,-85.89
47203,39.24,-85.83
47220,38.87,-86.05
47223,39.05,-85.49
47224,38.87,-85.29
47225,39.42,-85.35
47226,39.28,-85.87
47227,38.87,-85.66
47228,38.97,-85.96
47229,38.82,-85.99
47230,38.79,-85.61
47231,38.88,-85.5
47232,39.12,-85.77
47234,39.39,-85.77
47235,38.96,-86.16
47236,39.15,-85.73
47240,39.3,-85.49
47243,38.73,-85.38
47244,39.22,-85.72
47245,39.0,-85.62
47246,39.2,-85.79
47247,39.06,-85.89
47249,38.9,-86.06
47250,38.8,-85.42
47260,38.84,-86.19
47261,39.29,-85.49
47262,39.0,-85.62
47263,39.31,-85.33
47264,38.95,-86.24
47265,39.02,-85.62
47270,38.87,-85.72
47272,39.32,-85.46
47273,39.06,-85.73
47274,38.94,-86.01
47280,39.3,-85.95
47281,38.81,-86.09
47282,38.98,-85.62
47283,39.24,-85.56
47302,40.14,-85.39
47303,40.28,-85.38
47304,40.24,-85.48
47305,40.25,-85.43
47306,40.2,-85.41
47307,40.16,-85.44
47308,40.23,-85.4
47320,40.28,-85.27
47322,39.66,-85.17
47324,39.76,-84.85
47325,39.68,-85.0
47326,40.54,-84.98
47327,39.85,-85.04
47330,39.79,-84.99
47331,39.66,-85.17
47334,40.14,-85.51
47335,39.81,-85.2
47336,40.44,-85.09
47337,39.8,-85.44
47338,40.25,-85.34
47339,39.96,-85.1
47340,40.19,-85.15
47341,39.86,-85.0
47342,40.31,-85.43
47344,39.88,-85.46
47345,39.89,-85.01
47346,39.9,-85.06
47348,40.47,-85.33
47351,39.9,-85.52
47352,39.83,-85.37
47353,39.63,-84.93
47354,40.05,-85.17
47355,40.06,-84.94
47356,39.94,-85.46
47357,39.76,-85.11
47358,40.06,-85.11
47359,40.52,-85.3
47360,40.02,-85.29
47361,40.0,-85.32
47362,39.92,-85.37
47366,39.93,-85.4
47367,40.08,-85.39
47368,40.17,-85.17
47369,40.46,-85.13
47370,39.86,-85.15
47371,40.43,-84.98
47373,40.36,-85.15
47374,39.84,-85.01
47375,39.86,-85.02
47380,40.17,-85.05
47381,40.38,-84.88
47382,40.23,-84.92
47383,40.15,-85.27
47384,39.95,-85.49
47385,39.92,-85.45
47386,40.01,-85.38
47387,39.83,-85.28
47388,40.01,-85.44
47390,40.17,-85.01
47392,39.91,-84.94
47393,39.93,-85.03
47394,40.16,-84.98
47396,40.2,-85.51
47401,39.08,-86.44
47402,39.17,-86.5
47403,39.08,-86.59
47404,39.25,-86.58
47405,39.17,-86.52
47406,39.17,-86.52
47407,39.17,-86.5
47408,39.23,-86.47
47420,38.84,-86.48
47421,38.89,-86.53
47424,39.03,-86.84
47426,39.17,-86.5
47427,39.32,-86.84
47429,39.28,-86.63
47430,38.84,-86.48
47431,39.32,-86.84
47432,38.49,-86.59
47433,39.35,-86.7
47434,39.01,-86.55
47435,39.2,-86.23
47436,38.84,-86.48
47437,38.72,-86.67
47438,39.08,-86.99
47439,39.04,-86.96
47441,39.05,-87.13
47443,38.99,-87.1
47445,39.04,-86.96
47446,38.8,-86.5
47448,39.18,-86.23
47449,39.04,-86.96
47451,38.9,-86.53
47452,38.59,-86.45
47453,39.04,-86.96
47454,38.51,-86.46
47455,39.32,-86.84
47456,39.44,-86.67
47457,39.04,-86.96
47458,39.17,-86.5
47459,39.1,-86.74
47460,39.31,-86.76
47462,38.94,-86.58
47463,39.09,-86.67
47464,39.3,-86.65
47465,39.04,-86.96
47467,38.84,-86.48
47468,39.27,-86.42
47469,38.62,-86.59
47470,38.84,-86.48
47471,39.12,-86.97
47490,39.17,-86.5
47501,38.69,-87.12
47512,38.74,-87.35
47513,38.33,-86.82
47514,38.05,-86.62
47515,38.2,-86.68
47516,38.76,-87.42
47519,38.7,-87.09
47520,37.95,-86.72
47521,38.41,-86.74
47522,38.89,-86.9
47523,38.15,-86.95
47524,38.63,-87.51
47525,38.02,-86.57
47527,38.44,-86.78
47528,38.79,-87.38
47529,38.88,-87.09
47531,38.05,-86.86
47532,38.25,-86.87
47535,38.86,-87.31
47536,37.99,-87.02
47537,38.08,-87.05
47541,38.25,-87.01
47542,38.3,-86.95
47545,38.41,-87.0
47546,38.36,-86.93
47547,38.36,-86.88
47549,38.36,-86.88
47550,38.04,-86.95
47551,38.13,-86.57
47552,38.12,-87.0
47553,38.77,-86.91
47556,38.17,-86.92
47557,38.59,-87.37
47558,38.7,-87.09
47561,38.71,-87.39
47562,38.84,-86.99
47564,38.48,-87.13
47567,38.46,-87.3
47568,38.7,-87.09
47573,38.74,-87.32
47574,37.94,-86.53
47575,38.32,-86.82
47576,38.15,-86.65
47577,38.14,-86.82
47578,38.88,-87.2
47579,38.12,-86.93
47580,38.35,-86.91
47581,38.67,-86.79
47584,38.26,-87.23
47585,38.27,-87.15
47586,38.0,-86.73
47588,38.03,-86.8
47590,38.37,-87.11
47591,38.71,-87.42
47596,38.79,-87.33
47597,38.66,-87.33
47598,38.37,-87.21
47601,38.04,-87.29
47610,38.05,-87.27
47611,38.03,-86.97
47612,38.18,-87.71
47613,38.13,-87.42
47614,38.13,-87.16
47615,38.0,-87.0
47616,38.19,-87.92
47617,37.9,-87.25
47618,38.0,-87.57
47619,38.16,-87.28
47620,37.96,-87.87
47629,38.06,-87.25
47630,38.04,-87.28
47631,38.1,-87.9
47633,38.15,-87.79
47634,37.98,-87.14
47635,37.93,-87.03
47637,38.12,-87.24
47638,38.07,-87.78
47639,38.2,-87.58
47640,38.38,-87.47
47647,38.35,-87.65
47648,38.31,-87.52
47649,38.33,-87.45
47654,38.35,-87.65
47660,38.31,-87.51
47665,38.27,-87.68
47666,38.4,-87.58
47670,38.3,-87.53
47683,38.28,-87.38
47701,38.0,-87.57
47702,38.0,-87.57
47703,38.0,-87.57
47704,38.0,-87.57
47705,38.0,-87.57
47706,38.0,-87.57
47708,37.98,-87.56
47710,38.03,-87.57
47711,38.06,-87.55
47712,37.98,-87.58
47713,37.95,-87.55
47714,37.96,-87.52
47715,37.98,-87.49
47716,38.0,-87.57
47719,38.0,-87.57
47720,38.06,-87.64
47721,37.98,-87.6
47722,37.97,-87.54
47724,38.0,-87.57
47725,38.05,-87.55
47727,38.03,-87.54
47728,38.0,-87.57
47730,38.0,-87.57
47731,38.0,-87.57
47732,38.0,-87.57
47733,38.0,-87.57
47734,38.0,-87.57
47735,38.0,-87.57
47736,38.0,-87.57
47737,38.0,-87.57
47739,38.0,-87.57
47740,38.0,-87.57
47741,38.0,-87.57
47744,37.98,-87.6
47747,38.0,-87.57
47750,37.96,-87.51
47801,39.43,-87.41
47802,39.36,-87.42
47803,39.47,-87.32
47804,39.51,-87.34
47805,39.53,-87.33
47807,39.47,-87.39
47808,39.43,-87.41
47809,39.47,-87.41
47811,39.43,-87.41
47812,39.43,-87.41
47813,39.43,-87.41
47814,39.43,-87.41
47830,39.78,-87.22
47831,39.88,-87.44
47832,39.78,-87.22
47833,39.42,-87.07
47834,39.39,-87.13
47836,39.78,-87.22
47837,39.59,-87.11
47838,38.97,-87.38
47840,39.41,-87.05
47841,39.3,-87.14
47842,39.75,-87.46
47845,39.39,-87.09
47846,39.37,-87.18
47847,39.84,-87.47
47848,39.04,-87.31
47849,39.19,-87.55
47850,39.22,-87.43
47851,39.57,-87.25
47852,39.08,-87.45
47853,39.54,-87.07
47854,39.81,-87.42
47855,39.18,-87.3
47856,39.78,-87.22
47857,39.53,-87.09
47858,39.3,-87.28
47859,39.78,-87.22
47860,39.78,-87.22
47861,39.06,-87.57
47862,39.79,-87.37
47863,39.58,-87.46
47864,39.04,-87.48
47865,39.02,-87.39
47866,39.29,-87.34
47868,39.44,-86.96
47869,39.43,-87.41
47870,39.37,-87.48
47871,39.39,-87.3
47872,39.71,-87.22
47874,39.62,-87.32
47875,39.88,-87.44
47876,39.43,-87.41
47878,39.49,-87.27
47879,39.1,-87.38
47880,39.6,-87.42
47881,39.49,-87.19
47882,39.08,-87.42
47884,39.62,-87.45
47885,39.5,-87.47
47901,40.4,-86.83
47902,40.39,-86.89
47903,40.3,-86.82
47904,40.48,-86.92
47905,40.39,-86.88
47906,40.47,-86.93
47907,40.42,-86.92
47909,40.32,-86.89
47916,39.96,-87.05
47917,40.53,-87.5
47918,40.24,-87.21
47920,40.53,-86.82
47921,40.58,-87.31
47922,40.88,-87.39
47923,40.66,-86.85
47924,40.49,-86.76
47925,40.75,-86.79
47926,40.81,-86.62
47928,39.93,-87.47
47929,40.75,-86.93
47930,40.25,-86.75
47932,40.1,-87.35
47933,40.04,-86.89
47934,40.04,-86.89
47935,40.04,-86.89
47936,40.04,-86.89
47937,40.04,-86.89
47938,40.04,-86.89
47939,40.04,-86.89
47940,40.11,-86.78
47941,40.36,-86.76
47942,40.68,-87.42
47943,41.08,-87.21
47944,40.61,-87.31
47946,40.98,-86.83
47948,40.79,-87.32
47949,40.05,-87.18
47950,40.81,-86.74
47951,40.79,-87.44
47952,40.02,-87.26
47954,40.05,-86.86
47955,40.19,-86.9
47957,41.07,-86.85
47958,40.16,-87.15
47959,40.8,-86.94
47960,40.78,-86.75
47962,40.47,-87.03
47963,40.95,-87.41
47964,40.98,-87.4
47965,39.95,-86.92
47966,39.87,-87.41
47967,40.19,-86.98
47968,40.03,-86.83
47969,40.2,-87.15
47970,40.6,-87.14
47971,40.53,-87.26
47974,40.02,-87.48
47975,40.44,-87.26
47977,40.9,-87.14
47978,40.99,-87.1
47980,40.78,-86.92
47981,40.26,-86.92
47982,40.2,-87.53
47983,40.28,-86.77
47984,40.61,-87.31
47986,40.51,-87.21
47987,40.11,-87.23
47988,39.99,-87.15
47989,39.91,-86.98
47990,40.06,-87.04
47991,40.27,-87.44
47992,40.32,-87.05
47993,40.31,-87.4
47994,40.12,-86.96
47995,40.73,-86.99
47996,40.39,-86.89
47997,40.67,-86.72
48001,42.61,-82.6
48002,42.94,-82.92
48003,42.93,-83.05
48004,42.82,-82.67
48005,42.85,-82.89
48006,43.08,-82.7
48007,42.61,-83.3
48009,42.53,-83.22
48012,42.6,-83.29
48014,43.03,-82.93
48015,42.48,-83.03
48017,42.54,-83.15
48021,42.46,-82.94
48022,43.04,-82.8
48023,42.7,-82.67
48025,42.52,-83.26
48026,42.54,-82.95
48027,42.94,-82.69
48028,42.6,-82.6
48030,42.5,-83.1
48032,43.12,-82.6
48034,42.48,-83.28
48035,42.55,-82.92
48036,42.59,-82.91
48037,42.57,-83.15
48038,42.62,-82.96
48039,42.69,-82.55
48040,42.78,-82.49
48041,42.94,-82.8
48042,42.67,-82.92
48043,42.6,-82.88
48044,42.64,-82.9
48045,42.59,-82.82
48046,42.67,-82.9
48047,42.6,-82.82
48048,42.74,-82.8
48049,43.03,-82.57
48050,42.79,-82.8
48051,42.68,-82.81
48054,42.78,-82.54
48059,43.09,-82.49
48060,42.98,-82.47
48061,42.82,-82.67
48062,42.84,-82.8
48063,42.89,-82.67
48064,42.77,-82.67
48065,42.84,-83.04
48066,42.51,-82.94
48067,42.49,-83.15
48068,42.66,-83.39
48069,42.47,-83.14
48070,42.48,-83.17
48071,42.51,-83.14
48072,42.5,-83.18
48073,42.52,-83.16
48074,42.91,-82.57
48075,42.46,-83.23
48076,42.5,-83.21
48079,42.88,-82.55
48080,42.47,-82.9
48081,42.49,-82.9
48082,42.53,-82.88
48083,42.56,-83.12
48084,42.55,-83.18
48085,42.6,-83.12
48086,42.66,-83.39
48088,42.52,-82.98
48089,42.47,-83.0
48090,42.67,-82.9
48091,42.47,-83.05
48092,42.51,-83.06
48093,42.51,-83.01
48094,42.76,-83.04
48095,42.77,-83.04
48096,42.75,-82.92
48097,42.88,-82.74
48098,42.6,-83.15
48099,42.59,-83.17
48101,42.28,-83.19
48103,42.27,-83.85
48104,42.27,-83.73
48105,42.32,-83.71
48106,42.25,-83.84
48107,42.25,-83.84
48108,42.22,-83.73
48109,42.28,-83.71
48110,42.01,-83.66
48111,42.26,-83.42
48112,42.24,-83.15
48113,42.25,-83.84
48114,42.55,-83.88
48115,42.16,-83.91
48116,42.53,-83.78
48117,42.04,-83.43
48118,42.31,-84.01
48120,42.31,-83.18
48121,42.24,-83.15
48122,42.35,-83.22
48123,42.24,-83.15
48124,42.3,-83.24
48125,42.34,-83.3
48126,42.27,-83.23
48127,42.33,-83.27
48128,42.32,-83.25
48130,42.35,-83.9
48131,41.96,-83.67
48133,41.79,-83.5
48134,42.12,-83.3
48135,42.33,-83.34
48136,42.24,-83.15
48137,42.5,-84.08
48138,42.14,-83.16
48139,42.45,-83.81
48140,41.89,-83.58
48141,42.29,-83.31
48143,42.46,-83.84
48144,41.76,-83.62
48145,41.85,-83.46
48146,42.24,-83.18
48150,42.37,-83.37
48151,42.24,-83.15
48152,42.43,-83.37
48153,42.24,-83.15
48154,42.38,-83.39
48157,41.81,-83.44
48158,42.18,-84.01
48159,42.04,-83.56
48160,42.0,-83.66
48161,41.93,-83.43
48162,41.93,-83.44
48164,42.14,-83.39
48165,42.5,-83.61
48166,41.92,-83.33
48167,42.42,-83.43
48169,42.47,-83.95
48170,42.37,-83.49
48173,42.11,-83.27
48174,42.2,-83.35
48175,42.41,-83.58
48176,42.15,-83.8
48177,41.81,-83.58
48178,42.47,-83.61
48179,42.05,-83.27
48180,42.25,-83.25
48182,41.79,-83.58
48183,42.14,-83.22
48184,42.26,-83.4
48185,42.32,-83.37
48186,42.29,-83.37
48187,42.37,-83.42
48188,42.29,-83.49
48189,42.39,-83.78
48190,42.12,-83.59
48191,42.13,-83.57
48192,42.19,-83.21
48195,42.26,-83.29
48197,42.2,-83.62
48198,42.31,-83.77
48201,42.24,-83.15
48202,42.24,-83.15
48203,42.24,-83.15
48204,42.24,-83.15
48205,42.24,-83.15
48206,42.24,-83.15
48207,42.24,-83.15
48208,42.24,-83.15
48209,42.24,-83.15
48210,42.33,-83.15
48211,42.24,-83.15
48212,42.24,-83.15
48213,42.24,-83.15
48214,42.24,-83.15
48215,42.24,-83.15
48216,42.34,-83.17
48217,42.27,-83.15
48218,42.27,-83.14
48219,42.44,-83.29
48220,42.46,-83.14
48221,42.24,-83.15
48222,42.24,-83.15
48223,42.4,-83.28
48224,42.24,-83.15
48225,42.24,-83.15
48226,42.24,-83.15
48227,42.24,-83.15
48228,42.34,-83.22
48229,42.25,-83.14
48230,42.24,-83.15
48231,42.24,-83.15
48232,42.24,-83.15
48233,42.24,-83.15
48234,42.24,-83.15
48235,42.24,-83.15
48236,42.24,-83.15
48237,42.47,-83.18
48238,42.24,-83.15
48239,42.39,-83.28
48240,42.42,-83.3
48242,42.22,-83.35
48243,42.24,-83.15
48244,42.24,-83.15
48255,42.24,-83.15
48260,42.24,-83.15
48264,42.24,-83.15
48265,42.24,-83.15
48266,42.24,-83.15
48267,42.24,-83.15
48268,42.24,-83.15
48269,42.24,-83.15
48272,42.24,-83.15
48275,42.24,-83.15
48277,42.24,-83.15
48278,42.24,-83.15
48279,42.24,-83.15
48288,42.24,-83.15
48301,42.54,-83.28
48302,42.58,-83.28
48303,42.66,-83.39
48304,42.59,-83.24
48306,42.73,-83.16
48307,42.66,-83.12
48308,42.64,-83.13
48309,42.66,-83.18
48310,42.56,-83.07
48311,42.67,-82.9
48312,42.57,-83.03
48313,42.61,-83.01
48314,42.6,-83.04
48315,42.67,-83.0
48316,42.69,-83.05
48317,42.64,-83.05
48318,42.67,-82.9
48320,42.61,-83.34
48321,42.66,-83.39
48322,42.54,-83.38
48323,42.57,-83.38
48324,42.6,-83.38
48325,42.66,-83.39
48326,42.67,-83.3
48327,42.64,-83.41
48328,42.65,-83.36
48329,42.68,-83.39
48330,42.68,-83.36
48331,42.51,-83.41
48332,42.66,-83.39
48333,42.66,-83.39
48334,42.51,-83.35
48335,42.46,-83.41
48336,42.47,-83.36
48340,42.67,-83.29
48341,42.63,-83.29
48342,42.69,-83.29
48343,42.66,-83.39
48346,42.72,-83.42
48347,42.66,-83.39
48348,42.76,-83.4
48350,42.75,-83.54
48353,42.65,-83.72
48356,42.7,-83.42
48357,42.65,-83.56
48359,42.72,-83.28
48360,42.74,-83.27
48361,42.66,-83.39
48362,42.78,-83.27
48363,42.77,-83.16
48366,42.8,-83.18
48367,42.84,-83.14
48370,42.84,-83.2
48371,42.77,-83.34
48374,42.47,-83.52
48375,42.46,-83.47
48376,42.47,-83.47
48377,42.5,-83.48
48380,42.59,-83.65
48381,42.55,-83.58
48382,42.58,-83.5
48383,42.66,-83.53
48386,42.66,-83.48
48387,42.73,-83.31
48390,42.56,-83.48
48391,42.66,-83.39
48393,42.52,-83.55
48397,42.49,-83.04
48398,42.66,-83.39
48401,43.35,-82.67
48410,43.56,-82.95
48411,42.94,-83.54
48412,43.07,-83.26
48413,43.79,-82.95
48414,42.87,-84.08
48415,43.28,-83.81
48416,43.24,-82.92
48417,43.26,-83.89
48418,42.83,-84.02
48419,43.44,-82.66
48420,43.17,-83.71
48421,43.07,-83.29
48422,43.25,-82.64
48423,43.04,-83.62
48426,43.52,-82.85
48427,43.54,-82.72
48428,42.94,-83.15
48429,42.89,-84.03
48430,42.83,-83.76
48432,43.95,-82.97
48433,42.98,-83.81
48434,43.66,-82.61
48435,43.28,-83.39
48436,42.87,-83.86
48437,43.02,-83.69
48438,42.92,-83.51
48439,42.92,-83.67
48440,42.93,-83.36
48441,43.87,-82.8
48442,42.78,-83.58
48444,43.07,-83.06
48445,43.96,-82.94
48446,43.12,-83.32
48449,42.99,-83.9
48450,43.39,-82.79
48451,42.83,-83.81
48453,43.36,-83.0
48454,43.2,-82.81
48455,42.94,-83.3
48456,43.65,-82.76
48457,43.0,-83.87
48458,43.12,-83.69
48460,43.11,-84.0
48461,43.11,-83.25
48462,42.84,-83.42
48463,43.16,-83.53
48464,43.21,-83.41
48465,43.61,-82.71
48466,43.27,-82.81
48467,44.0,-83.05
48468,43.94,-82.91
48469,43.46,-82.57
48470,43.74,-82.74
48471,43.37,-82.86
48472,43.4,-82.95
48473,42.95,-83.81
48475,43.81,-83.02
48476,42.94,-84.03
48501,42.97,-83.78
48502,43.02,-83.69
48503,43.01,-83.69
48504,43.02,-83.7
48505,43.08,-83.69
48506,43.07,-83.63
48507,42.98,-83.73
48509,43.03,-83.6
48519,42.99,-83.61
48529,42.97,-83.66
48531,43.0,-83.69
48532,43.01,-83.8
48550,43.03,-83.69
48551,42.98,-83.71
48552,42.98,-83.71
48553,42.97,-83.72
48554,42.97,-83.79
48555,43.01,-83.71
48556,43.03,-83.65
48557,43.08,-83.78
48559,43.0,-83.69
48601,43.41,-83.89
48602,43.43,-84.06
48603,43.46,-84.03
48604,43.48,-83.97
48605,43.46,-84.05
48606,43.35,-84.03
48607,43.43,-83.93
48608,43.35,-84.03
48609,43.39,-84.09
48610,44.32,-84.16
48611,43.64,-84.06
48612,43.97,-84.44
48613,43.93,-84.11
48614,43.24,-84.29
48615,43.39,-84.47
48616,43.33,-84.14
48617,43.98,-84.74
48618,43.72,-84.52
48619,44.76,-84.05
48620,43.78,-84.38
48621,44.69,-84.01
48622,43.95,-84.87
48623,43.5,-84.1
48624,44.03,-84.43
48625,44.01,-84.85
48626,43.43,-84.23
48627,44.39,-84.7
48628,43.77,-84.4
48629,44.35,-84.73
48630,44.33,-84.72
48631,43.69,-84.03
48632,43.91,-84.87
48633,43.96,-84.92
48634,43.77,-84.05
48635,44.38,-84.07
48636,44.62,-84.15
48637,43.39,-84.31
48640,43.63,-84.34
48641,43.54,-84.39
48642,43.69,-84.28
48647,44.66,-84.09
48649,43.17,-84.21
48650,43.84,-84.04
48651,44.34,-84.65
48652,43.87,-84.23
48653,44.39,-84.61
48654,44.33,-84.19
48655,43.26,-84.18
48656,44.36,-84.54
48657,43.71,-84.4
48658,43.98,-83.9
48659,44.08,-83.96
48661,44.33,-84.2
48662,43.38,-84.42
48663,43.47,-83.98
48667,43.65,-84.39
48670,43.64,-84.26
48674,43.61,-84.2
48686,43.65,-84.39
48701,43.58,-83.55
48703,44.06,-83.69
48705,44.68,-83.6
48706,43.61,-83.95
48707,43.74,-83.93
48708,43.56,-83.82
48710,43.56,-83.99
48720,43.82,-83.34
48721,44.79,-83.35
48722,43.34,-83.83
48723,43.49,-83.39
48724,43.47,-83.93
48725,43.85,-83.23
48726,43.59,-83.29
48727,43.28,-83.18
48728,44.71,-83.79
48729,43.49,-83.2
48730,44.35,-83.56
48731,43.83,-83.14
48732,43.6,-83.78
48733,43.53,-83.57
48734,43.35,-83.76
48735,43.6,-83.34
48736,43.49,-83.62
48737,44.57,-83.71
48738,44.56,-83.34
48739,44.36,-83.76
48740,44.66,-83.42
48741,43.4,-83.2
48742,44.66,-83.45
48743,44.44,-83.85
48744,43.34,-83.37
48745,44.58,-83.59
48746,43.3,-83.47
48747,43.53,-83.76
48748,44.28,-83.72
48749,44.07,-83.85
48750,44.42,-83.55
48754,43.77,-83.23
48755,43.84,-83.24
48756,44.29,-83.99
48757,43.48,-83.62
48758,43.41,-83.68
48759,43.74,-83.38
48760,43.29,-83.26
48761,44.47,-83.96
48762,44.79,-83.49
48763,44.28,-83.68
48764,44.27,-83.52
48765,44.11,-83.7
48766,44.1,-83.87
48767,43.65,-83.45
48768,43.4,-83.56
48769,43.33,-83.66
48770,44.26,-83.69
48787,43.33,-83.75
48801,43.3,-84.63
48802,43.39,-84.67
48804,43.64,-84.85
48805,42.6,-84.37
48806,43.2,-84.49
48807,43.16,-84.43
48808,42.82,-84.48
48809,42.98,-85.13
48811,43.28,-85.05
48812,43.41,-84.98
48813,42.57,-84.84
48815,42.84,-85.25
48816,42.76,-83.94
48817,43.0,-84.14
48818,43.27,-84.95
48819,42.55,-84.27
48820,42.85,-84.62
48821,42.65,-84.65
48822,42.86,-84.76
48823,42.74,-84.5
48824,42.73,-84.49
48825,42.72,-84.46
48826,42.6,-84.37
48827,42.59,-84.8
48829,43.4,-85.02
48830,43.36,-84.84
48831,43.08,-84.45
48832,43.41,-84.78
48833,42.94,-84.6
48834,43.29,-85.05
48835,42.99,-84.76
48836,42.64,-84.05
48837,42.7,-84.77
48838,43.28,-85.08
48840,42.75,-84.38
48841,42.98,-84.23
48842,42.64,-84.51
48843,42.63,-83.91
48844,42.6,-83.91
48845,43.09,-84.9
48846,42.97,-85.09
48847,43.25,-84.6
48848,42.88,-84.31
48849,42.83,-85.14
48850,43.4,-85.18
48851,42.96,-84.96
48852,43.35,-85.05
48853,43.1,-84.69
48854,42.57,-84.46
48856,43.2,-84.73
48857,42.84,-84.14
48858,43.64,-84.81
48859,43.56,-84.85
48860,43.05,-84.9
48861,42.72,-84.92
48862,43.36,-84.5
48863,42.6,-83.91
48864,42.72,-84.43
48865,43.08,-85.1
48866,43.02,-84.53
48867,42.98,-84.18
48870,43.11,-85.01
48871,43.16,-84.68
48872,42.82,-84.21
48873,42.97,-84.92
48874,43.19,-84.6
48875,42.88,-84.97
48876,42.64,-84.73
48877,43.38,-84.82
48878,43.71,-84.77
48879,42.98,-84.58
48880,43.32,-84.6
48881,42.94,-85.2
48882,42.8,-84.3
48883,43.53,-84.76
48884,43.21,-85.07
48885,43.24,-85.19
48886,43.34,-85.18
48887,42.94,-85.07
48888,43.29,-85.06
48889,43.27,-84.66
48890,42.7,-84.9
48891,43.29,-84.96
48892,42.66,-84.2
48893,43.68,-84.98
48894,42.93,-84.81
48895,42.68,-84.27
48896,43.53,-84.91
48897,42.7,-85.13
48901,42.6,-84.37
48906,42.76,-84.56
48907,42.6,-84.84
48908,42.6,-84.84
48909,42.6,-84.37
48910,42.7,-84.52
48911,42.68,-84.54
48912,42.74,-84.52
48913,42.6,-84.37
48915,42.74,-84.57
48916,42.6,-84.37
48917,42.72,-84.65
48918,42.6,-84.37
48919,42.73,-84.55
48921,42.72,-84.56
48922,42.73,-84.56
48924,42.6,-84.37
48929,42.73,-84.56
48930,42.73,-84.56
48933,42.73,-84.55
48937,42.75,-84.56
48950,42.6,-84.37
48951,42.78,-84.61
48956,42.73,-84.56
48980,42.6,-84.37
49001,42.26,-85.51
49002,42.19,-85.56
49003,42.25,-85.53
49004,42.31,-85.57
49005,42.32,-85.49
49006,42.29,-85.63
49007,42.24,-85.56
49008,42.26,-85.62
49009,42.3,-85.59
49010,42.54,-85.89
49011,42.12,-85.21
49012,42.35,-85.35
49013,42.31,-86.1
49014,42.3,-85.13
49015,42.22,-85.23
49016,42.25,-85.0
49017,42.37,-85.19
49018,42.25,-85.0
49019,42.25,-85.53
49020,42.25,-85.0
49021,42.51,-85.01
49022,42.14,-86.35
49023,42.0,-86.72
49024,42.2,-85.62
49026,42.37,-85.96
49027,42.35,-86.07
49028,41.88,-85.16
49029,42.13,-85.1
49030,41.84,-85.37
49031,41.9,-86.0
49032,41.9,-85.48
49033,42.24,-85.09
49034,42.23,-85.36
49035,42.6,-85.31
49036,41.91,-85.06
49038,42.15,-86.37
49039,42.22,-86.37
49040,41.98,-85.35
49041,42.25,-85.53
49042,41.94,-85.53
49043,42.28,-86.27
49045,42.17,-86.07
49046,42.53,-85.38
49047,41.96,-86.02
49048,42.27,-85.49
49050,42.61,-85.34
49051,42.18,-85.23
49052,42.13,-85.34
49053,42.3,-85.4
49055,42.36,-85.86
49056,42.37,-86.07
49057,42.22,-86.05
49058,42.64,-85.29
49060,42.5,-85.4
49061,41.89,-85.83
49062,42.36,-85.81
49063,42.39,-86.21
49064,42.21,-86.05
49065,42.19,-86.01
49066,42.03,-85.35
49067,42.01,-85.86
49068,42.27,-84.95
49069,42.2,-84.95
49070,42.54,-85.63
49071,42.24,-85.81
49072,42.01,-85.45
49073,42.62,-85.2
49074,42.25,-85.53
49075,41.92,-85.45
49076,42.56,-84.92
49077,42.25,-85.53
49078,42.49,-85.72
49079,42.24,-85.93
49080,42.48,-85.63
49081,42.17,-85.62
49082,41.95,-85.03
49083,42.38,-85.45
49084,42.18,-86.39
49085,41.98,-86.53
49087,42.14,-85.66
49088,42.25,-85.42
49089,42.0,-85.23
49090,42.36,-86.14
49091,41.84,-85.48
49092,42.13,-84.97
49093,41.93,-85.54
49094,42.03,-85.08
49095,41.94,-85.89
49096,42.64,-85.0
49097,42.18,-85.47
49098,42.16,-86.27
49099,41.86,-85.55
49101,41.95,-86.48
49102,41.95,-86.27
49103,41.91,-86.47
49104,42.0,-86.72
49106,41.94,-86.54
49107,41.84,-86.43
49111,42.03,-86.3
49112,41.81,-86.0
49113,41.81,-86.5
49115,41.88,-86.63
49116,41.83,-86.66
49117,41.79,-86.75
49119,41.87,-86.55
49120,41.84,-86.42
49121,42.0,-86.72
49125,41.9,-86.57
49126,42.03,-86.38
49127,42.01,-86.51
49128,41.83,-86.6
49129,41.83,-86.68
49130,41.8,-85.87
49201,42.25,-84.42
49202,42.28,-84.4
49203,42.19,-84.46
49204,42.25,-84.21
49220,41.99,-84.31
49221,41.89,-84.07
49224,42.29,-84.79
49227,41.96,-84.77
49228,41.85,-83.87
49229,42.0,-83.86
49230,42.16,-84.39
49232,41.75,-84.64
49233,42.05,-84.32
49234,42.12,-84.37
49235,41.93,-84.16
49236,42.06,-83.96
49237,42.19,-84.64
49238,41.9,-83.82
49239,41.78,-84.6
49240,42.26,-84.34
49241,42.11,-84.6
49242,41.85,-84.58
49245,42.14,-84.85
49246,42.13,-84.48
49247,41.87,-84.1
49248,41.77,-84.0
49249,42.03,-84.47
49250,41.9,-84.59
49251,42.48,-84.41
49252,42.03,-84.62
49253,41.97,-84.27
49254,42.21,-84.47
49255,41.79,-84.9
49256,41.85,-84.23
49257,42.05,-84.5
49258,41.88,-84.59
49259,42.36,-84.23
49261,42.16,-84.25
49262,41.96,-84.47
49263,42.16,-84.18
49264,42.47,-84.54
49265,42.01,-84.18
49266,41.83,-84.55
49267,41.77,-83.7
49268,41.87,-83.92
49269,42.26,-84.58
49270,41.87,-83.67
49271,41.85,-84.45
49272,42.39,-84.35
49274,41.85,-84.73
49275,41.99,-83.87
49276,41.79,-83.81
49277,42.38,-84.47
49278,41.91,-84.33
49279,41.78,-84.11
49280,41.8,-84.19
49281,42.02,-84.38
49282,42.05,-84.39
49283,42.27,-84.61
49284,42.38,-84.63
49285,42.5,-84.24
49286,42.01,-83.92
49287,42.02,-84.06
49288,41.74,-84.45
49289,41.77,-84.11
49301,42.96,-85.48
49302,42.86,-85.4
49303,43.27,-85.85
49304,43.93,-85.84
49305,43.74,-85.17
49306,43.07,-85.56
49307,43.68,-85.35
49309,43.71,-85.86
49310,43.55,-84.97
49311,42.63,-85.64
49312,43.67,-85.79
49314,42.73,-85.84
49315,42.84,-85.66
49316,42.82,-85.52
49317,43.07,-85.48
49318,43.23,-85.84
49319,43.18,-85.51
49320,43.76,-85.28
49321,43.08,-85.68
49322,43.36,-85.35
49323,42.72,-85.79
49325,42.74,-85.36
49326,43.31,-85.21
49327,43.54,-85.85
49328,42.62,-85.78
49329,43.38,-85.44
49330,43.24,-85.67
49331,42.97,-85.38
49332,43.6,-85.31
49333,42.67,-85.43
49335,42.74,-85.66
49336,43.52,-85.42
49337,43.44,-85.74
49338,43.73,-85.37
49339,43.37,-85.47
49340,43.64,-85.2
49341,43.13,-85.55
49342,43.69,-85.32
49343,43.26,-85.5
49344,42.61,-85.61
49345,43.16,-85.68
49346,43.59,-85.4
49347,43.33,-85.41
49348,42.69,-85.64
49349,43.61,-85.8
49351,43.03,-85.55
49355,43.03,-85.55
49356,43.03,-85.55
49357,43.03,-85.55
49401,42.98,-85.94
49402,43.97,-85.98
49403,43.12,-85.85
49404,43.06,-85.96
49405,43.93,-86.18
49406,42.64,-86.2
49408,42.54,-86.12
49409,43.08,-86.22
49410,44.03,-86.14
49411,44.07,-86.25
49412,43.51,-85.91
49413,43.55,-85.8
49415,43.28,-86.08
49416,42.63,-86.07
49417,43.01,-86.13
49418,42.88,-85.75
49419,42.69,-85.98
49420,43.7,-86.33
49421,43.57,-86.22
49422,42.99,-86.44
49423,42.81,-86.04
49424,42.92,-86.12
49425,43.42,-86.13
49426,42.86,-85.94
49427,42.83,-85.84
49428,42.92,-85.84
49429,42.99,-86.44
49430,43.01,-85.9
49431,44.0,-86.35
49434,42.77,-86.21
49435,43.02,-85.84
49436,43.68,-86.47
49437,43.42,-86.34
49440,43.23,-86.23
49441,43.25,-86.26
49442,43.24,-86.15
49443,43.3,-86.47
49444,43.25,-86.19
49445,43.3,-86.28
49446,43.54,-86.32
49448,43.08,-86.07
49449,43.73,-86.29
49450,42.48,-86.07
49451,43.21,-85.97
49452,43.63,-86.23
49453,42.65,-86.17
49454,43.94,-86.26
49455,43.64,-86.35
49456,43.08,-86.2
49457,43.36,-86.16
49458,43.95,-86.1
49459,43.72,-86.14
49460,42.93,-86.1
49461,43.35,-86.33
49463,43.3,-86.47
49464,42.87,-85.97
49468,43.03,-85.55
49501,42.98,-85.63
49502,43.03,-85.55
49503,42.96,-85.66
49504,42.97,-85.73
49505,43.02,-85.61
49506,42.94,-85.58
49507,42.93,-85.66
49508,42.89,-85.62
49509,42.9,-85.71
49510,43.03,-85.55
49512,42.88,-85.54
49514,43.03,-85.55
49515,43.03,-85.55
49516,43.03,-85.55
49518,43.03,-85.55
49523,43.03,-85.55
49525,43.01,-85.6
49530,43.03,-85.55
49544,43.01,-85.73
49546,42.93,-85.54
49548,42.86,-85.62
49550,43.03,-85.55
49555,43.03,-85.55
49560,43.03,-85.55
49588,43.03,-85.55
49599,43.03,-85.55
49601,44.34,-85.55
49610,44.79,-85.49
49611,44.98,-84.96
49612,44.9,-85.23
49613,44.48,-86.21
49614,44.4,-86.12
49615,45.0,-85.2
49616,44.57,-86.08
49617,44.63,-86.0
49618,44.29,-85.68
49619,44.31,-85.97
49620,44.47,-85.68
49621,44.86,-85.81
49622,45.08,-85.26
49623,43.95,-85.67
49625,44.43,-86.03
49626,44.24,-86.29
49627,45.09,-85.32
49628,44.6,-86.21
49629,44.93,-85.32
49630,44.84,-85.98
49631,43.96,-85.3
49632,44.24,-85.04
49633,44.58,-85.39
49634,44.24,-86.06
49635,44.61,-86.18
49636,44.87,-85.99
49637,44.63,-85.7
49638,44.28,-85.71
49639,43.98,-85.36
49640,44.69,-86.05
49642,43.89,-85.78
49643,44.63,-85.78
49644,44.09,-85.91
49645,44.38,-86.04
49646,44.7,-85.09
49648,45.01,-85.36
49649,44.58,-85.53
49650,44.72,-85.88
49651,44.38,-85.09
49653,44.98,-85.74
49654,44.99,-85.77
49655,44.01,-85.33
49656,44.04,-85.71
49657,44.26,-85.15
49659,44.95,-85.12
49660,44.26,-86.18
49663,44.41,-85.47
49664,44.87,-85.9
49665,43.99,-85.27
49666,44.63,-85.54
49667,44.34,-84.94
49668,44.4,-85.63
49670,45.12,-85.62
49673,44.96,-85.49
49674,45.07,-85.6
49675,44.42,-86.22
49676,44.8,-85.25
49677,43.95,-85.41
49679,43.96,-85.19
49680,44.63,-85.25
49682,44.99,-85.64
49683,44.59,-85.93
49684,44.69,-85.68
49685,44.82,-85.58
49686,44.78,-85.49
49688,44.11,-85.41
49689,44.33,-86.03
49690,44.77,-85.43
49696,44.82,-85.58
49701,45.75,-84.69
49705,45.37,-84.43
49706,45.54,-84.81
49707,45.03,-83.5
49709,45.03,-84.17
49710,46.28,-84.2
49711,45.52,-85.33
49712,45.23,-85.02
49713,45.2,-84.85
49715,46.39,-84.7
49716,45.51,-84.7
49717,45.43,-84.69
49718,45.6,-84.85
49719,46.01,-84.28
49720,45.27,-85.23
49721,45.59,-84.47
49722,45.42,-84.85
49723,45.63,-85.04
49724,46.31,-84.62
49725,46.0,-83.92
49726,46.01,-83.69
49727,45.2,-85.1
49728,46.54,-84.86
49729,45.16,-85.3
49730,45.02,-84.76
49733,44.79,-84.7
49734,45.03,-84.61
49735,45.0,-84.62
49736,46.08,-84.14
49737,45.58,-85.11
49738,44.69,-84.61
49739,44.68,-84.61
49740,45.55,-84.93
49743,45.28,-83.87
49744,45.0,-83.67
49745,46.02,-84.43
49746,45.06,-84.02
49747,44.91,-83.61
49748,46.39,-85.18
49749,45.45,-84.58
49751,44.96,-84.51
49752,46.26,-84.65
49753,45.01,-83.76
49755,45.59,-84.86
49756,44.91,-84.22
49757,45.85,-84.62
49759,45.43,-84.09
49760,46.07,-84.99
49761,45.56,-84.52
49762,46.11,-85.35
49764,45.48,-84.81
49765,45.36,-83.87
49766,45.03,-83.54
49768,46.6,-85.1
49769,45.57,-84.86
49770,45.36,-84.91
49774,46.18,-84.32
49775,45.97,-84.99
49776,45.28,-83.73
49777,45.28,-83.59
49778,46.41,-84.34
49779,45.38,-83.75
49780,46.26,-84.8
49781,46.0,-84.7
49782,45.67,-85.55
49783,46.36,-84.59
49784,46.41,-84.34
49785,46.18,-84.41
49786,46.41,-84.34
49788,46.29,-84.54
49790,46.39,-84.97
49791,45.48,-84.59
49792,45.36,-84.3
49793,46.22,-85.01
49795,45.14,-84.55
49796,45.25,-84.94
49797,44.87,-84.66
49799,45.33,-84.55
49801,46.02,-87.87
49802,45.81,-88.08
49805,47.29,-88.41
49806,46.44,-86.91
49807,45.7,-87.21
49808,46.77,-87.67
49812,45.6,-87.52
49813,45.44,-87.4
49814,46.47,-87.92
49815,46.18,-87.93
49816,46.34,-86.99
49817,45.92,-86.47
49818,45.91,-87.21
49819,46.6,-87.61
49820,46.16,-85.7
49821,45.52,-87.61
49822,46.43,-87.05
49825,46.33,-87.01
49826,46.35,-87.04
49827,46.17,-85.59
49829,45.85,-87.06
49831,46.02,-87.79
49833,46.28,-87.33
49834,45.94,-87.81
49835,45.76,-86.59
49836,46.04,-86.24
49837,45.88,-87.12
49838,46.07,-85.73
49839,46.67,-85.96
49840,46.04,-86.24
49841,46.33,-87.44
49845,45.69,-87.35
49847,45.7,-87.64
49848,45.37,-87.62
49849,46.44,-87.71
49852,45.83,-87.78
49853,46.35,-85.66
49854,46.01,-86.26
49855,46.59,-87.62
49858,45.23,-87.57
49861,46.53,-88.09
49862,46.41,-86.46
49863,45.61,-87.56
49864,45.84,-86.66
49865,46.6,-87.61
49866,46.49,-87.8
49868,46.46,-85.52
49870,45.86,-87.92
49871,46.44,-87.58
49872,45.99,-87.08
49873,45.84,-87.48
49874,45.7,-87.51
49876,45.81,-87.96
49877,46.13,-87.74
49878,45.91,-86.8
49879,46.37,-87.89
49880,46.06,-87.12
49881,46.07,-88.04
49883,46.04,-86.24
49884,46.43,-86.37
49885,46.4,-87.3
49886,45.68,-87.49
49887,45.45,-87.61
49891,46.24,-87.01
49892,45.83,-87.81
49893,45.3,-87.59
49894,45.79,-87.08
49895,46.29,-86.67
49896,45.68,-87.39
49901,47.29,-88.39
49902,46.03,-88.38
49903,46.25,-88.42
49905,47.07,-88.63
49908,46.8,-88.58
49910,46.59,-89.52
49911,46.42,-89.99
49912,46.48,-89.22
49913,47.15,-88.53
49915,46.07,-88.63
49916,47.02,-88.57
49917,47.28,-88.39
49918,47.47,-87.95
49919,46.53,-88.58
49920,46.14,-88.38
49921,47.09,-88.58
49922,47.12,-88.46
49925,46.55,-89.37
49927,46.04,-88.56
49929,46.78,-89.11
49930,47.16,-88.56
49931,47.11,-88.55
49934,47.17,-88.47
49935,46.12,-88.62
49938,46.48,-90.17
49942,47.27,-88.42
49945,47.16,-88.5
49946,46.74,-88.45
49947,46.38,-89.61
49948,46.72,-89.05
49950,47.35,-88.29
49952,46.77,-88.88
49953,46.74,-89.33
49955,47.04,-88.67
49958,46.74,-88.75
49959,46.47,-90.0
49960,46.75,-89.2
49961,46.5,-88.8
49962,46.87,-88.14
49963,47.07,-88.65
49964,46.08,-88.63
49965,46.91,-88.85
49967,46.49,-89.09
49968,46.49,-89.88
49969,46.22,-89.24
49970,46.73,-88.34
49971,46.78,-89.6
50001,41.38,-93.42
50002,41.44,-94.63
50003,41.62,-94.03
50005,42.14,-92.96
50006,42.43,-93.39
50007,41.81,-93.61
50008,40.67,-93.41
50009,41.65,-93.47
50010,42.04,-93.6
50011,42.04,-93.47
50012,42.02,-93.65
50013,42.02,-93.64
50014,42.05,-93.65
50015,41.67,-93.57
50020,41.39,-94.81
50021,41.76,-93.6
50022,41.38,-94.96
50025,41.7,-94.92
50026,41.83,-94.45
50027,41.47,-92.49
50028,41.81,-93.16
50029,41.69,-94.53
50031,42.04,-94.14
50032,41.67,-93.54
50033,41.33,-94.02
50034,42.49,-93.69
50035,41.73,-93.46
50036,42.04,-93.9
50037,42.04,-93.93
50038,41.63,-93.95
50039,41.82,-94.01
50040,42.16,-94.09
50041,42.6,-93.22
50042,41.54,-94.88
50043,42.42,-93.38
50044,41.21,-93.05
50046,41.91,-93.52
50047,41.42,-93.52
50048,41.58,-94.52
50049,41.05,-93.31
50050,42.14,-94.5
50051,42.11,-93.15
50052,40.63,-93.45
50054,41.68,-93.22
50055,41.91,-93.29
50056,42.0,-93.38
50057,41.2,-93.16
50058,41.96,-94.74
50059,42.04,-94.4
50060,40.78,-93.33
50061,41.47,-93.75
50062,41.33,-93.15
50063,41.71,-93.93
50064,42.1,-94.23
50065,40.63,-93.81
50066,41.8,-94.2
50067,40.74,-93.83
50068,41.03,-93.33
50069,41.52,-94.11
50070,41.53,-94.21
50071,42.65,-93.58
50072,41.43,-94.11
50073,41.78,-93.52
50074,40.85,-94.09
50075,42.33,-93.55
50076,41.59,-94.87
50078,41.94,-92.87
50101,42.67,-93.63
50102,42.24,-93.37
50103,40.74,-93.79
50104,41.48,-92.37
50105,42.11,-93.64
50106,41.99,-92.96
50107,42.04,-94.24
50108,40.82,-93.96
50109,41.76,-93.85
50110,41.84,-94.98
50111,41.65,-93.6
50112,41.69,-92.63
50115,41.68,-94.56
50116,41.19,-92.96
50117,41.75,-94.85
50118,41.44,-93.37
50119,41.3,-92.93
50120,41.94,-92.97
50122,42.3,-93.33
50123,40.8,-93.52
50124,41.91,-93.62
50125,41.31,-93.59
50126,42.43,-93.25
50127,41.78,-93.21
50128,41.82,-94.32
50129,42.01,-94.37
50130,42.34,-93.72
50131,41.71,-93.73
50132,42.39,-93.68
50133,40.71,-94.05
50134,41.93,-93.65
50135,41.71,-93.02
50136,41.46,-92.29
50137,41.66,-92.94
50138,41.3,-93.1
50139,41.22,-93.41
50140,40.62,-93.93
50141,41.9,-92.97
50142,42.02,-92.78
50143,41.34,-92.79
50144,40.74,-93.75
50145,41.21,-93.5
50146,41.67,-94.2
50147,40.59,-93.52
50148,42.18,-92.97
50149,41.11,-94.1
50150,41.03,-92.98
50151,41.0,-93.49
50152,41.94,-93.84
50153,41.61,-92.85
50154,42.16,-93.4
50155,41.21,-94.18
50156,41.93,-93.8
50157,41.73,-92.51
50158,42.04,-93.0
50160,41.39,-93.74
50161,41.92,-93.4
50162,42.04,-93.12
50163,41.24,-93.17
50164,41.55,-94.4
50165,40.84,-93.36
50166,41.28,-93.43
50167,41.73,-94.05
50168,41.78,-93.25
50169,41.63,-93.37
50170,41.57,-93.1
50171,41.61,-92.47
50173,41.96,-92.71
50174,41.03,-93.93
50177,41.69,-92.53
50197,41.33,-93.1
50198,41.33,-93.1
50201,42.0,-93.5
50206,42.27,-93.26
50207,41.39,-92.63
50208,41.72,-93.01
50210,41.32,-93.67
50211,41.44,-93.67
50212,42.04,-94.05
50213,41.03,-93.78
50214,41.43,-93.03
50216,41.65,-94.43
50217,42.17,-94.28
50218,41.35,-93.88
50219,41.34,-93.09
50220,41.79,-94.06
50222,41.22,-93.96
50223,42.06,-94.04
50225,41.35,-93.23
50226,41.76,-93.7
50227,42.64,-93.45
50228,41.59,-93.23
50229,41.37,-93.7
50230,42.31,-93.35
50231,42.24,-93.63
50232,41.56,-92.98
50233,41.62,-94.21
50234,41.91,-93.15
50235,41.93,-94.22
50236,42.16,-93.5
50237,41.56,-93.4
50238,40.98,-93.2
50239,42.14,-93.17
50240,41.29,-93.86
50241,41.31,-93.74
50242,41.57,-92.65
50243,41.86,-93.7
50244,41.89,-93.66
50246,42.3,-93.78
50247,42.03,-93.14
50248,42.16,-93.61
50249,42.3,-93.72
50250,41.57,-94.34
50251,41.58,-92.92
50252,41.46,-93.22
50254,40.98,-94.1
50255,41.34,-92.18
50256,41.26,-92.94
50257,41.21,-93.86
50258,42.25,-93.09
50259,42.38,-93.25
50261,41.66,-93.94
50262,40.74,-93.79
50263,41.6,-93.88
50264,40.89,-93.76
50265,41.57,-93.72
50266,41.65,-93.75
50268,41.4,-92.33
50269,42.27,-93.02
50271,42.48,-93.55
50272,41.03,-93.33
50273,41.35,-94.04
50274,41.37,-94.9
50275,41.03,-93.61
50276,41.78,-93.96
50277,41.78,-94.36
50278,42.15,-93.3
50301,41.67,-93.57
50302,41.67,-93.57
50303,41.67,-93.57
50304,41.67,-93.57
50305,41.67,-93.57
50306,41.67,-93.57
50307,41.67,-93.57
50308,41.67,-93.57
50309,41.58,-93.62
50310,41.62,-93.68
50311,41.64,-93.72
50312,41.58,-93.69
50313,41.64,-93.62
50314,41.6,-93.61
50315,41.55,-93.62
50316,41.61,-93.6
50317,41.61,-93.53
50318,41.67,-93.57
50319,41.59,-93.6
50320,41.54,-93.58
50321,41.55,-93.66
50322,41.63,-93.75
50323,41.63,-93.77
50325,41.61,-93.74
50327,41.59,-93.49
50328,41.67,-93.57
50329,41.67,-93.57
50330,41.67,-93.57
50331,41.67,-93.57
50332,41.67,-93.57
50333,41.67,-93.57
50334,41.67,-93.57
50335,41.67,-93.57
50336,41.67,-93.57
50338,41.67,-93.57
50339,41.67,-93.57
50340,41.67,-93.57
50347,41.67,-93.57
50350,41.67,-93.57
50359,41.67,-93.57
50360,41.67,-93.57
50361,41.67,-93.57
50362,41.67,-93.57
50363,41.67,-93.57
50364,41.67,-93.57
50367,41.67,-93.57
50368,41.67,-93.57
50369,41.67,-93.57
50380,41.67,-93.57
50381,41.67,-93.57
50391,41.67,-93.57
50392,41.59,-93.63
50393,41.67,-93.57
50394,41.67,-93.57
50395,41.67,-93.57
50396,41.67,-93.57
50397,41.67,-93.57
50398,41.59,-93.79
50401,43.12,-93.27
50402,43.08,-93.26
50420,42.82,-93.43
50421,42.78,-93.71
50423,43.08,-93.73
50424,43.38,-93.8
50426,43.41,-93.0
50427,42.83,-93.22
50428,43.1,-93.26
50430,42.98,-93.87
50431,42.74,-93.37
50432,43.22,-93.8
50433,43.05,-93.26
50434,43.3,-93.28
50435,43.14,-92.78
50436,43.3,-93.68
50438,43.09,-93.73
50439,43.07,-93.68
50440,43.32,-93.2
50441,42.73,-93.23
50444,43.32,-93.38
50446,43.35,-93.38
50447,43.07,-93.73
50448,43.36,-93.24
50449,42.99,-93.57
50450,43.41,-93.57
50451,43.37,-94.1
50452,42.78,-93.39
50453,43.34,-93.69
50454,43.39,-92.74
50455,43.46,-92.63
50456,43.34,-93.27
50457,43.06,-93.29
50458,43.15,-92.97
50459,43.43,-93.26
50460,43.23,-92.69
50461,43.32,-92.79
50464,43.23,-93.08
50465,43.46,-93.87
50466,43.38,-92.48
50467,43.21,-93.09
50468,43.02,-92.91
50469,43.0,-93.18
50470,42.72,-93.56
50471,43.13,-92.89
50472,43.41,-92.81
50473,43.46,-93.67
50475,42.73,-93.26
50476,43.44,-92.85
50477,42.98,-93.36
50478,43.41,-93.75
50479,43.08,-93.31
50480,43.25,-94.06
50481,43.36,-92.79
50482,43.11,-93.47
50483,43.1,-94.03
50484,43.2,-93.88
50501,42.44,-94.17
50510,42.74,-95.15
50511,43.11,-94.17
50514,43.41,-94.53
50515,43.02,-94.86
50516,42.6,-94.15
50517,43.31,-94.25
50518,42.55,-94.37
50519,42.86,-94.3
50520,42.8,-94.36
50521,42.35,-94.12
50522,43.18,-94.18
50523,42.35,-94.28
50524,42.51,-94.21
50525,42.7,-93.75
50526,42.73,-93.74
50527,42.97,-94.77
50528,43.12,-94.53
50529,42.74,-94.24
50530,42.28,-94.11
50531,43.45,-94.61
50532,42.46,-94.02
50533,42.65,-93.88
50535,42.46,-95.17
50536,43.12,-94.69
50538,42.28,-94.47
50539,43.24,-94.38
50540,42.65,-94.8
50541,42.72,-94.39
50542,42.79,-93.91
50543,42.33,-94.25
50544,42.26,-94.16
50545,42.8,-94.08
50546,42.84,-94.72
50548,42.78,-94.21
50551,42.49,-94.76
50552,42.42,-94.46
50554,42.82,-94.84
50556,43.44,-94.19
50557,42.39,-94.05
50558,42.84,-94.16
50559,43.22,-94.31
50560,42.98,-94.12
50561,42.42,-94.82
50562,42.97,-94.64
50563,42.5,-94.58
50565,42.86,-95.0
50566,42.44,-94.32
50567,42.51,-95.1
50568,42.71,-95.0
50569,42.44,-94.22
50570,42.84,-94.37
50571,42.65,-94.56
50573,42.86,-94.62
50574,42.73,-94.65
50575,42.52,-94.68
50576,42.83,-95.14
50577,42.84,-94.13
50578,43.31,-94.56
50579,42.39,-94.63
50581,42.74,-94.64
50582,42.79,-94.31
50583,42.44,-94.99
50585,42.76,-95.1
50586,42.39,-94.45
50588,42.69,-95.15
50590,43.28,-94.3
50591,42.78,-94.06
50592,42.73,-95.19
50593,42.66,-94.9
50594,42.58,-94.03
50595,42.43,-93.83
50597,43.0,-94.5
50598,43.08,-94.39
50599,42.6,-93.79
50601,42.41,-93.09
50602,42.7,-92.8
50603,43.14,-92.42
50604,42.66,-92.9
50605,42.8,-92.99
50606,42.75,-91.7
50607,42.57,-91.75
50608,42.58,-92.96
50609,42.26,-92.81
50611,42.81,-92.88
50612,42.27,-92.39
50613,42.52,-92.44
50614,42.47,-92.31
50616,43.06,-92.79
50619,42.79,-92.65
50620,43.11,-92.74
50621,42.26,-92.91
50622,42.69,-92.39
50623,42.53,-92.22
50624,42.38,-92.71
50625,42.75,-92.91
50626,42.56,-92.18
50627,42.34,-93.14
50628,43.3,-92.39
50629,42.58,-91.98
50630,43.05,-92.21
50631,42.88,-92.31
50632,42.1,-92.67
50633,42.67,-93.11
50634,42.42,-92.22
50635,42.19,-92.53
50636,42.83,-92.85
50638,42.37,-92.81
50641,42.57,-91.92
50642,42.45,-92.82
50643,42.38,-92.42
50644,42.51,-91.81
50645,43.05,-92.45
50647,42.67,-92.47
50648,42.48,-91.91
50649,42.66,-92.91
50650,42.59,-91.72
50651,42.37,-92.21
50652,42.26,-92.69
50653,43.06,-92.88
50654,42.46,-91.56
50655,42.88,-91.92
50657,42.34,-92.67
50658,42.99,-92.48
50659,43.07,-92.34
50660,42.6,-92.62
50661,43.12,-92.41
50662,42.69,-91.85
50664,42.86,-91.84
50665,42.66,-92.82
50666,42.84,-92.47
50667,42.47,-92.22
50668,42.69,-92.22
50669,42.33,-92.71
50670,42.67,-92.63
50671,42.61,-91.8
50672,42.41,-93.08
50673,42.53,-92.7
50674,42.79,-92.31
50675,42.17,-92.53
50676,42.79,-92.28
50677,42.77,-92.4
50680,42.45,-92.93
50681,42.78,-92.01
50682,42.43,-91.83
50701,42.44,-92.34
50702,42.46,-92.31
50703,42.55,-92.26
50704,42.47,-92.31
50706,42.42,-92.27
50707,42.48,-92.28
50799,42.47,-92.31
50801,41.05,-94.35
50830,41.03,-94.2
50831,40.93,-94.22
50833,40.69,-94.69
50835,40.74,-94.24
50836,40.62,-94.55
50837,41.26,-94.67
50839,41.05,-94.82
50840,40.78,-94.61
50841,41.03,-94.75
50842,41.04,-94.46
50843,41.26,-94.95
50845,40.73,-94.29
50846,41.3,-94.55
50847,41.14,-94.98
50848,40.77,-94.74
50849,41.3,-94.46
50851,40.84,-94.59
50853,41.23,-94.78
50854,40.72,-94.23
50857,40.98,-94.87
50858,41.22,-94.42
50859,41.06,-94.59
50860,40.6,-94.39
50861,40.93,-94.24
50862,40.81,-94.66
50863,40.85,-94.19
50864,41.03,-95.05
50936,41.67,-93.57
50940,41.67,-93.57
50947,41.67,-93.57
50950,41.67,-93.57
50980,41.67,-93.57
50981,41.67,-93.57
51001,42.82,-96.46
51002,42.74,-95.15
51003,43.04,-95.97
51004,42.34,-95.96
51005,42.72,-95.53
51006,42.36,-95.55
51007,42.42,-96.17
51008,42.81,-96.26
51009,42.96,-95.57
51010,42.08,-95.9
51011,42.93,-96.49
51012,42.72,-95.57
51014,42.78,-95.7
51015,42.35,-96.09
51016,42.39,-95.97
51017,42.9,-96.31
51018,42.36,-96.02
51019,42.34,-96.02
51020,42.49,-95.43
51022,42.97,-96.09
51023,43.02,-96.26
51024,42.63,-96.3
51025,42.44,-95.53
51026,42.3,-96.09
51027,43.04,-96.3
51028,42.62,-96.08
51029,42.87,-95.57
51030,42.48,-96.03
51031,42.75,-96.26
51033,42.87,-95.27
51034,42.14,-95.91
51035,42.76,-95.79
51036,42.98,-96.31
51037,42.82,-95.64
51038,42.76,-96.35
51039,42.44,-96.07
51040,42.02,-96.13
51041,43.03,-96.08
51044,42.3,-95.97
51045,42.82,-96.06
51046,42.98,-95.69
51047,43.0,-95.3
51048,42.39,-96.02
51049,42.7,-95.7
51050,42.79,-96.21
51051,42.2,-95.98
51052,42.4,-96.11
51053,42.48,-95.27
51054,42.39,-96.34
51055,42.35,-96.05
51056,42.35,-96.04
51058,43.0,-95.49
51059,42.03,-95.97
51060,42.03,-95.72
51061,42.69,-95.63
51062,42.7,-96.51
51063,42.15,-96.18
51101,42.49,-96.4
51102,42.37,-96.32
51103,42.52,-96.44
51104,42.47,-96.11
51105,42.48,-96.4
51106,42.47,-96.34
51108,42.53,-96.35
51109,42.53,-96.45
51111,42.42,-96.38
51201,43.17,-95.79
51230,43.35,-96.31
51231,43.1,-95.74
51232,43.31,-95.77
51234,43.19,-96.01
51235,43.3,-96.24
51237,43.35,-95.99
51238,43.08,-95.94
51239,43.19,-96.18
51240,43.34,-96.29
51241,43.42,-96.46
51242,43.44,-96.34
51243,43.39,-96.08
51244,43.21,-95.92
51245,43.08,-95.63
51246,43.42,-96.15
51247,43.08,-96.2
51248,43.17,-95.64
51249,43.38,-95.62
51250,43.08,-96.27
51301,43.13,-95.18
51330,43.42,-95.64
51331,43.38,-95.24
51333,43.14,-94.98
51334,43.38,-94.74
51338,43.18,-95.31
51340,43.08,-95.15
51341,43.02,-95.04
51342,43.2,-94.74
51343,43.11,-95.14
51344,43.39,-94.7
51345,43.4,-95.44
51346,43.15,-95.51
51347,43.4,-95.28
51349,43.38,-95.62
51350,43.32,-95.61
51351,43.37,-95.21
51354,43.38,-95.63
51355,43.43,-95.08
51357,43.04,-95.2
51358,43.13,-94.86
51360,43.41,-95.12
51363,43.43,-94.95
51364,43.35,-95.12
51365,43.32,-94.8
51366,42.97,-95.01
51401,42.04,-94.83
51430,42.09,-95.02
51431,42.34,-95.37
51432,41.91,-95.14
51433,42.34,-95.08
51436,42.16,-94.99
51439,42.09,-95.37
51440,41.96,-94.83
51441,42.12,-95.3
51442,42.04,-95.38
51443,42.05,-94.8
51444,42.01,-94.99
51445,42.33,-95.48
51446,41.68,-95.33
51447,41.72,-95.19
51448,42.05,-95.29
51449,42.3,-94.72
51450,42.31,-95.03
51451,42.18,-94.69
51452,42.13,-94.78
51453,42.28,-94.54
51454,41.97,-95.22
51455,42.02,-94.86
51458,42.32,-95.1
51459,42.04,-94.63
51460,42.13,-95.57
51461,42.14,-95.39
51462,42.03,-94.54
51463,41.91,-94.9
51465,42.04,-95.26
51466,42.27,-95.12
51467,42.08,-95.26
51501,41.23,-95.88
51502,41.33,-95.59
51503,41.29,-95.71
51510,41.29,-95.92
51520,41.98,-95.45
51521,41.43,-95.34
51523,41.92,-96.05
51525,41.22,-95.41
51526,41.36,-95.89
51527,41.81,-95.35
51528,41.95,-95.47
51529,41.78,-95.72
51530,41.79,-95.44
51531,41.56,-95.13
51532,41.12,-95.11
51533,41.02,-95.42
51534,41.03,-95.72
51535,41.24,-95.04
51536,41.39,-95.37
51537,41.67,-95.29
51540,41.01,-95.5
51541,41.13,-95.45
51542,41.44,-95.83
51543,41.66,-95.04
51544,41.25,-95.1
51545,41.79,-96.01
51546,41.66,-95.79
51548,41.38,-95.6
51549,41.33,-95.51
51550,41.69,-95.89
51551,41.01,-95.59
51552,41.45,-95.1
51553,41.4,-95.55
51554,41.14,-95.7
51555,41.61,-95.91
51556,41.64,-96.01
51557,41.74,-96.0
51558,41.94,-95.85
51559,41.39,-95.58
51560,41.32,-95.42
51561,41.01,-95.81
51562,41.7,-95.49
51563,41.63,-95.79
51564,41.81,-95.9
51565,41.71,-95.45
51566,41.03,-95.19
51570,41.48,-95.37
51571,41.11,-95.6
51572,41.99,-95.78
51573,40.98,-95.12
51574,41.6,-95.44
51575,41.23,-95.61
51576,41.38,-95.72
51577,41.42,-95.3
51578,41.72,-95.4
51579,41.75,-95.72
51591,41.03,-95.16
51593,41.33,-95.59
51601,40.72,-95.16
51602,40.74,-95.15
51603,40.74,-95.15
51630,40.62,-95.15
51631,40.6,-95.02
51632,40.74,-95.11
51636,40.65,-95.2
51637,40.63,-95.12
51638,40.77,-95.26
51639,40.72,-95.48
51640,40.74,-95.58
51645,40.86,-95.43
51646,40.72,-94.84
51647,40.61,-95.32
51648,40.74,-95.76
51649,40.85,-95.54
51650,40.66,-95.58
51651,40.66,-95.02
51652,40.77,-95.63
51653,40.82,-95.69
51654,40.79,-95.76
51656,40.74,-95.16
52001,42.46,-90.88
52002,42.53,-90.77
52003,42.44,-90.72
52004,42.48,-90.8
52030,42.16,-90.61
52031,42.21,-90.49
52032,42.34,-90.86
52033,42.36,-90.9
52035,42.56,-91.35
52036,42.48,-91.31
52037,41.96,-90.64
52038,42.56,-91.48
52039,42.53,-90.85
52040,42.42,-91.04
52041,42.52,-91.3
52042,42.76,-91.34
52043,42.84,-91.41
52044,42.76,-91.32
52045,42.46,-90.93
52046,42.45,-91.03
52047,42.98,-91.35
52048,42.74,-91.25
52049,42.81,-91.26
52050,42.55,-91.33
52052,42.85,-91.25
52053,42.54,-90.91
52054,42.28,-90.6
52055,42.86,-91.25
52056,42.58,-91.06
52057,42.49,-91.4
52060,42.2,-90.61
52064,42.12,-90.33
52065,42.55,-90.99
52066,42.67,-90.99
52068,42.43,-90.81
52069,42.08,-90.43
52070,42.09,-90.36
52071,42.32,-90.49
52072,42.88,-91.39
52073,42.59,-90.81
52074,42.1,-90.48
52075,42.16,-90.5
52076,42.72,-91.49
52077,42.84,-91.5
52078,42.39,-91.09
52079,42.34,-90.71
52099,42.48,-90.8
52101,43.29,-91.79
52132,43.17,-91.87
52133,43.14,-91.66
52134,43.46,-92.41
52135,42.94,-91.67
52136,43.36,-92.19
52140,43.43,-91.51
52141,42.94,-91.7
52142,42.89,-91.81
52144,43.27,-91.92
52146,43.29,-91.21
52147,42.94,-91.93
52149,43.46,-91.69
52151,43.35,-91.28
52154,43.11,-92.17
52155,43.41,-92.28
52156,43.02,-91.48
52157,42.92,-91.3
52158,43.04,-91.19
52159,43.03,-91.39
52160,43.46,-91.35
52161,43.14,-91.76
52162,43.18,-91.51
52163,43.22,-92.09
52164,42.85,-91.9
52165,43.25,-91.88
52166,43.06,-91.92
52168,43.2,-91.94
52169,42.84,-91.67
52170,43.22,-91.31
52171,42.93,-91.98
52172,43.29,-91.45
52175,42.94,-91.83
52201,41.35,-91.58
52202,42.16,-91.65
52203,41.81,-91.91
52204,41.69,-92.06
52205,42.1,-91.24
52206,42.06,-92.06
52207,42.12,-90.82
52208,41.92,-92.24
52209,41.91,-92.11
52210,42.35,-92.0
52211,41.76,-92.44
52212,42.12,-91.03
52213,42.2,-91.74
52214,42.19,-91.52
52215,42.04,-92.4
52216,41.86,-91.02
52217,42.08,-92.42
52218,42.25,-91.53
52219,42.23,-91.4
52220,41.74,-92.01
52221,41.64,-92.35
52222,41.59,-92.37
52223,42.41,-91.31
52224,42.2,-92.36
52225,41.99,-92.36
52226,41.99,-90.74
52227,41.91,-91.58
52228,41.91,-91.76
52229,42.14,-92.16
52231,41.36,-92.06
52232,41.81,-92.34
52233,42.05,-91.69
52235,41.56,-91.53
52236,41.73,-91.88
52237,42.37,-91.28
52240,41.65,-91.54
52241,41.7,-91.63
52242,41.73,-91.56
52243,41.64,-91.6
52244,41.57,-91.66
52245,41.67,-91.52
52246,41.6,-91.59
52247,41.46,-91.7
52248,41.36,-92.0
52249,42.01,-92.07
52251,41.71,-92.19
52252,42.19,-91.23
52253,41.91,-91.39
52254,41.88,-90.54
52255,41.86,-90.97
52257,42.0,-92.16
52301,41.77,-92.09
52302,42.06,-91.57
52305,42.02,-91.32
52306,41.87,-91.27
52307,41.8,-91.9
52308,41.58,-92.17
52309,42.14,-90.86
52310,42.14,-91.16
52312,42.05,-91.18
52313,42.25,-92.1
52314,41.94,-91.45
52315,42.01,-91.97
52316,41.56,-92.07
52317,41.76,-91.6
52318,41.91,-91.9
52319,41.64,-91.6
52320,42.08,-91.12
52321,42.11,-91.02
52322,41.7,-91.73
52323,42.03,-91.01
52324,42.05,-91.79
52325,41.58,-91.94
52326,42.47,-91.71
52327,41.4,-91.58
52328,42.07,-91.67
52329,42.47,-91.77
52330,42.37,-91.45
52332,42.1,-91.91
52333,41.79,-91.51
52334,41.72,-91.94
52335,41.45,-92.07
52336,42.06,-91.47
52337,41.89,-91.15
52338,41.83,-91.72
52339,41.93,-92.59
52340,41.7,-91.68
52341,42.11,-91.73
52342,42.07,-92.55
52344,42.08,-91.6
52345,42.24,-91.89
52346,42.01,-92.07
52347,41.71,-92.25
52348,41.98,-92.38
52349,42.09,-91.99
52350,42.09,-91.39
52351,41.88,-91.84
52352,42.26,-91.73
52353,41.32,-91.75
52354,41.92,-91.98
52355,41.45,-92.17
52356,41.45,-91.84
52358,41.73,-91.25
52359,41.39,-91.74
52361,41.65,-92.07
52362,42.07,-91.08
52401,41.98,-91.66
52402,42.02,-91.68
52403,41.97,-91.58
52404,41.92,-91.7
52405,41.99,-91.75
52406,42.29,-91.78
52407,42.08,-91.6
52408,42.08,-91.6
52409,42.08,-91.6
52410,42.08,-91.6
52411,42.05,-91.73
52497,42.08,-91.6
52498,42.08,-91.6
52499,42.08,-91.6
52501,41.03,-92.41
52530,40.98,-92.43
52531,41.0,-92.84
52533,41.01,-92.08
52534,41.3,-92.6
52535,40.83,-91.95
52536,40.98,-92.57
52537,40.75,-92.41
52538,40.75,-92.41
52540,41.21,-91.85
52542,40.64,-92.07
52543,41.22,-92.51
52544,40.69,-92.88
52548,41.06,-92.55
52549,40.63,-92.95
52550,41.28,-92.35
52551,40.84,-92.09
52552,40.82,-92.5
52553,41.11,-92.57
52554,41.03,-92.41
52555,40.63,-92.88
52556,41.03,-91.96
52557,41.02,-91.97
52560,40.84,-92.28
52561,41.23,-92.47
52562,41.34,-92.18
52563,41.21,-92.3
52565,40.7,-91.85
52566,41.14,-92.5
52567,40.95,-92.08
52568,41.19,-92.27
52569,41.03,-93.04
52570,40.67,-92.16
52571,40.87,-92.74
52572,40.74,-92.81
52573,40.75,-91.95
52574,40.78,-92.98
52576,41.22,-92.12
52577,41.28,-92.66
52580,41.12,-92.09
52581,40.82,-92.98
52583,40.79,-93.14
52584,40.65,-92.27
52585,41.21,-92.13
52586,41.39,-92.56
52588,40.75,-91.95
52590,40.71,-93.13
52591,41.31,-92.16
52593,40.8,-92.71
52594,40.81,-92.7
52595,41.29,-92.62
52601,40.9,-91.16
52619,40.55,-91.59
52620,40.67,-91.77
52621,41.21,-91.55
52623,40.87,-91.31
52624,40.74,-91.32
52625,40.63,-91.56
52626,40.64,-91.74
52627,40.6,-91.43
52630,40.85,-91.67
52631,40.77,-91.61
52632,40.58,-91.47
52635,40.99,-91.79
52637,41.01,-91.13
52638,40.85,-91.27
52639,40.54,-91.47
52640,41.14,-91.29
52641,40.99,-91.57
52642,40.98,-91.69
52644,41.01,-91.44
52645,40.91,-91.53
52646,41.12,-91.07
52647,41.15,-91.54
52648,40.59,-91.42
52649,40.86,-91.61
52650,40.92,-91.21
52651,40.87,-91.89
52652,41.1,-91.55
52653,41.2,-91.21
52654,41.03,-91.56
52655,40.85,-91.23
52656,40.61,-91.46
52657,40.76,-91.48
52658,40.71,-91.24
52659,41.08,-91.54
52660,40.98,-91.3
52701,41.96,-90.22
52720,41.48,-91.16
52721,41.75,-90.96
52722,41.57,-90.53
52726,41.61,-90.66
52727,41.95,-90.33
52728,41.47,-90.74
52729,41.83,-90.74
52730,41.81,-90.32
52731,41.97,-90.56
52732,41.9,-90.3
52733,41.88,-90.52
52736,41.88,-90.52
52737,41.26,-91.37
52738,41.29,-91.3
52739,41.4,-91.34
52742,41.84,-90.56
52745,41.71,-90.76
52746,41.72,-90.65
52747,41.77,-91.13
52748,41.6,-90.56
52749,41.35,-91.12
52750,41.94,-90.38
52751,41.85,-90.67
52752,41.26,-91.2
52753,41.57,-90.54
52754,41.3,-91.25
52755,41.51,-91.44
52756,41.73,-90.54
52757,41.81,-90.37
52758,41.74,-90.45
52759,41.46,-90.81
52760,41.55,-91.06
52761,41.46,-91.05
52765,41.71,-90.85
52766,41.49,-91.2
52767,41.57,-90.42
52768,41.7,-90.39
52769,41.54,-90.86
52771,42.0,-90.22
52772,41.77,-91.13
52773,41.61,-90.75
52774,41.92,-90.6
52776,41.53,-91.19
52777,41.87,-90.68
52778,41.56,-90.96
52801,41.53,-90.57
52802,41.5,-90.62
52803,41.54,-90.56
52804,41.56,-90.6
52805,41.61,-90.61
52806,41.55,-90.63
52807,41.57,-90.56
52808,41.61,-90.61
52809,41.61,-90.61
53001,43.66,-87.97
53002,43.38,-88.26
53003,43.22,-88.53
53004,43.5,-87.92
53005,43.06,-88.11
53006,43.6,-88.52
53007,43.11,-88.07
53008,43.02,-88.3
53010,43.68,-88.35
53011,43.73,-88.05
53012,43.32,-88.0
53013,43.59,-87.86
53014,44.02,-88.19
53015,43.94,-87.8
53016,43.32,-88.72
53017,43.21,-88.24
53018,43.02,-88.39
53019,43.67,-88.5
53020,43.83,-87.99
53021,43.48,-87.96
53022,43.24,-88.12
53023,43.77,-88.04
53024,43.3,-87.94
53026,43.72,-87.62
53027,43.36,-88.32
53029,43.12,-88.34
53031,43.64,-87.92
53032,43.42,-88.62
53033,43.37,-88.25
53034,43.33,-88.6
53035,43.36,-88.58
53036,43.15,-88.59
53037,43.32,-88.15
53038,43.09,-88.74
53039,43.37,-88.71
53040,43.5,-88.21
53042,43.96,-87.96
53044,43.75,-87.78
53045,43.06,-88.16
53046,43.15,-88.16
53047,43.26,-88.63
53048,43.52,-88.48
53049,43.88,-88.29
53050,43.48,-88.55
53051,43.12,-88.23
53052,43.02,-88.3
53056,43.15,-88.31
53057,43.71,-88.44
53058,43.11,-88.4
53059,43.29,-88.53
53060,43.43,-88.06
53061,43.95,-88.1
53062,44.07,-88.22
53063,43.96,-87.79
53064,43.02,-88.3
53065,43.69,-88.68
53066,43.09,-88.46
53069,43.12,-88.44
53070,43.62,-87.81
53072,43.08,-88.26
53073,43.77,-87.98
53074,43.39,-87.88
53075,43.58,-88.0
53076,43.27,-88.21
53078,43.3,-88.5
53079,43.8,-88.2
53080,43.43,-87.95
53081,43.72,-87.86
53082,43.72,-87.62
53083,43.78,-87.86
53085,43.73,-87.85
53086,43.33,-88.26
53088,44.08,-88.31
53089,43.15,-88.25
53090,43.44,-88.2
53091,43.48,-88.45
53092,43.24,-87.98
53093,43.66,-87.93
53094,43.13,-88.74
53095,43.42,-88.2
53097,43.25,-87.98
53098,43.28,-88.72
53099,43.41,-88.7
53101,42.58,-87.66
53102,42.5,-88.08
53103,42.88,-88.21
53104,42.55,-88.03
53105,42.69,-88.23
53108,42.8,-87.93
53109,42.54,-88.14
53110,42.95,-87.87
53114,42.66,-88.66
53115,42.64,-88.65
53118,42.95,-88.44
53119,42.93,-88.47
53120,42.76,-88.51
53121,42.67,-88.56
53122,43.05,-88.09
53125,42.55,-88.46
53126,42.79,-88.0
53127,42.96,-88.37
53128,42.55,-88.44
53129,42.94,-88.0
53130,42.94,-88.05
53132,42.89,-88.01
53137,43.01,-88.67
53138,42.67,-88.54
53139,42.72,-88.12
53140,42.62,-87.83
53141,42.58,-87.66
53142,42.56,-87.93
53143,42.54,-87.82
53144,42.62,-87.95
53146,42.97,-88.18
53147,42.62,-88.52
53148,42.65,-88.36
53149,42.98,-88.33
53150,42.89,-88.13
53151,42.97,-88.13
53152,42.57,-88.23
53153,42.94,-88.4
53154,42.89,-87.89
53156,42.89,-88.6
53157,42.54,-88.36
53158,42.53,-87.89
53159,42.56,-88.3
53167,42.75,-88.24
53168,42.57,-88.14
53170,42.55,-88.16
53171,42.64,-87.9
53172,42.91,-87.95
53176,42.64,-88.42
53177,42.71,-87.93
53178,43.02,-88.6
53179,42.52,-88.14
53181,42.52,-88.24
53182,42.74,-88.08
53183,43.0,-88.38
53184,42.56,-88.6
53185,42.76,-88.2
53186,42.99,-88.22
53187,43.02,-88.3
53188,42.99,-88.24
53189,42.95,-88.3
53190,42.78,-88.59
53191,42.69,-88.64
53192,42.51,-88.19
53194,42.58,-87.66
53195,42.51,-88.48
53201,43.01,-87.96
53202,43.04,-87.89
53203,43.04,-87.92
53204,43.02,-87.93
53205,43.05,-87.93
53206,43.07,-87.93
53207,42.98,-87.89
53208,43.05,-87.96
53209,43.14,-87.94
53210,43.07,-87.97
53211,43.08,-87.89
53212,43.07,-87.91
53213,43.08,-88.0
53214,43.02,-88.02
53215,43.01,-87.94
53216,43.09,-87.98
53217,43.13,-87.93
53218,43.12,-87.99
53219,43.0,-87.99
53220,42.96,-87.99
53221,42.95,-87.99
53222,43.08,-88.04
53223,43.16,-87.98
53224,43.16,-88.02
53225,43.12,-88.04
53226,43.05,-88.04
53227,43.0,-88.03
53228,42.97,-88.04
53233,43.04,-87.93
53234,43.02,-87.57
53235,42.97,-87.87
53237,43.02,-87.57
53259,43.04,-87.91
53263,43.07,-88.06
53267,43.04,-87.91
53268,43.04,-87.91
53270,43.04,-87.9
53274,43.02,-87.57
53277,43.04,-87.9
53278,43.04,-87.9
53280,43.04,-87.96
53281,43.04,-87.96
53284,43.02,-87.57
53285,43.02,-87.57
53288,43.04,-87.91
53290,43.04,-87.91
53293,43.04,-87.92
53295,43.02,-87.57
53401,42.73,-87.68
53402,42.76,-87.82
53403,42.7,-87.84
53404,42.76,-87.81
53405,42.73,-87.82
53406,42.73,-87.87
53407,42.73,-87.78
53408,42.73,-87.68
53490,42.73,-87.68
53501,42.61,-89.07
53502,42.71,-89.45
53503,43.12,-89.95
53504,42.69,-89.92
53505,42.66,-88.83
53506,43.14,-90.28
53507,43.01,-89.9
53508,42.9,-89.59
53510,42.69,-90.26
53511,42.56,-89.09
53512,42.67,-89.07
53515,43.11,-89.62
53516,42.69,-90.1
53517,43.04,-89.8
53518,42.97,-90.57
53520,42.61,-89.58
53521,42.72,-89.58
53522,42.56,-89.78
53523,42.99,-89.08
53525,42.56,-88.86
53526,42.96,-90.37
53527,43.07,-89.2
53528,43.11,-89.7
53529,43.24,-89.52
53530,42.69,-90.13
53531,43.06,-89.09
53532,43.15,-89.26
53533,43.01,-90.19
53534,42.8,-89.1
53535,43.01,-90.13
53536,42.77,-89.25
53537,42.67,-89.21
53538,42.93,-88.84
53540,43.23,-90.26
53541,42.58,-90.03
53542,42.63,-89.16
53543,42.99,-90.13
53544,42.87,-89.92
53545,42.71,-89.11
53546,42.66,-88.95
53547,42.73,-89.03
53549,42.99,-88.76
53550,42.56,-89.51
53551,43.08,-88.91
53553,42.96,-90.32
53554,42.9,-90.51
53555,43.34,-89.56
53556,43.24,-90.27
53557,43.34,-88.79
53558,43.01,-89.36
53559,43.17,-89.09
53560,43.19,-89.73
53561,43.36,-89.66
53562,43.11,-89.53
53563,42.74,-89.04
53565,42.99,-90.15
53566,42.61,-89.66
53569,43.03,-90.49
53570,42.74,-89.62
53571,43.28,-89.36
53572,42.97,-89.51
53573,43.12,-90.49
53574,42.82,-89.65
53575,42.93,-89.39
53576,42.61,-89.23
53577,43.29,-90.02
53578,43.36,-89.81
53579,43.29,-88.89
53580,42.86,-90.38
53581,43.37,-90.43
53582,43.02,-89.99
53583,43.25,-89.9
53584,43.28,-90.29
53585,42.61,-88.62
53586,42.61,-90.11
53587,42.58,-89.93
53588,43.23,-90.04
53589,42.93,-89.17
53590,43.2,-89.21
53591,43.07,-89.42
53593,43.0,-89.57
53594,43.13,-88.95
53595,42.98,-90.14
53596,43.19,-89.26
53597,43.18,-89.32
53598,43.21,-89.34
53599,42.65,-89.86
53701,43.07,-89.42
53702,43.07,-89.42
53703,43.05,-89.35
53704,43.1,-89.32
53705,43.07,-89.46
53706,43.08,-89.41
53707,43.07,-89.42
53708,43.07,-89.42
53709,43.07,-89.42
53710,43.07,-89.42
53711,43.02,-89.42
53713,43.04,-89.4
53714,43.12,-89.31
53715,43.06,-89.39
53716,43.06,-89.31
53717,43.02,-89.66
53718,43.11,-89.25
53719,43.03,-89.49
53725,43.07,-89.42
53726,43.07,-89.42
53744,43.07,-89.42
53777,43.07,-89.42
53778,43.07,-89.42
53779,43.1,-89.32
53780,43.07,-89.42
53782,43.07,-89.42
53783,43.16,-89.29
53784,43.05,-89.34
53785,43.07,-89.42
53786,43.07,-89.42
53787,43.07,-89.42
53788,43.08,-89.38
53789,43.07,-89.42
53790,43.07,-89.42
53791,43.07,-89.42
53792,43.07,-89.42
53793,43.07,-89.42
53794,43.07,-89.42
53801,42.8,-90.82
53802,42.87,-90.94
53803,42.55,-90.35
53804,42.84,-90.91
53805,42.9,-90.78
53806,42.78,-90.95
53807,42.75,-90.7
53808,42.64,-90.58
53809,42.81,-90.68
53810,42.82,-90.98
53811,42.54,-90.54
53812,42.86,-90.79
53813,42.86,-90.68
53816,42.98,-90.85
53817,42.94,-90.96
53818,42.8,-90.64
53820,42.69,-90.73
53821,43.08,-91.07
53824,42.86,-90.79
53825,42.93,-90.58
53826,43.11,-90.96
53827,43.04,-90.85
53901,43.51,-89.4
53910,43.89,-89.83
53911,43.34,-89.36
53913,43.45,-89.86
53916,43.47,-88.86
53917,43.41,-88.7
53919,43.74,-88.62
53920,43.71,-89.55
53922,43.52,-88.73
53923,43.55,-89.15
53924,43.46,-90.28
53925,43.36,-89.12
53926,43.68,-89.19
53927,43.96,-89.94
53928,43.43,-89.15
53929,43.83,-90.1
53930,43.69,-89.48
53931,43.75,-88.87
53932,43.42,-89.07
53933,43.57,-88.9
53934,44.0,-89.78
53935,43.59,-89.06
53936,43.95,-89.73
53937,43.39,-90.13
53939,43.69,-89.13
53940,43.59,-89.79
53941,43.55,-90.12
53942,43.47,-90.16
53943,43.39,-90.02
53944,43.71,-89.95
53946,43.72,-89.07
53947,43.75,-89.14
53948,43.91,-90.07
53949,43.81,-89.37
53950,43.91,-90.17
53951,43.4,-89.87
53952,43.77,-89.46
53953,43.76,-89.46
53954,43.52,-89.31
53955,43.43,-89.39
53956,43.53,-88.95
53957,43.54,-89.01
53958,43.39,-89.96
53959,43.48,-89.97
53960,43.4,-89.25
53961,43.46,-89.93
53962,43.95,-90.05
53963,43.46,-88.75
53964,43.85,-89.48
53965,43.57,-89.44
53968,43.69,-90.2
53969,43.5,-89.3
54001,45.35,-92.4
54002,44.97,-92.44
54003,44.79,-92.45
54004,45.31,-92.43
54005,45.28,-92.43
54006,45.55,-92.66
54007,45.09,-92.38
54009,45.36,-92.55
54010,44.73,-92.47
54011,44.74,-92.55
54012,45.11,-92.28
54013,45.06,-92.25
54014,44.66,-92.57
54015,44.97,-92.46
54016,44.97,-92.48
54017,45.09,-92.5
54020,45.28,-92.54
54021,44.75,-92.64
54022,44.8,-92.6
54023,44.97,-92.6
54024,45.51,-92.61
54025,45.08,-92.47
54026,45.27,-92.48
54027,44.95,-92.26
54028,44.95,-92.38
54082,45.08,-92.75
54101,44.79,-88.04
54102,45.49,-88.05
54103,45.67,-88.53
54104,45.42,-88.25
54106,44.47,-88.45
54107,44.7,-88.45
54110,44.16,-88.13
54111,44.81,-88.39
54112,45.31,-88.0
54113,44.35,-88.36
54114,45.26,-88.08
54115,44.45,-87.98
54119,45.59,-88.22
54120,45.74,-88.48
54121,45.85,-88.28
54123,44.21,-88.15
54124,44.92,-88.17
54125,45.65,-88.33
54126,44.35,-88.04
54127,44.8,-88.27
54128,44.81,-88.73
54129,44.15,-88.2
54130,44.33,-88.3
54131,44.42,-88.46
54135,44.89,-88.58
54136,44.3,-88.47
54137,44.76,-88.29
54138,45.31,-88.48
54139,45.06,-88.21
54140,44.29,-88.32
54141,44.74,-88.0
54143,45.09,-87.72
54149,45.1,-88.48
54150,44.87,-88.62
54151,45.58,-87.92
54152,44.57,-88.46
54153,44.9,-88.08
54154,44.9,-88.13
54155,44.45,-88.23
54156,45.39,-87.9
54157,45.17,-87.9
54159,45.21,-87.83
54160,44.12,-88.1
54161,45.12,-87.98
54162,44.58,-88.1
54165,44.43,-88.46
54166,44.75,-88.66
54169,44.17,-88.23
54170,44.48,-88.59
54171,44.73,-88.12
54173,44.64,-88.12
54174,45.11,-88.42
54175,45.31,-88.61
54177,45.38,-87.88
54180,44.49,-88.12
54182,44.73,-88.37
54201,44.6,-87.54
54202,45.08,-87.15
54203,44.11,-87.48
54204,44.75,-87.63
54205,44.6,-87.64
54207,44.09,-87.99
54208,44.46,-87.89
54209,45.01,-87.27
54210,45.25,-87.04
54211,45.16,-87.17
54212,45.11,-87.21
54213,44.72,-87.53
54214,44.2,-87.72
54215,44.22,-87.8
54216,44.44,-87.59
54217,44.54,-87.67
54220,44.11,-87.71
54221,44.13,-87.6
54226,45.06,-87.01
54227,44.28,-87.8
54228,44.17,-87.74
54229,44.57,-87.83
54230,44.14,-87.9
54232,44.01,-87.92
54234,45.18,-87.1
54235,44.95,-87.38
54240,44.28,-87.63
54241,44.23,-87.63
54245,44.05,-87.9
54246,45.37,-86.9
54247,44.19,-87.78
54301,44.49,-87.98
54302,44.5,-87.98
54303,44.55,-88.08
54304,44.5,-88.03
54305,44.46,-88.01
54306,44.46,-88.01
54307,44.46,-88.01
54308,44.46,-87.81
54311,44.52,-87.96
54313,44.55,-88.0
54324,44.46,-88.01
54344,44.43,-88.11
54401,44.96,-89.79
54402,44.9,-89.77
54403,44.95,-89.53
54404,44.47,-90.02
54405,44.96,-90.37
54406,44.39,-89.34
54407,44.53,-89.36
54408,45.01,-89.36
54409,45.16,-89.09
54410,44.54,-90.01
54411,44.98,-90.01
54412,44.56,-90.01
54413,44.3,-90.14
54414,44.92,-89.1
54415,44.62,-89.92
54416,44.9,-88.84
54417,45.03,-89.65
54418,45.16,-88.99
54420,44.61,-90.38
54421,44.88,-90.38
54422,44.94,-90.53
54423,44.58,-89.59
54424,45.27,-89.09
54425,45.0,-90.37
54426,44.9,-90.01
54427,44.81,-89.3
54428,45.41,-89.14
54429,44.78,-89.25
54430,45.21,-88.83
54432,44.9,-89.77
54433,45.2,-90.63
54434,45.21,-90.48
54435,45.38,-89.61
54436,44.61,-90.46
54437,44.66,-90.68
54439,45.21,-90.48
54440,44.8,-89.51
54441,44.65,-90.11
54442,45.37,-89.67
54443,44.59,-89.71
54444,45.25,-89.03
54446,44.73,-90.63
54447,45.17,-90.77
54448,44.88,-89.8
54449,44.59,-90.19
54450,45.01,-89.05
54451,45.16,-90.45
54452,45.22,-89.71
54454,44.6,-89.9
54455,44.81,-89.7
54456,44.69,-90.67
54457,44.3,-89.92
54458,44.49,-89.31
54459,45.45,-90.29
54460,44.9,-90.63
54462,45.39,-88.97
54463,45.53,-89.24
54464,45.25,-89.03
54465,45.36,-88.95
54466,44.41,-90.19
54467,44.41,-89.57
54469,44.35,-89.88
54470,45.21,-90.17
54471,44.93,-89.36
54472,44.47,-90.02
54473,44.61,-89.36
54474,44.9,-89.71
54475,44.47,-89.8
54476,44.87,-89.58
54479,44.81,-90.14
54480,45.19,-90.3
54481,44.55,-89.53
54484,44.81,-90.03
54485,45.4,-89.22
54486,44.76,-89.04
54487,45.34,-89.77
54488,44.84,-90.26
54489,44.46,-90.0
54490,45.33,-90.4
54491,45.25,-88.8
54492,44.51,-89.53
54493,44.72,-90.77
54494,44.38,-89.92
54495,44.39,-89.92
54498,44.94,-90.64
54499,44.8,-89.11
54501,45.7,-89.39
54511,45.71,-88.81
54512,46.08,-89.53
54513,45.58,-90.17
54514,46.39,-90.63
54515,45.54,-90.5
54517,46.65,-90.44
54519,46.07,-89.26
54520,45.51,-88.89
54521,45.99,-89.27
54524,45.81,-90.45
54525,46.4,-90.19
54526,45.49,-90.85
54527,46.13,-90.61
54529,45.69,-89.66
54530,45.52,-90.74
54531,45.75,-89.82
54532,45.34,-89.74
54534,46.37,-90.22
54536,46.32,-90.34
54537,45.53,-90.61
54538,46.07,-89.77
54539,45.78,-89.57
54540,46.07,-89.44
54541,45.56,-88.71
54542,45.91,-88.62
54543,45.72,-89.56
54545,46.16,-89.85
54546,46.32,-90.75
54547,46.14,-90.11
54548,45.83,-89.82
54550,46.4,-90.31
54552,45.85,-90.36
54554,46.09,-89.26
54555,45.72,-90.37
54556,45.53,-90.28
54557,46.2,-89.74
54558,45.94,-89.69
54559,46.5,-90.4
54560,46.02,-89.5
54561,46.06,-89.49
54562,45.76,-89.16
54563,45.45,-90.96
54564,45.73,-89.94
54565,46.37,-90.43
54566,45.44,-88.62
54568,45.86,-89.65
54601,43.85,-91.13
54602,43.91,-91.17
54603,43.85,-91.25
54610,44.35,-91.84
54611,44.45,-90.98
54612,44.25,-91.39
54613,44.08,-89.8
54614,43.92,-91.08
54615,44.3,-90.83
54616,44.25,-91.26
54618,43.99,-90.24
54619,43.85,-90.7
54620,44.09,-90.84
54621,43.67,-90.74
54622,44.24,-91.74
54623,43.57,-91.04
54624,43.48,-91.13
54625,44.14,-91.52
54626,43.22,-91.03
54627,44.18,-91.26
54628,43.32,-91.05
54629,44.17,-91.67
54630,44.09,-91.34
54631,43.27,-90.83
54632,43.62,-90.84
54634,43.62,-90.66
54635,44.4,-91.04
54636,43.97,-91.22
54637,43.88,-90.27
54638,43.82,-90.4
54639,43.6,-90.64
54640,43.27,-91.02
54641,43.95,-90.05
54642,44.2,-90.98
54643,44.19,-90.64
54644,44.02,-91.03
54645,43.21,-90.94
54646,44.02,-90.13
54648,43.83,-90.65
54649,43.97,-90.36
54650,43.89,-91.13
54651,43.7,-90.55
54652,43.47,-90.77
54653,43.84,-90.95
54654,43.21,-90.94
54655,43.37,-90.81
54656,43.95,-90.75
54657,43.27,-90.92
54658,43.67,-91.13
54659,44.29,-91.09
54660,43.98,-90.47
54661,44.08,-91.46
54662,44.0,-90.56
54664,43.5,-90.71
54665,43.53,-90.99
54666,43.99,-90.47
54667,43.65,-90.84
54669,43.9,-91.12
54670,43.85,-90.47
54701,44.76,-91.47
54702,44.73,-91.29
54703,44.8,-91.48
54720,44.8,-91.44
54721,44.6,-92.06
54722,44.73,-91.21
54723,44.63,-92.44
54724,45.04,-91.41
54725,45.08,-92.01
54726,45.01,-91.18
54727,45.02,-91.35
54728,45.41,-91.83
54729,44.96,-91.32
54730,45.04,-91.89
54731,45.36,-91.09
54732,45.13,-91.17
54733,45.26,-91.85
54734,45.0,-92.1
54735,44.95,-91.9
54736,44.64,-91.83
54737,44.75,-92.04
54738,44.39,-91.41
54739,44.86,-91.74
54740,44.74,-92.23
54741,44.66,-91.01
54742,44.76,-91.31
54743,44.31,-91.81
54744,45.32,-91.88
54745,45.15,-91.12
54746,44.52,-90.71
54747,44.36,-91.44
54748,45.09,-91.26
54749,44.95,-92.08
54750,44.62,-92.29
54751,44.87,-91.94
54754,44.44,-90.8
54755,44.49,-91.68
54756,44.47,-91.91
54757,45.12,-91.49
54758,44.33,-91.35
54759,44.51,-92.13
54760,44.42,-91.21
54761,44.62,-92.18
54762,45.26,-91.99
54763,45.17,-91.88
54764,44.95,-91.9
54765,45.14,-91.7
54766,45.35,-90.89
54767,44.78,-92.28
54768,44.99,-91.07
54769,44.51,-92.23
54770,44.39,-91.39
54771,44.89,-90.79
54772,45.09,-91.88
54773,44.44,-91.29
54774,45.07,-91.29
54801,45.92,-91.81
54805,45.43,-91.97
54806,46.56,-90.74
54810,45.42,-92.38
54812,45.48,-91.87
54813,45.56,-92.02
54814,46.85,-90.92
54816,46.68,-91.14
54817,45.73,-91.62
54818,45.42,-91.85
54819,45.47,-91.29
54820,46.56,-91.61
54821,46.21,-91.19
54822,45.47,-91.68
54824,45.42,-92.54
54826,45.5,-92.04
54827,46.83,-91.09
54828,45.84,-91.29
54829,45.43,-91.9
54830,45.97,-92.29
54832,46.68,-91.14
54834,45.74,-91.48
54835,45.78,-91.22
54836,46.45,-92.17
54837,45.53,-92.43
54838,46.29,-91.89
54839,46.68,-91.14
54840,45.8,-92.69
54841,45.62,-91.8
54842,46.51,-91.86
54843,45.96,-91.28
54844,46.68,-91.14
54845,45.8,-92.15
54846,46.38,-90.76
54847,46.6,-91.44
54848,45.49,-91.09
54849,46.49,-91.71
54850,46.8,-90.69
54851,45.47,-92.52
54853,45.46,-92.47
54854,46.65,-91.73
54855,46.37,-90.84
54856,46.36,-91.12
54857,45.61,-91.62
54858,45.52,-92.46
54859,46.1,-91.86
54861,46.56,-90.62
54862,45.8,-91.13
54864,46.59,-91.82
54865,46.72,-91.35
54867,45.8,-91.27
54868,45.52,-91.83
54870,45.74,-91.78
54871,45.88,-91.79
54872,45.78,-92.39
54873,46.42,-91.81
54874,46.57,-91.94
54875,45.95,-91.68
54876,45.82,-91.46
54880,46.57,-92.12
54888,45.97,-91.89
54889,45.4,-92.07
54890,46.53,-91.92
54891,46.7,-90.9
54893,45.87,-92.3
54895,45.41,-91.42
54896,45.83,-91.01
54901,44.01,-88.56
54902,43.99,-88.53
54903,44.07,-88.64
54904,44.06,-88.62
54906,44.07,-88.64
54909,44.38,-89.36
54911,44.28,-88.37
54912,44.42,-88.46
54913,44.35,-88.43
54914,44.27,-88.49
54915,44.37,-88.44
54919,44.42,-88.46
54921,44.34,-89.53
54922,44.43,-88.56
54923,43.92,-89.03
54926,44.62,-89.02
54927,44.1,-88.65
54928,44.74,-88.88
54929,44.59,-88.87
54930,44.03,-89.49
54931,44.42,-88.46
54932,43.83,-88.58
54933,44.67,-88.7
54934,44.0,-88.84
54935,43.73,-88.52
54936,43.74,-88.52
54937,43.77,-88.61
54940,44.27,-88.83
54941,43.86,-88.99
54942,44.29,-88.56
54943,44.1,-89.49
54944,44.34,-88.59
54945,44.57,-89.07
54946,44.34,-89.15
54947,44.19,-88.69
54948,44.78,-88.89
54949,44.49,-88.93
54950,44.55,-88.94
54951,44.42,-88.46
54952,44.14,-88.57
54956,44.17,-88.66
54957,44.2,-88.68
54960,43.92,-89.31
54961,44.41,-88.86
54962,44.43,-88.99
54963,44.05,-88.75
54964,43.96,-88.72
54965,44.16,-89.02
54966,44.19,-89.3
54967,44.13,-88.99
54968,43.83,-89.12
54969,44.27,-88.78
54970,44.08,-89.22
54971,43.78,-88.53
54974,43.78,-88.66
54975,44.46,-88.92
54976,44.21,-89.1
54977,44.45,-89.15
54978,44.8,-88.9
54979,43.84,-88.54
54980,43.99,-88.77
54981,44.43,-89.05
54982,44.08,-89.27
54983,44.33,-88.92
54984,44.17,-89.22
54985,44.07,-88.52
54986,44.12,-88.75
54990,44.46,-88.92
55001,44.91,-92.82
55002,45.51,-92.89
55003,45.01,-92.78
55005,45.39,-93.23
55006,45.69,-93.28
55007,45.95,-93.07
55008,45.6,-93.26
55009,44.48,-92.89
55010,44.55,-93.15
55011,45.34,-93.24
55012,45.45,-92.79
55013,45.36,-92.9
55014,45.19,-93.13
55016,44.82,-92.93
55017,45.66,-93.43
55018,44.43,-92.96
55019,44.4,-93.19
55020,44.59,-93.37
55021,44.36,-93.27
55024,44.64,-93.14
55025,45.25,-92.95
55026,44.52,-92.36
55027,44.43,-92.62
55029,45.64,-93.2
55030,45.86,-93.08
55031,44.61,-92.96
55032,45.59,-93.0
55033,44.74,-93.03
55036,45.85,-93.12
55037,46.01,-92.94
55038,45.18,-92.95
55040,45.57,-93.29
55041,44.42,-92.23
55042,44.99,-92.9
55043,44.94,-92.79
55044,44.63,-93.26
55045,45.4,-92.82
55046,44.45,-93.43
55047,45.2,-92.83
55049,44.16,-93.25
55051,45.92,-93.3
55052,44.33,-93.34
55053,44.33,-93.24
55054,44.57,-93.35
55055,44.87,-92.99
55056,45.56,-92.89
55057,44.38,-93.24
55060,44.05,-93.22
55063,45.95,-92.89
55065,44.55,-93.02
55066,44.52,-92.54
55067,46.07,-92.72
55068,44.66,-93.08
55069,45.68,-92.98
55070,45.39,-93.36
55071,44.82,-92.99
55072,46.13,-92.59
55073,45.25,-92.84
55074,45.38,-92.73
55075,44.89,-93.05
55076,44.83,-93.04
55077,44.83,-93.09
55078,45.51,-92.89
55079,45.41,-92.97
55080,45.65,-93.28
55082,45.06,-92.85
55083,45.02,-92.98
55084,45.46,-92.73
55085,44.67,-92.97
55087,44.24,-93.4
55088,44.5,-93.38
55089,44.58,-92.7
55090,45.05,-92.96
55092,45.34,-92.97
55101,44.97,-93.09
55102,44.93,-93.12
55103,44.97,-93.13
55104,44.96,-93.17
55105,44.93,-93.16
55106,44.96,-93.04
55107,44.93,-93.09
55108,44.98,-93.18
55109,45.01,-93.03
55110,45.08,-93.02
55111,44.88,-93.2
55112,45.08,-93.19
55113,45.01,-93.16
55114,44.96,-93.19
55115,45.07,-92.94
55116,44.91,-93.17
55117,45.0,-93.11
55118,44.86,-93.11
55119,44.94,-93.01
55120,44.87,-93.14
55121,44.82,-93.16
55122,44.79,-93.22
55123,44.81,-93.14
55124,44.75,-93.2
55125,44.92,-92.94
55126,45.07,-93.14
55127,45.08,-93.09
55128,44.99,-92.95
55129,44.9,-92.92
55133,45.01,-93.11
55144,45.01,-93.11
55145,45.01,-93.11
55146,44.94,-93.08
55150,44.89,-93.16
55155,44.95,-93.1
55161,45.01,-93.11
55164,44.99,-93.11
55165,45.01,-93.11
55166,45.01,-93.11
55168,45.01,-93.11
55169,45.01,-93.11
55170,45.01,-93.11
55171,45.01,-93.11
55172,45.01,-93.11
55175,45.01,-93.11
55177,45.01,-93.11
55182,45.01,-93.11
55187,45.01,-93.11
55188,45.01,-93.11
55190,45.01,-93.11
55191,45.01,-93.11
55301,45.26,-93.66
55302,45.22,-94.11
55303,45.28,-93.42
55304,45.24,-93.27
55305,44.95,-93.44
55306,44.76,-93.22
55307,44.6,-94.11
55308,45.45,-93.84
55309,45.37,-93.69
55310,44.75,-94.85
55311,45.12,-93.5
55312,44.76,-94.25
55313,45.18,-93.93
55314,44.71,-94.75
55315,44.72,-93.7
55316,45.18,-93.4
55317,44.85,-93.57
55318,44.81,-93.65
55319,45.47,-93.95
55320,45.23,-93.92
55321,45.09,-94.19
55322,44.77,-93.79
55323,45.02,-93.47
55324,45.07,-94.42
55325,45.1,-94.37
55327,45.2,-93.48
55328,45.04,-93.98
55329,45.28,-94.52
55330,45.4,-93.64
55331,44.91,-93.62
55332,44.6,-94.73
55333,44.56,-94.89
55334,44.57,-94.19
55335,44.55,-94.54
55336,44.77,-94.2
55337,44.77,-93.23
55338,44.64,-94.06
55339,44.79,-93.84
55340,45.07,-93.57
55341,45.16,-93.67
55342,44.71,-94.76
55343,44.91,-93.45
55344,44.85,-93.44
55345,44.92,-93.48
55346,44.88,-93.48
55347,44.84,-93.46
55348,44.85,-93.4
55349,45.1,-94.05
55350,44.88,-94.27
55352,44.66,-93.6
55353,45.36,-94.31
55354,44.88,-94.1
55355,45.12,-94.53
55356,45.0,-93.59
55357,45.1,-93.66
55358,45.21,-94.06
55359,44.98,-93.69
55360,44.91,-93.91
55361,44.94,-93.59
55362,45.25,-93.85
55363,45.05,-94.06
55364,44.94,-93.66
55365,45.2,-93.89
55366,44.67,-94.23
55367,44.9,-93.97
55368,44.74,-93.9
55369,45.13,-93.46
55370,44.84,-94.05
55371,45.74,-93.64
55372,44.68,-93.46
55373,45.16,-93.87
55374,45.17,-93.57
55375,44.9,-93.75
55376,45.17,-93.89
55377,45.54,-93.82
55378,44.75,-93.37
55379,44.73,-93.47
55380,45.32,-93.98
55381,44.92,-94.2
55382,45.27,-94.17
55383,44.81,-93.77
55384,44.94,-93.63
55385,44.77,-94.34
55386,44.85,-93.66
55387,44.84,-93.75
55388,44.92,-93.85
55389,45.27,-94.44
55390,45.06,-93.97
55391,44.98,-93.54
55392,45.02,-93.47
55393,45.2,-93.89
55394,44.81,-93.77
55395,44.95,-94.08
55396,44.55,-94.35
55397,44.8,-93.92
55398,45.47,-93.6
55399,44.81,-93.77
55401,44.98,-93.27
55402,44.98,-93.27
55403,44.97,-93.29
55404,44.95,-93.33
55405,44.97,-93.3
55406,44.98,-93.28
55407,44.94,-93.25
55408,44.95,-93.29
55409,44.93,-93.29
55410,44.91,-93.32
55411,45.0,-93.3
55412,45.03,-93.3
55413,44.99,-93.24
55414,44.97,-93.23
55415,44.97,-93.26
55416,44.95,-93.34
55417,44.96,-93.25
55418,45.02,-93.24
55419,44.89,-93.28
55420,44.84,-93.26
55421,45.05,-93.25
55422,45.01,-93.34
55423,44.88,-93.26
55424,44.91,-93.34
55425,44.84,-93.24
55426,44.96,-93.38
55427,45.0,-93.39
55428,44.98,-93.37
55429,44.98,-93.34
55430,45.06,-93.3
55431,44.83,-93.31
55432,45.09,-93.24
55433,45.16,-93.32
55434,45.17,-93.23
55435,44.93,-93.37
55436,44.9,-93.42
55437,44.83,-93.35
55438,44.83,-93.38
55439,44.87,-93.38
55440,45.02,-93.47
55441,45.01,-93.42
55442,45.05,-93.43
55443,45.12,-93.34
55444,45.12,-93.31
55445,45.12,-93.35
55446,45.04,-93.49
55447,45.0,-93.49
55448,45.17,-93.31
55449,45.17,-93.19
55450,44.88,-93.22
55454,44.98,-93.25
55455,45.04,-93.3
55458,45.02,-93.47
55459,45.02,-93.47
55460,45.02,-93.47
55468,45.02,-93.47
55470,45.02,-93.47
55472,45.02,-93.47
55473,44.81,-93.77
55474,45.02,-93.47
55478,45.02,-93.47
55479,45.02,-93.47
55480,45.02,-93.47
55483,45.02,-93.47
55484,45.02,-93.47
55485,45.02,-93.47
55486,45.02,-93.47
55487,45.02,-93.47
55488,45.02,-93.47
55550,44.81,-93.77
55551,44.81,-93.77
55552,44.81,-93.77
55553,44.81,-93.77
55554,44.81,-93.77
55555,44.81,-93.77
55556,44.81,-93.77
55557,44.81,-93.77
55558,44.81,-93.77
55559,44.81,-93.77
55560,44.81,-93.77
55561,44.81,-93.77
55562,44.81,-93.77
55563,44.81,-93.77
55564,44.81,-93.77
55565,45.2,-93.89
55566,44.81,-93.77
55567,44.81,-93.77
55568,44.81,-93.77
55569,45.02,-93.47
55570,45.02,-93.47
55571,45.02,-93.47
55572,45.02,-93.47
55573,45.02,-93.47
55574,45.02,-93.47
55575,45.02,-93.47
55576,45.02,-93.47
55577,45.02,-93.47
55578,45.02,-93.47
55579,45.02,-93.47
55580,45.2,-93.89
55581,45.2,-93.89
55582,45.2,-93.89
55583,44.81,-93.77
55584,45.2,-93.89
55585,45.2,-93.89
55586,45.2,-93.89
55587,45.2,-93.89
55588,44.99,-93.88
55589,45.2,-93.89
55590,45.2,-93.89
55591,45.2,-93.89
55592,45.2,-93.89
55593,45.02,-93.47
55594,44.81,-93.77
55595,45.02,-93.47
55596,45.02,-93.47
55597,45.02,-93.47
55598,45.02,-93.47
55599,45.02,-93.47
55601,47.26,-91.36
55602,47.26,-92.0
55603,47.5,-91.32
55604,47.87,-90.42
55605,47.92,-89.85
55606,47.85,-90.0
55607,47.66,-91.5
55609,46.95,-91.78
55612,47.71,-90.68
55613,47.52,-90.95
55614,47.36,-91.22
55615,47.65,-90.8
55616,47.13,-91.55
55701,47.64,-92.44
55702,47.01,-92.61
55703,47.75,-92.76
55704,46.22,-92.76
55705,47.63,-92.07
55706,47.74,-91.95
55707,46.56,-92.72
55708,47.53,-92.34
55709,47.35,-93.39
55710,47.65,-92.65
55711,46.84,-92.68
55712,46.23,-92.71
55713,47.49,-92.76
55716,47.32,-93.28
55717,47.07,-92.44
55718,46.62,-92.68
55719,47.56,-92.44
55720,46.59,-92.55
55721,47.24,-93.52
55722,47.38,-93.39
55723,47.88,-92.77
55724,47.15,-92.44
55725,48.24,-92.53
55726,46.65,-92.84
55730,47.09,-93.92
55731,47.92,-92.02
55732,47.66,-92.23
55733,46.71,-92.36
55734,47.39,-92.45
55735,46.24,-92.95
55736,46.94,-92.84
55738,47.27,-92.68
55741,47.45,-92.37
55742,47.17,-93.13
55744,47.23,-93.39
55745,47.09,-93.92
55746,47.41,-92.88
55747,47.64,-92.44
55748,46.67,-93.43
55749,46.48,-92.41
55750,47.51,-92.11
55751,47.42,-92.68
55752,46.59,-93.43
55753,47.4,-93.08
55756,46.33,-92.66
55757,46.52,-92.91
55758,47.51,-92.74
55760,46.61,-93.31
55763,47.26,-92.18
55764,47.32,-93.29
55765,47.12,-92.8
55766,47.25,-92.41
55767,46.55,-92.76
55768,47.45,-92.69
55769,47.44,-93.24
55771,47.74,-92.76
55772,48.08,-93.08
55775,47.29,-93.21
55777,47.64,-92.44
55779,46.91,-92.45
55780,46.7,-92.64
55781,47.55,-92.99
55782,47.82,-92.25
55783,46.37,-92.82
55784,47.07,-93.19
55785,46.7,-93.65
55786,47.32,-93.34
55787,46.63,-93.21
55790,47.79,-92.34
55791,47.64,-92.44
55792,47.65,-92.5
55793,47.24,-93.23
55795,46.31,-92.86
55796,47.72,-92.27
55797,46.57,-92.66
55798,46.61,-92.74
55801,47.01,-92.0
55802,46.9,-92.04
55803,47.22,-92.12
55804,46.89,-92.01
55805,46.8,-92.09
55806,46.77,-92.13
55807,46.74,-92.18
55808,46.68,-92.24
55810,46.76,-92.27
55811,46.81,-92.2
55812,46.81,-92.07
55814,47.64,-92.44
55815,47.64,-92.44
55816,47.64,-92.44
55901,44.08,-92.52
55902,43.97,-92.39
55903,44.0,-92.54
55904,43.99,-92.3
55905,44.02,-92.47
55906,44.11,-92.41
55909,43.57,-92.74
55910,44.09,-91.95
55912,43.7,-92.98
55917,44.01,-93.14
55918,43.75,-92.87
55919,43.65,-91.41
55920,43.99,-92.6
55921,43.64,-91.46
55922,43.53,-91.85
55923,43.76,-92.14
55924,44.05,-92.98
55925,43.94,-91.61
55926,43.62,-92.79
55927,44.05,-92.91
55929,43.99,-92.14
55931,43.51,-91.46
55932,44.12,-92.25
55933,43.66,-92.68
55934,44.01,-92.26
55935,43.65,-92.08
55936,43.67,-92.54
55939,43.53,-92.07
55940,43.9,-92.8
55941,43.76,-91.4
55942,44.02,-91.68
55943,43.78,-91.57
55944,44.02,-92.79
55945,44.27,-92.11
55946,44.29,-92.91
55947,43.77,-91.35
55949,43.72,-91.98
55950,43.76,-92.97
55951,43.55,-92.53
55952,43.94,-91.88
55953,43.51,-92.94
55954,43.52,-91.77
55955,44.07,-92.76
55956,44.24,-92.51
55957,44.23,-92.34
55959,44.08,-91.74
55960,44.08,-92.37
55961,43.71,-92.09
55962,43.75,-92.05
55963,44.26,-92.71
55964,44.15,-92.2
55965,43.71,-92.09
55967,43.78,-92.48
55968,44.34,-92.28
55969,44.1,-91.82
55970,43.67,-92.83
55971,43.81,-91.79
55972,43.96,-91.92
55973,43.8,-92.8
55974,43.57,-91.64
55975,43.69,-92.33
55976,43.88,-92.5
55977,43.56,-92.66
55979,43.92,-91.97
55981,44.36,-92.09
55982,43.69,-92.8
55983,44.27,-92.81
55985,44.15,-92.9
55987,44.03,-91.7
55988,44.03,-91.77
55990,43.7,-92.24
55991,44.24,-92.43
55992,44.29,-92.69
56001,44.06,-94.0
56002,44.06,-94.07
56003,44.22,-94.09
56006,44.06,-94.07
56007,43.69,-93.39
56009,43.73,-93.53
56010,43.89,-94.16
56011,44.61,-93.76
56013,43.65,-93.98
56014,43.67,-93.83
56016,43.76,-93.33
56017,44.3,-93.82
56019,44.11,-94.91
56020,43.62,-93.55
56021,44.27,-94.27
56022,44.05,-94.79
56023,43.77,-94.01
56024,44.16,-93.88
56025,43.76,-93.9
56026,43.93,-93.29
56027,43.58,-93.97
56028,44.2,-93.68
56029,43.65,-93.4
56030,44.33,-94.61
56031,43.67,-94.51
56032,43.78,-93.53
56033,43.56,-93.91
56034,44.05,-94.17
56035,43.67,-93.35
56036,43.66,-93.36
56037,44.03,-94.11
56039,43.66,-94.44
56041,44.13,-94.5
56042,43.8,-93.49
56043,43.65,-93.24
56044,44.56,-93.96
56045,43.76,-93.2
56046,43.96,-93.27
56047,43.74,-94.23
56048,44.05,-93.59
56050,44.27,-93.93
56051,43.55,-93.71
56052,44.31,-93.57
56054,44.36,-94.29
56055,44.15,-94.21
56056,43.98,-94.61
56057,44.36,-93.78
56058,44.39,-93.9
56060,43.92,-94.43
56062,44.05,-94.42
56063,44.08,-93.86
56064,43.76,-93.47
56065,43.93,-93.95
56068,43.81,-93.82
56069,44.35,-93.58
56071,44.54,-93.56
56072,43.98,-93.56
56073,44.26,-94.51
56074,44.27,-94.19
56075,43.74,-94.44
56076,43.67,-93.35
56078,44.01,-93.78
56080,44.08,-93.86
56081,43.98,-94.6
56082,44.34,-94.07
56083,44.28,-95.17
56084,44.3,-94.74
56085,44.32,-94.78
56087,44.25,-94.9
56088,43.79,-94.43
56089,43.56,-93.42
56090,43.93,-94.23
56091,43.91,-93.68
56093,44.07,-93.55
56096,44.32,-93.57
56097,43.7,-93.91
56098,43.67,-93.95
56101,43.9,-95.05
56110,43.62,-95.95
56111,43.67,-95.15
56113,44.38,-96.18
56114,43.96,-95.6
56115,44.26,-95.89
56116,43.61,-96.36
56117,43.54,-95.69
56118,43.9,-95.05
56119,43.73,-95.51
56120,44.0,-94.81
56121,43.58,-94.61
56122,43.92,-95.82
56123,44.05,-95.7
56125,44.05,-95.55
56127,43.67,-94.55
56128,43.93,-96.15
56129,43.54,-95.98
56131,43.91,-95.59
56132,44.31,-95.86
56134,43.81,-96.22
56136,44.46,-96.34
56137,43.8,-95.32
56138,43.53,-96.36
56139,44.09,-96.19
56140,43.9,-96.36
56141,43.89,-95.78
56142,44.46,-96.25
56143,43.65,-95.02
56144,43.88,-96.34
56145,44.06,-95.2
56146,43.67,-96.25
56147,43.67,-96.25
56149,44.29,-96.27
56150,43.68,-95.17
56151,44.01,-95.83
56152,44.28,-95.27
56153,43.84,-96.01
56155,43.68,-95.94
56156,43.7,-96.16
56157,44.4,-95.94
56158,43.64,-96.08
56159,43.94,-94.92
56160,43.87,-94.74
56161,43.74,-95.32
56162,43.83,-94.66
56164,43.99,-96.27
56165,43.73,-95.7
56166,44.24,-95.36
56167,43.63,-95.64
56168,43.62,-95.8
56169,44.34,-95.98
56170,44.15,-96.28
56171,43.67,-94.76
56172,43.99,-95.76
56173,43.67,-96.25
56174,44.04,-95.32
56175,44.29,-95.77
56176,43.78,-94.71
56177,43.89,-96.26
56178,44.28,-96.14
56180,44.28,-95.48
56181,43.67,-94.67
56183,44.01,-95.2
56185,43.79,-95.83
56186,44.01,-96.1
56187,43.65,-95.74
56201,45.15,-94.98
56207,45.59,-96.0
56208,45.28,-95.96
56209,45.11,-94.97
56210,45.56,-96.56
56211,45.38,-96.47
56212,45.05,-96.1
56214,44.55,-95.32
56215,45.28,-95.67
56216,44.95,-95.06
56218,45.05,-96.1
56219,45.59,-96.83
56220,44.78,-95.92
56221,45.57,-96.17
56222,44.99,-95.36
56223,44.79,-95.81
56224,44.42,-95.26
56225,45.46,-96.43
56226,45.31,-95.84
56227,45.38,-96.47
56228,45.02,-94.66
56229,44.57,-95.74
56230,44.76,-95.1
56231,45.28,-95.72
56232,44.93,-96.06
56235,45.69,-96.01
56236,45.72,-96.42
56237,44.62,-95.41
56239,44.49,-95.91
56240,45.52,-96.44
56241,44.78,-95.67
56243,45.15,-94.67
56244,45.5,-95.79
56245,44.69,-95.62
56246,45.34,-94.86
56248,45.84,-96.14
56249,45.29,-95.62
56251,45.14,-94.92
56252,45.23,-95.32
56253,45.01,-94.9
56255,44.47,-95.41
56256,45.04,-96.31
56257,45.07,-96.44
56258,44.46,-95.79
56260,45.0,-95.57
56262,45.11,-95.82
56263,44.42,-95.53
56264,44.52,-95.95
56265,45.01,-95.6
56266,44.4,-94.98
56267,45.6,-95.92
56270,44.59,-94.97
56271,45.28,-95.51
56273,45.17,-95.05
56274,45.93,-96.01
56276,45.38,-96.47
56277,44.76,-95.03
56278,45.38,-96.52
56279,45.22,-95.14
56280,44.67,-96.11
56281,45.03,-95.0
56282,45.09,-95.11
56283,44.52,-95.2
56284,44.76,-95.24
56285,44.78,-95.37
56287,44.46,-95.33
56288,45.16,-95.02
56289,45.26,-95.14
56291,44.58,-95.88
56292,44.49,-95.45
56293,44.42,-95.25
56294,44.33,-95.21
56295,45.02,-95.63
56296,45.7,-96.63
56297,44.67,-95.58
56301,45.52,-94.33
56302,45.49,-94.64
56303,45.63,-94.22
56304,45.54,-94.44
56307,45.61,-94.49
56308,45.9,-95.42
56309,46.09,-95.82
56310,45.6,-94.44
56311,45.9,-95.85
56312,45.51,-94.96
56313,45.78,-93.55
56314,45.87,-94.42
56315,45.97,-95.52
56316,45.51,-95.06
56317,46.06,-94.21
56318,45.87,-94.69
56319,45.99,-95.37
56320,45.47,-94.66
56321,45.58,-94.42
56323,45.64,-95.71
56324,46.17,-95.92
56325,45.56,-94.95
56326,45.98,-95.67
56327,45.73,-95.62
56328,45.95,-94.55
56329,45.69,-93.91
56330,45.74,-93.65
56331,45.64,-94.66
56332,45.98,-95.51
56333,45.69,-94.06
56334,45.59,-95.36
56335,45.6,-94.85
56336,45.83,-94.78
56338,45.99,-93.89
56339,45.84,-95.79
56340,45.62,-94.42
56341,45.83,-95.54
56342,45.97,-93.54
56343,45.81,-95.67
56344,46.06,-94.21
56345,45.98,-94.25
56347,45.9,-94.82
56349,45.72,-95.54
56350,46.2,-93.38
56352,45.61,-94.63
56353,45.9,-93.62
56354,46.06,-95.3
56355,45.94,-95.24
56356,45.63,-94.75
56357,45.7,-93.82
56358,45.83,-93.4
56359,45.94,-93.66
56360,45.87,-95.24
56361,46.15,-95.35
56362,45.51,-94.73
56363,45.7,-93.65
56364,45.99,-94.12
56367,45.75,-94.12
56368,45.46,-94.54
56369,45.47,-94.34
56371,45.43,-94.63
56372,45.53,-94.59
56373,45.87,-94.16
56374,45.61,-94.35
56375,45.59,-94.38
56376,45.49,-94.72
56377,45.57,-94.36
56378,45.64,-94.97
56379,45.65,-94.07
56381,45.57,-95.57
56382,45.9,-94.54
56384,45.8,-94.57
56385,45.72,-95.23
56386,45.99,-93.62
56387,45.51,-94.67
56388,45.55,-94.22
56389,45.8,-95.08
56393,45.53,-94.59
56395,45.53,-94.59
56396,45.53,-94.59
56397,45.53,-94.59
56398,45.53,-94.59
56399,45.53,-94.59
56401,46.35,-94.1
56425,46.37,-94.2
56430,46.86,-94.64
56431,46.56,-93.43
56433,46.99,-94.73
56434,46.38,-94.94
56435,46.8,-94.52
56436,47.11,-94.92
56437,46.27,-95.06
56438,46.06,-94.87
56440,46.13,-94.95
56441,46.54,-93.93
56442,46.68,-94.11
56443,46.21,-94.56
56444,46.43,-93.88
56446,46.15,-95.0
56447,46.7,-94.12
56448,46.73,-94.04
56449,46.2,-94.25
56450,46.31,-93.87
56452,46.94,-94.45
56453,46.33,-94.95
56455,46.48,-93.98
56456,46.48,-94.09
56458,47.11,-94.92
56459,46.5,-94.25
56461,47.11,-94.92
56464,46.73,-94.98
56465,46.54,-94.13
56466,46.29,-94.56
56467,46.94,-94.84
56468,46.4,-94.24
56469,46.71,-93.49
56470,46.98,-95.1
56472,46.62,-94.24
56473,46.69,-94.46
56474,46.71,-94.25
56475,46.11,-94.53
56477,46.65,-94.97
56478,46.61,-94.9
56479,46.25,-94.93
56481,46.51,-94.97
56482,46.56,-95.08
56484,47.07,-94.49
56501,46.83,-95.75
56502,46.93,-95.68
56510,47.33,-96.6
56511,46.85,-96.0
56513,46.89,-96.51
56514,46.65,-96.39
56515,46.29,-95.71
56516,47.33,-95.81
56517,47.8,-96.43
56518,46.41,-95.71
56519,47.2,-96.5
56520,46.19,-96.5
56521,46.98,-95.91
56522,46.14,-96.44
56523,47.68,-96.87
56524,46.28,-95.63
56525,46.89,-96.51
56527,46.39,-95.32
56528,46.57,-95.73
56529,46.88,-96.71
56531,46.0,-95.96
56533,46.38,-96.13
56534,46.48,-96.1
56535,47.67,-96.0
56536,47.08,-96.5
56537,46.32,-95.66
56538,46.41,-95.71
56540,47.53,-96.29
56541,47.33,-96.47
56542,47.6,-96.27
56543,46.33,-96.53
56544,46.8,-95.58
56545,47.37,-96.26
56546,46.89,-96.51
56547,46.87,-96.58
56548,47.35,-96.82
56549,46.98,-96.41
56550,47.26,-96.81
56551,46.29,-95.48
56552,46.97,-96.26
56553,46.33,-96.53
56554,46.89,-96.1
56556,47.64,-95.88
56557,47.29,-95.94
56560,46.8,-96.56
56561,46.89,-96.51
56562,46.89,-96.51
56563,46.89,-96.51
56565,46.33,-96.53
56566,47.33,-95.81
56567,46.49,-95.37
56568,47.84,-96.35
56569,47.11,-95.78
56570,46.92,-95.36
56571,46.47,-95.56
56572,46.61,-96.06
56573,46.6,-95.82
56574,47.18,-96.8
56575,47.06,-95.43
56576,46.44,-95.79
56577,46.93,-95.68
56578,46.89,-95.72
56579,46.53,-96.35
56580,46.78,-96.65
56581,47.32,-96.54
56583,46.01,-96.36
56584,47.27,-96.18
56585,47.07,-96.26
56586,46.29,-95.87
56587,46.46,-95.92
56588,46.41,-95.71
56589,47.18,-95.94
56590,45.93,-96.01
56591,46.93,-95.68
56592,47.63,-95.89
56593,46.82,-95.39
56594,46.33,-96.53
56601,47.57,-94.8
56619,47.63,-94.82
56621,47.53,-95.38
56623,48.75,-94.85
56626,47.37,-94.25
56627,48.09,-93.82
56628,47.71,-93.61
56629,48.64,-94.06
56630,47.8,-94.58
56631,47.09,-93.92
56633,47.33,-94.48
56634,47.61,-95.42
56636,47.47,-93.81
56637,47.62,-93.84
56639,47.85,-93.52
56641,47.21,-94.26
56644,47.72,-95.47
56646,47.84,-96.35
56647,47.97,-95.01
56649,48.23,-93.64
56650,47.94,-94.45
56651,47.84,-96.35
56652,47.59,-95.38
56653,48.36,-93.61
56654,48.54,-93.84
56655,46.99,-94.24
56657,47.55,-93.62
56658,48.28,-93.76
56659,47.66,-94.02
56660,47.93,-94.24
56661,47.92,-94.1
56662,46.88,-93.92
56663,47.45,-94.47
56666,47.97,-95.01
56667,47.97,-95.01
56668,48.6,-93.3
56669,48.39,-93.31
56670,47.97,-95.01
56671,47.97,-95.01
56672,47.1,-94.02
56673,48.77,-95.75
56676,47.59,-95.38
56678,47.97,-95.01
56679,48.28,-93.76
56680,47.64,-93.92
56681,47.62,-94.19
56682,48.77,-95.75
56683,47.97,-95.01
56684,47.84,-96.35
56685,47.97,-95.01
56686,48.82,-94.93
56687,47.97,-95.01
56688,47.75,-93.96
56701,48.08,-96.15
56710,48.19,-97.0
56711,48.88,-94.89
56712,47.84,-96.35
56713,48.33,-96.82
56714,48.77,-96.02
56715,47.81,-96.01
56716,47.71,-96.41
56720,48.77,-96.81
56721,47.87,-96.92
56722,47.84,-96.35
56723,47.8,-96.8
56724,48.36,-96.38
56725,48.14,-95.8
56726,48.83,-96.29
56727,48.36,-96.38
56728,48.77,-96.94
56729,48.77,-96.81
56731,48.77,-96.81
56732,48.57,-96.53
56733,48.64,-96.91
56734,48.77,-96.81
56735,48.77,-96.81
56736,47.68,-96.15
56737,48.44,-96.51
56738,48.36,-96.38
56740,48.77,-96.81
56741,48.88,-94.89
56742,47.84,-95.85
56744,48.2,-97.13
56748,47.86,-96.1
56750,47.89,-96.27
56751,48.7,-95.75
56754,48.01,-96.21
56755,48.87,-97.09
56756,48.77,-95.75
56757,48.48,-96.87
56758,48.36,-96.38
56759,48.75,-96.06
56760,48.36,-96.38
56761,48.77,-95.75
56762,48.26,-96.77
56763,48.9,-95.25
57001,42.93,-96.62
57002,44.3,-96.67
57003,43.65,-96.81
57004,42.84,-96.68
57005,43.6,-96.79
57006,44.36,-96.76
57007,44.37,-96.79
57010,42.83,-96.85
57012,43.57,-97.25
57013,43.3,-96.71
57014,43.29,-97.04
57015,43.41,-96.98
57016,43.9,-96.93
57017,43.98,-96.81
57018,43.79,-96.91
57020,43.67,-96.82
57021,43.27,-96.98
57022,43.8,-96.7
57024,44.0,-96.65
57025,42.76,-96.68
57026,44.29,-96.54
57027,43.2,-96.51
57028,43.98,-96.62
57029,43.32,-97.55
57030,43.75,-96.6
57031,42.89,-97.21
57032,43.43,-96.66
57033,43.63,-96.81
57034,43.18,-96.58
57035,43.64,-96.82
57036,43.28,-97.14
57037,43.07,-97.13
57038,42.58,-96.58
57039,43.3,-96.86
57040,43.06,-97.57
57041,43.73,-96.87
57042,44.05,-97.09
57043,43.29,-97.28
57044,42.84,-97.09
57045,43.25,-97.54
57046,42.97,-97.3
57047,43.49,-97.25
57048,43.7,-97.19
57049,42.59,-96.59
57050,44.02,-97.13
57051,44.25,-97.32
57052,43.28,-97.72
57053,43.4,-97.13
57054,44.12,-97.22
57055,43.67,-96.76
57056,43.52,-96.56
57057,44.02,-97.13
57058,43.64,-97.34
57059,43.02,-97.78
57061,44.24,-97.02
57062,42.88,-97.93
57063,42.95,-97.71
57064,43.41,-96.84
57065,43.91,-96.65
57066,42.99,-97.87
57067,43.02,-97.37
57068,43.59,-96.53
57069,42.85,-96.97
57070,43.19,-97.18
57071,44.37,-96.79
57072,43.0,-97.24
57073,43.0,-97.06
57075,44.0,-96.97
57076,44.02,-97.13
57077,43.29,-96.78
57078,42.94,-97.38
57079,42.87,-97.39
57101,43.55,-96.69
57103,43.55,-96.64
57104,43.59,-96.69
57105,43.52,-96.73
57106,43.53,-96.78
57107,43.6,-96.8
57108,43.55,-96.7
57109,43.67,-96.79
57110,43.55,-96.63
57115,43.52,-96.87
57117,43.67,-96.79
57118,43.67,-96.79
57186,43.54,-96.72
57188,43.67,-96.79
57189,43.67,-96.79
57192,43.67,-96.79
57193,43.67,-96.79
57194,43.67,-96.79
57195,43.67,-96.79
57196,43.67,-96.79
57197,43.67,-96.79
57198,43.67,-96.79
57201,44.96,-97.18
57202,44.98,-97.19
57212,44.37,-97.25
57213,44.56,-96.59
57214,44.48,-97.21
57216,45.17,-96.53
57217,44.91,-97.71
57218,44.76,-96.67
57219,45.32,-97.64
57220,44.46,-96.89
57221,44.59,-97.47
57223,44.66,-97.12
57224,45.62,-96.85
57225,44.89,-97.83
57226,44.76,-96.69
57227,45.62,-96.85
57231,44.37,-97.54
57232,45.63,-97.4
57233,44.47,-97.37
57234,44.67,-97.19
57235,45.02,-97.31
57236,44.85,-97.74
57237,44.79,-96.46
57238,44.76,-96.67
57239,45.37,-97.6
57241,44.66,-97.2
57242,44.76,-97.38
57243,44.93,-97.39
57244,44.43,-97.29
57245,44.89,-96.92
57246,45.12,-96.67
57247,45.72,-97.47
57248,44.59,-97.14
57249,44.37,-97.38
57251,45.27,-96.94
57252,45.17,-96.63
57253,45.15,-96.84
57255,45.62,-96.85
57256,45.62,-96.85
57257,45.54,-96.95
57258,44.91,-97.94
57259,45.08,-96.56
57260,45.62,-96.85
57261,45.37,-97.6
57262,45.54,-96.97
57263,45.1,-97.04
57264,45.11,-96.8
57265,45.02,-96.74
57266,45.3,-97.04
57268,44.57,-96.59
57269,45.23,-96.82
57270,45.85,-97.38
57271,44.85,-97.74
57272,45.09,-97.45
57273,45.33,-97.31
57274,45.32,-97.53
57276,44.41,-96.6
57278,44.66,-97.57
57279,45.4,-96.83
57301,43.7,-98.09
57311,43.67,-97.76
57312,44.12,-98.41
57313,43.34,-98.4
57314,44.02,-98.01
57315,42.99,-97.88
57317,43.25,-99.02
57319,43.55,-97.47
57321,43.89,-97.54
57322,44.85,-97.74
57323,44.14,-97.72
57324,44.33,-98.01
57325,43.77,-99.15
57326,43.72,-99.13
57328,43.42,-98.44
57329,42.98,-98.18
57330,43.29,-98.18
57331,43.47,-98.0
57332,43.59,-97.66
57334,43.6,-98.07
57335,43.25,-99.02
57337,44.0,-97.75
57339,44.06,-99.25
57340,43.76,-97.87
57341,44.06,-99.25
57342,43.25,-98.74
57344,43.41,-98.53
57345,44.57,-99.49
57346,44.55,-99.49
57348,44.57,-98.41
57349,44.04,-97.56
57350,44.4,-98.18
57353,44.37,-97.65
57354,43.33,-97.76
57355,43.74,-98.95
57356,43.15,-98.53
57357,43.14,-98.43
57358,44.07,-98.43
57359,43.95,-98.15
57361,43.02,-98.45
57362,44.48,-99.06
57363,43.67,-98.16
57364,43.43,-98.61
57365,43.8,-99.39
57366,43.38,-97.92
57367,43.07,-98.52
57368,43.75,-98.52
57369,43.29,-98.77
57370,43.78,-99.19
57371,44.42,-99.22
57373,44.5,-98.87
57374,43.72,-97.58
57375,43.57,-98.5
57376,43.25,-97.92
57379,44.28,-98.5
57380,43.03,-98.32
57381,44.42,-98.64
57382,44.07,-98.68
57383,43.71,-98.64
57384,44.45,-98.49
57385,44.04,-98.23
57386,44.52,-98.04
57399,44.41,-98.28
57401,45.48,-98.41
57402,45.59,-98.35
57420,45.29,-99.99
57421,45.76,-97.93
57422,45.37,-97.6
57424,45.05,-98.4
57426,45.74,-98.57
57427,45.63,-98.27
57428,45.47,-99.6
57429,45.16,-98.32
57430,45.76,-97.73
57432,45.68,-98.05
57433,45.54,-98.34
57434,45.14,-98.15
57435,45.14,-98.92
57436,44.85,-98.1
57437,45.77,-99.33
57438,45.09,-99.2
57439,45.33,-98.08
57440,44.87,-98.23
57441,45.69,-98.37
57442,45.03,-100.04
57445,45.59,-98.25
57446,45.85,-98.16
57448,45.55,-99.46
57449,45.61,-98.17
57450,45.24,-99.78
57451,45.42,-99.26
57452,45.45,-99.82
57454,45.69,-97.77
57455,45.07,-100.0
57456,45.77,-98.98
57457,45.88,-99.17
57460,45.22,-98.6
57461,45.16,-98.43
57462,45.4,-98.81
57465,45.13,-98.63
57466,45.18,-99.46
57467,44.91,-99.07
57468,45.37,-97.6
57469,44.95,-98.41
57470,45.03,-98.88
57471,45.42,-99.35
57472,45.43,-100.1
57473,44.99,-99.34
57474,45.31,-98.26
57475,45.22,-99.69
57476,44.89,-98.4
57477,45.05,-98.18
57479,45.33,-98.47
57481,45.67,-98.58
57501,44.33,-100.09
57520,44.8,-100.16
57521,43.69,-101.6
57522,44.44,-99.93
57523,43.18,-99.29
57526,43.38,-99.88
57528,43.26,-99.72
57529,43.24,-99.52
57531,43.94,-100.7
57532,44.34,-100.64
57533,43.21,-99.36
57534,43.38,-99.88
57536,44.33,-99.77
57537,44.53,-101.01
57538,43.11,-99.2
57540,44.49,-99.59
57541,43.38,-99.88
57542,43.86,-99.82
57543,43.82,-101.39
57544,43.86,-99.82
57547,43.69,-101.6
57548,43.86,-99.82
57551,43.17,-101.73
57552,44.37,-101.53
57553,44.37,-101.53
57555,43.3,-100.66
57557,44.48,-100.53
57559,43.88,-100.76
57560,43.62,-100.72
57562,43.94,-100.7
57563,43.19,-100.71
57564,44.72,-99.98
57566,43.19,-100.71
57567,44.05,-101.63
57568,43.91,-100.05
57569,43.86,-99.82
57570,43.3,-100.63
57571,43.25,-99.02
57572,43.19,-100.71
57574,43.19,-101.67
57576,43.86,-99.82
57577,43.69,-101.6
57578,43.38,-99.88
57579,43.57,-100.75
57580,43.33,-99.8
57584,43.38,-99.88
57585,43.62,-100.72
57601,45.55,-100.33
57620,45.41,-102.51
57621,45.85,-101.1
57622,44.99,-101.57
57623,45.05,-101.61
57625,45.0,-101.23
57626,45.02,-102.03
57628,45.1,-100.88
57629,44.99,-101.57
57630,45.1,-100.88
57631,45.5,-100.31
57632,45.83,-100.02
57633,45.4,-101.44
57634,45.71,-101.15
57636,45.1,-100.88
57638,45.73,-102.41
57639,45.71,-101.15
57640,45.7,-102.66
57641,45.71,-101.15
57642,45.88,-100.89
57643,45.71,-101.15
57644,45.45,-102.28
57645,45.71,-101.15
57646,45.72,-100.05
57647,45.1,-100.88
57648,45.84,-100.28
57649,45.44,-102.7
57650,45.58,-103.49
57651,45.58,-103.49
57652,45.1,-100.88
57653,45.68,-102.29
57656,45.43,-101.07
57657,45.71,-101.15
57658,45.66,-100.54
57659,45.71,-101.15
57660,45.71,-101.15
57661,45.1,-100.88
57701,44.0,-103.24
57702,44.0,-103.36
57703,44.05,-103.18
57706,44.19,-103.23
57709,44.08,-103.32
57714,43.19,-101.67
57716,43.35,-102.54
57717,44.93,-103.87
57718,44.18,-103.33
57719,44.04,-103.2
57720,45.58,-103.91
57722,43.67,-103.37
57724,45.58,-103.49
57725,43.95,-102.79
57729,44.31,-102.15
57730,43.66,-103.43
57732,44.36,-103.74
57735,43.29,-103.83
57736,44.35,-102.52
57737,44.59,-102.79
57738,43.69,-103.21
57741,44.41,-103.46
57742,44.67,-103.7
57744,43.84,-103.19
57745,44.01,-103.65
57747,43.31,-103.53
57748,44.59,-102.79
57750,43.69,-101.6
57751,43.88,-103.4
57752,43.35,-102.54
57754,44.44,-103.75
57755,45.58,-103.49
57756,43.35,-102.54
57758,44.59,-102.79
57759,44.37,-103.75
57760,44.72,-103.42
57761,44.06,-102.8
57762,44.67,-103.56
57763,43.18,-103.24
57764,43.35,-102.54
57765,44.59,-102.79
57766,43.24,-103.53
57767,44.07,-102.68
57769,44.22,-103.27
57770,43.02,-102.54
57772,43.35,-102.54
57773,43.67,-103.37
57774,43.24,-103.53
57775,44.07,-102.22
57776,45.58,-103.49
57777,44.69,-102.59
57778,44.12,-103.76
57779,44.55,-103.72
57780,43.79,-102.35
57782,43.24,-103.53
57783,44.47,-103.77
57785,44.37,-103.36
57787,44.65,-102.73
57788,44.72,-103.43
57790,44.01,-102.24
57791,44.02,-102.6
57792,44.59,-102.79
57793,44.46,-103.64
57794,43.35,-102.54
57799,44.5,-103.87
58001,46.45,-96.73
58002,46.86,-97.21
58004,47.02,-97.27
58005,47.06,-96.98
58006,47.1,-97.14
58007,47.01,-97.46
58008,46.27,-96.86
58009,47.45,-97.15
58011,46.92,-97.56
58012,47.05,-97.06
58013,46.06,-97.53
58014,46.78,-97.35
58015,46.59,-96.81
58016,47.45,-97.15
58017,46.07,-97.82
58018,46.46,-96.87
58021,46.73,-97.06
58027,46.46,-97.78
58029,47.12,-97.38
58030,46.09,-96.91
58031,46.78,-97.8
58032,46.06,-97.63
58033,46.45,-97.91
58035,47.27,-97.41
58036,47.16,-96.96
58038,47.07,-96.97
58039,46.16,-96.84
58040,46.15,-97.77
58041,46.07,-96.92
58042,46.96,-96.97
58043,45.98,-97.54
58045,47.38,-97.06
58046,47.32,-97.71
58047,46.71,-96.89
58048,46.98,-97.15
58049,46.72,-97.98
58051,46.67,-97.05
58052,46.77,-97.29
58053,46.19,-96.99
58054,46.46,-97.64
58056,47.46,-97.72
58057,46.44,-97.34
58058,46.16,-96.97
58059,46.86,-97.12
58060,46.2,-97.48
58061,46.32,-96.86
58062,46.68,-97.79
58063,46.96,-97.79
58064,47.0,-97.52
58065,46.65,-98.2
58067,46.04,-97.43
58068,46.52,-97.42
58069,46.22,-97.62
58071,46.95,-97.63
58072,46.97,-98.01
58074,46.28,-96.92
58075,46.34,-96.79
58076,46.27,-96.61
58077,46.45,-97.01
58078,46.89,-96.93
58079,46.83,-97.35
58081,46.38,-97.11
58102,46.93,-96.99
58103,46.83,-96.83
58104,46.78,-96.88
58105,46.94,-96.97
58106,46.93,-97.23
58107,46.93,-97.23
58108,46.93,-97.23
58109,46.82,-96.81
58121,46.93,-97.23
58122,46.93,-97.23
58123,46.93,-97.23
58124,46.93,-97.23
58125,46.93,-97.23
58126,46.93,-97.23
58201,47.9,-97.43
58202,47.93,-97.39
58203,47.89,-97.3
58204,47.97,-97.37
58205,47.93,-97.39
58206,47.93,-97.39
58207,47.93,-97.39
58208,47.93,-97.39
58210,48.38,-98.0
58212,47.77,-98.04
58213,48.24,-97.28
58214,47.93,-97.49
58216,48.87,-97.43
58218,47.6,-97.1
58219,47.45,-97.15
58220,48.74,-97.7
58222,48.64,-97.63
58223,47.45,-97.15
58224,48.17,-97.96
58225,48.67,-97.36
58227,48.5,-97.89
58228,47.89,-97.28
58229,48.38,-98.05
58230,47.51,-97.84
58231,48.28,-97.83
58233,48.26,-97.52
58235,48.09,-97.51
58236,48.72,-97.47
58237,48.37,-97.44
58238,48.78,-97.45
58239,48.77,-98.46
58240,47.64,-97.46
58241,48.72,-97.7
58243,48.49,-97.68
58244,48.11,-97.68
58249,48.75,-98.29
58250,48.28,-98.08
58251,47.91,-97.63
58254,47.86,-98.13
58255,48.77,-98.46
58256,48.11,-97.29
58257,47.49,-97.35
58258,48.01,-97.43
58259,48.02,-98.12
58260,48.62,-98.04
58261,48.26,-97.31
58262,48.69,-97.88
58265,48.94,-97.51
58266,48.02,-97.82
58267,47.76,-97.6
58269,48.77,-98.46
58270,48.42,-97.77
58271,48.86,-97.29
58272,48.01,-98.0
58273,48.32,-97.81
58274,47.58,-97.24
58275,47.87,-97.24
58276,48.63,-97.47
58277,47.46,-97.72
58278,47.79,-97.35
58281,48.77,-98.46
58282,48.88,-97.8
58301,48.26,-98.78
58310,48.77,-99.77
58311,48.77,-98.46
58313,48.1,-99.99
58316,48.78,-99.8
58317,48.59,-99.23
58318,48.83,-100.6
58319,47.66,-99.66
58320,48.29,-99.4
58321,48.24,-98.4
58323,48.77,-98.46
58324,48.5,-99.23
58325,48.29,-99.07
58327,48.09,-98.57
58329,48.86,-100.02
58330,48.42,-98.5
58331,48.65,-99.12
58332,48.06,-99.54
58335,48.11,-99.19
58337,47.59,-99.67
58338,48.5,-98.64
58339,48.9,-99.43
58341,47.7,-99.75
58343,48.3,-99.69
58344,47.97,-98.32
58345,48.28,-98.44
58346,48.17,-99.43
58348,48.0,-99.54
58351,48.13,-99.39
58352,48.67,-98.84
58353,48.77,-99.84
58355,48.77,-98.46
58356,47.72,-98.9
58357,47.95,-99.13
58359,48.09,-100.16
58361,47.8,-98.36
58362,48.28,-99.07
58363,48.75,-99.44
58365,48.84,-99.26
58366,48.7,-99.88
58367,48.83,-99.79
58368,48.25,-99.99
58369,48.88,-99.73
58370,47.99,-98.85
58372,48.77,-98.46
58374,47.76,-98.91
58377,48.45,-98.76
58379,48.11,-99.19
58380,47.85,-98.45
58381,47.91,-98.76
58382,48.32,-98.8
58384,48.66,-100.35
58385,48.47,-99.65
58386,48.26,-99.6
58401,46.92,-98.75
58402,46.98,-98.96
58405,46.91,-98.7
58413,46.06,-99.29
58415,46.36,-98.47
58416,47.49,-98.41
58418,47.46,-99.65
58420,47.01,-98.9
58421,47.46,-98.89
58422,47.63,-99.4
58423,47.46,-99.83
58424,46.89,-99.13
58425,47.37,-98.3
58426,47.2,-98.59
58428,46.81,-99.77
58429,47.18,-98.16
58430,47.53,-100.27
58431,46.47,-98.54
58432,46.89,-98.38
58433,46.41,-98.71
58436,46.11,-98.62
58438,47.63,-99.56
58439,46.01,-98.85
58440,46.37,-99.17
58441,46.18,-98.38
58442,46.52,-99.17
58443,47.46,-98.69
58444,47.48,-100.15
58445,47.46,-98.7
58448,47.38,-98.35
58451,47.47,-99.94
58452,47.46,-98.23
58454,46.55,-98.87
58455,47.24,-98.75
58456,46.39,-98.6
58458,46.38,-98.36
58460,46.14,-99.38
58461,46.72,-98.19
58463,47.51,-100.42
58464,47.51,-98.63
58466,46.55,-98.37
58467,46.9,-99.32
58472,46.68,-98.66
58474,46.11,-98.23
58475,47.15,-99.58
58476,47.2,-99.01
58477,47.21,-100.55
58478,46.98,-99.69
58479,47.07,-98.21
58480,46.89,-98.26
58481,46.99,-98.52
58482,46.88,-99.8
58483,46.72,-99.34
58484,47.4,-98.4
58486,47.42,-99.4
58487,46.81,-99.59
58488,47.13,-99.97
58489,46.03,-99.65
58490,46.4,-98.1
58492,47.11,-98.4
58494,47.16,-100.29
58495,46.19,-99.61
58496,47.15,-99.26
58497,46.77,-98.57
58501,46.98,-100.5
58502,46.89,-100.68
58503,46.91,-100.75
58504,46.83,-100.46
58505,46.82,-100.78
58506,46.98,-100.52
58507,46.98,-100.52
58520,46.72,-101.5
58521,47.02,-100.69
58523,47.28,-101.85
58524,46.56,-100.11
58528,46.36,-100.69
58529,46.3,-101.67
58530,47.15,-101.16
58531,47.58,-101.14
58532,46.85,-100.18
58533,46.37,-101.76
58535,46.6,-101.32
58538,46.17,-100.71
58540,47.67,-101.61
58541,47.31,-102.06
58542,46.08,-100.1
58544,46.52,-100.34
58545,47.39,-101.76
58549,46.46,-99.97
58552,46.19,-100.23
58553,46.87,-100.4
58554,46.71,-100.95
58558,46.81,-100.46
58559,47.5,-100.76
58560,46.67,-100.3
58561,46.46,-99.66
58562,46.38,-101.96
58563,46.81,-101.43
58564,46.27,-101.37
58565,47.4,-101.2
58566,46.65,-100.94
58568,46.19,-101.25
58569,46.24,-101.22
58570,46.37,-100.78
58571,47.38,-101.39
58572,46.88,-100.28
58573,46.08,-100.22
58575,47.5,-100.9
58576,47.45,-101.22
58577,47.38,-101.1
58579,47.49,-101.09
58580,47.26,-101.93
58581,46.06,-99.79
58601,46.81,-102.76
58602,46.82,-102.66
58620,46.45,-103.49
58621,46.96,-103.9
58622,46.82,-103.13
58623,46.21,-103.52
58625,47.31,-102.2
58626,47.34,-102.66
58627,46.92,-103.51
58630,46.85,-102.64
58631,46.81,-101.82
58632,46.67,-103.95
58634,47.74,-103.3
58636,47.35,-102.34
58638,46.85,-101.97
58639,46.06,-102.79
58640,47.53,-102.7
58641,46.72,-102.66
58642,47.4,-102.62
58643,46.45,-103.49
58644,47.4,-102.62
58645,46.98,-103.35
58646,46.37,-102.33
58647,46.46,-102.6
58649,46.11,-102.5
58650,46.42,-102.56
58651,46.11,-103.52
58652,46.82,-102.26
58653,46.11,-103.52
58654,46.85,-103.87
58655,46.77,-103.07
58656,46.86,-102.78
58701,48.08,-101.42
58702,48.34,-101.45
58703,48.3,-101.61
58704,48.42,-101.32
58705,48.23,-101.3
58707,48.25,-101.3
58710,47.93,-100.28
58711,48.81,-101.23
58712,47.99,-100.5
58713,48.53,-100.64
58716,47.76,-101.11
58718,48.31,-101.69
58721,48.84,-102.28
58722,48.1,-101.54
58723,47.69,-100.69
58725,48.42,-101.71
58727,48.85,-102.59
58730,48.93,-103.3
58731,48.49,-100.96
58733,48.19,-101.67
58734,48.5,-102.01
58735,47.95,-101.46
58736,47.98,-100.38
58737,48.88,-102.38
58740,48.65,-101.54
58741,48.31,-100.68
58744,48.19,-100.59
58746,48.52,-101.67
58747,47.88,-100.66
58748,48.7,-100.63
58750,48.63,-101.3
58752,48.82,-102.61
58755,48.41,-103.41
58756,47.96,-101.78
58757,47.74,-103.3
58758,47.72,-100.21
58759,47.57,-101.16
58760,48.74,-101.2
58761,48.73,-101.61
58762,48.77,-101.07
58763,47.97,-102.47
58765,48.93,-103.07
58768,48.27,-100.95
58769,48.28,-102.26
58770,47.95,-102.1
58771,48.07,-102.03
58772,48.95,-102.62
58773,48.66,-102.68
58775,47.68,-101.87
58776,48.27,-102.55
58778,47.75,-100.93
58779,47.98,-101.67
58781,48.18,-101.34
58782,48.86,-101.77
58783,48.87,-100.74
58784,48.35,-102.42
58785,48.29,-101.11
58787,48.76,-101.86
58788,48.36,-100.49
58789,48.35,-100.83
58790,48.02,-100.63
58792,47.99,-100.8
58793,48.87,-100.84
58794,48.3,-102.77
58795,48.57,-103.15
58801,48.23,-103.65
58802,48.17,-103.61
58830,48.54,-103.47
58831,47.74,-103.3
58833,48.82,-103.47
58835,47.81,-103.44
58838,47.74,-103.3
58843,48.28,-103.38
58844,48.82,-103.47
58845,48.53,-103.92
58847,47.74,-103.3
58849,48.32,-103.17
58852,48.36,-102.96
58853,48.3,-103.44
58854,47.8,-103.27
58856,48.53,-103.77
59001,45.52,-109.46
59002,45.93,-108.69
59003,45.61,-106.28
59004,46.02,-106.99
59006,45.89,-108.1
59007,45.16,-109.16
59008,45.09,-109.03
59010,46.18,-107.34
59011,45.83,-109.95
59012,46.02,-106.99
59013,45.41,-109.14
59014,45.34,-108.92
59015,46.04,-108.76
59016,45.54,-106.96
59018,45.83,-110.62
59019,45.66,-109.21
59020,45.02,-109.91
59022,45.61,-107.47
59024,46.21,-107.69
59025,45.52,-107.48
59026,45.44,-108.85
59027,45.27,-110.79
59028,45.41,-109.77
59029,45.4,-108.82
59030,45.11,-110.81
59031,45.52,-107.48
59032,47.29,-108.76
59033,45.7,-109.86
59034,45.53,-107.7
59035,45.31,-107.93
59036,46.45,-109.84
59037,45.88,-108.21
59038,46.29,-107.23
59039,46.02,-106.99
59041,45.49,-108.99
59043,45.62,-106.68
59044,45.8,-108.23
59046,46.38,-109.0
59047,45.53,-110.37
59050,45.32,-107.37
59052,45.83,-109.96
59053,46.62,-110.85
59054,46.6,-107.87
59055,45.7,-109.86
59057,45.94,-108.91
59058,47.41,-107.03
59059,46.52,-108.09
59061,45.48,-109.6
59062,45.39,-105.63
59063,45.66,-109.05
59064,45.96,-107.94
59065,45.33,-110.71
59066,45.52,-107.48
59067,45.95,-109.23
59068,45.24,-109.32
59069,45.74,-109.52
59070,45.35,-109.21
59071,45.32,-108.95
59072,46.44,-108.43
59073,46.44,-108.4
59074,46.38,-109.26
59075,45.52,-107.48
59076,46.18,-107.34
59077,47.41,-107.03
59078,46.49,-109.83
59079,46.08,-108.44
59081,45.0,-109.99
59082,45.33,-110.48
59083,46.02,-106.99
59084,47.17,-108.28
59085,46.42,-110.07
59086,46.02,-110.6
59087,47.0,-108.12
59088,46.09,-108.01
59089,45.52,-107.48
59101,45.69,-108.39
59102,45.79,-108.59
59103,45.98,-108.19
59104,45.98,-108.19
59105,45.95,-108.6
59106,45.8,-108.57
59107,45.83,-108.39
59108,45.98,-108.19
59111,45.98,-108.19
59112,45.98,-108.19
59114,45.98,-108.19
59115,45.98,-108.19
59116,45.98,-108.19
59117,45.98,-108.19
59201,48.21,-105.07
59211,48.7,-104.36
59212,48.14,-104.22
59213,48.28,-104.94
59214,47.25,-105.91
59215,47.48,-105.76
59217,47.71,-104.18
59218,48.15,-104.52
59219,48.56,-104.29
59221,47.85,-104.06
59222,48.78,-105.56
59223,48.02,-106.45
59225,48.3,-106.03
59226,48.34,-104.49
59230,48.44,-106.47
59231,48.4,-106.54
59240,48.33,-106.61
59241,48.34,-106.85
59242,48.29,-104.81
59243,47.75,-104.64
59244,48.68,-106.36
59245,48.28,-104.94
59247,48.54,-104.42
59248,48.22,-106.32
59250,48.91,-106.27
59252,48.9,-104.79
59253,48.73,-105.89
59254,48.75,-104.47
59255,48.12,-105.19
59256,48.69,-104.55
59257,48.73,-104.94
59258,48.57,-104.57
59259,47.46,-104.99
59260,48.65,-106.12
59261,48.46,-107.34
59262,47.45,-104.34
59263,48.71,-105.54
59270,47.66,-104.2
59273,48.33,-106.61
59274,47.87,-105.54
59275,48.87,-104.31
59276,48.9,-105.16
59301,46.45,-105.8
59311,45.57,-104.54
59312,46.02,-106.99
59313,46.35,-104.27
59314,45.39,-105.63
59315,47.41,-104.96
59316,45.57,-104.54
59317,45.26,-105.26
59318,47.41,-107.03
59319,45.57,-104.54
59322,47.41,-107.03
59323,45.93,-106.64
59324,45.9,-104.64
59326,46.86,-105.35
59327,46.17,-106.63
59330,47.18,-104.77
59332,45.57,-104.54
59333,46.02,-106.99
59336,46.32,-105.46
59337,47.33,-106.94
59338,46.32,-105.46
59339,47.25,-105.17
59341,46.86,-105.35
59343,45.39,-105.63
59344,46.28,-104.48
59345,45.39,-105.63
59347,46.27,-106.67
59348,45.39,-105.63
59349,46.79,-105.31
59351,46.32,-105.46
59353,46.82,-104.12
59354,46.28,-104.48
59401,47.4,-111.42
59402,47.51,-111.2
59403,47.26,-111.34
59404,47.55,-111.39
59405,47.28,-111.29
59406,47.62,-111.24
59410,47.44,-112.51
59411,48.9,-113.3
59412,47.32,-110.88
59414,47.53,-111.23
59416,48.07,-111.72
59417,48.65,-112.79
59418,47.25,-109.26
59419,48.05,-112.46
59420,47.86,-110.47
59421,47.28,-111.73
59422,47.82,-112.27
59424,47.25,-109.26
59425,48.18,-111.85
59427,48.65,-112.93
59430,47.43,-109.97
59432,48.18,-112.59
59433,47.84,-111.8
59434,48.45,-113.22
59435,48.61,-111.73
59436,47.61,-112.21
59440,47.86,-110.47
59441,47.25,-109.26
59442,47.68,-110.44
59443,47.55,-111.88
59444,48.81,-111.47
59445,47.06,-109.47
59446,47.6,-110.27
59447,47.26,-110.49
59448,48.3,-112.85
59450,47.86,-110.47
59451,47.42,-109.4
59452,47.0,-109.88
59453,46.49,-109.83
59454,48.75,-111.58
59456,48.28,-111.83
59457,47.25,-109.38
59460,47.94,-110.5
59461,48.61,-111.73
59462,47.05,-109.91
59463,47.05,-110.88
59464,46.97,-109.69
59465,47.29,-111.15
59466,48.83,-111.69
59467,48.04,-112.32
59468,47.73,-111.69
59469,47.04,-110.27
59471,47.31,-109.09
59472,47.41,-111.14
59473,48.65,-113.13
59474,48.61,-111.73
59477,47.5,-111.89
59479,47.15,-110.22
59480,47.25,-111.08
59482,48.88,-111.74
59483,47.48,-111.75
59484,48.94,-111.85
59485,47.35,-111.6
59486,48.27,-112.31
59487,47.58,-111.64
59489,47.07,-109.43
59501,48.66,-110.09
59520,48.18,-110.31
59521,48.32,-110.22
59522,48.51,-110.97
59523,48.49,-109.26
59524,48.39,-108.25
59525,48.57,-110.3
59526,48.66,-108.82
59527,48.36,-108.89
59528,48.57,-110.3
59529,48.36,-108.89
59530,48.57,-110.11
59531,48.57,-111.08
59532,48.45,-110.11
59535,48.36,-108.89
59537,48.22,-108.04
59538,48.12,-107.78
59540,48.57,-110.11
59542,48.36,-108.89
59544,48.22,-108.04
59545,48.51,-110.97
59546,48.22,-108.04
59547,48.36,-108.89
59601,46.71,-112.2
59602,46.71,-111.96
59604,46.67,-111.97
59620,47.18,-112.33
59623,46.59,-112.04
59624,46.61,-112.06
59625,46.6,-112.04
59626,47.18,-112.33
59631,46.33,-112.2
59632,46.14,-111.94
59633,47.18,-112.33
59634,46.39,-112.07
59635,46.63,-111.85
59636,46.61,-112.12
59638,46.37,-112.02
59639,46.96,-112.62
59640,46.75,-112.3
59641,46.21,-111.63
59642,46.64,-110.97
59643,46.29,-111.53
59644,46.41,-111.4
59645,46.63,-111.05
59647,46.45,-111.65
59648,47.09,-112.15
59701,46.0,-112.6
59702,45.91,-112.64
59703,45.91,-112.64
59707,45.91,-112.64
59710,45.19,-112.06
59711,46.16,-113.01
59713,46.57,-112.65
59714,45.43,-111.1
59715,45.81,-111.17
59716,45.28,-111.27
59717,45.63,-110.9
59718,45.67,-111.24
59719,45.63,-110.9
59720,44.99,-111.53
59721,45.87,-111.89
59722,46.4,-112.64
59724,45.15,-112.7
59725,45.24,-113.0
59727,45.91,-112.64
59728,46.5,-112.4
59729,45.29,-111.67
59730,45.34,-111.25
59731,46.59,-112.78
59732,45.15,-112.7
59733,46.59,-112.94
59735,45.28,-112.03
59736,45.37,-113.36
59739,44.7,-112.66
59740,45.41,-111.78
59741,45.77,-111.37
59743,45.91,-112.64
59745,45.57,-111.72
59746,45.56,-113.02
59747,45.28,-112.03
59748,46.03,-112.76
59749,45.31,-111.93
59750,45.94,-112.74
59751,45.7,-112.25
59752,45.38,-111.46
59754,45.49,-112.42
59755,45.33,-111.87
59756,46.22,-112.81
59758,44.76,-111.24
59759,46.0,-112.09
59760,45.78,-111.63
59761,45.54,-113.47
59762,45.72,-113.25
59771,45.72,-111.12
59772,45.64,-111.06
59773,45.63,-110.9
59801,46.85,-113.91
59802,46.99,-113.95
59803,46.81,-113.99
59804,46.85,-114.17
59806,47.12,-114.05
59807,46.91,-113.96
59808,46.98,-114.06
59812,47.12,-114.05
59820,46.99,-114.56
59821,47.22,-114.02
59823,46.87,-113.73
59824,47.31,-114.18
59825,46.78,-113.68
59826,47.48,-113.68
59827,45.92,-114.06
59828,46.45,-114.12
59829,46.09,-114.18
59830,47.39,-115.35
59831,47.31,-114.33
59832,46.69,-113.22
59833,46.62,-114.04
59834,47.07,-114.25
59835,46.06,-114.04
59836,47.01,-113.44
59837,46.47,-113.24
59840,46.23,-114.17
59841,46.33,-114.22
59842,47.4,-115.52
59843,46.86,-112.93
59844,48.05,-115.97
59845,47.63,-114.55
59846,47.07,-114.4
59847,46.75,-114.3
59848,47.73,-114.66
59851,46.87,-113.88
59853,48.08,-115.86
59854,47.04,-113.1
59855,47.65,-114.21
59856,47.39,-114.8
59858,46.27,-113.44
59859,47.6,-115.08
59860,47.74,-114.23
59863,47.59,-114.1
59864,47.51,-114.18
59865,47.37,-114.06
59866,47.31,-115.14
59867,47.4,-115.42
59868,47.3,-113.55
59870,46.32,-114.05
59871,45.84,-113.87
59872,47.14,-114.75
59873,47.74,-115.41
59874,47.79,-115.54
59875,46.4,-114.16
59901,48.2,-114.3
59902,48.19,-114.14
59903,48.22,-114.43
59904,48.24,-114.26
59910,47.77,-114.28
59911,48.15,-113.92
59912,48.36,-114.35
59913,48.43,-114.06
59914,47.85,-114.28
59915,47.7,-114.21
59916,48.32,-113.89
59917,48.73,-115.35
59918,48.76,-114.88
59919,48.28,-113.91
59920,48.05,-114.51
59921,48.3,-113.95
59922,48.18,-114.23
59923,48.38,-115.39
59925,48.09,-114.73
59926,48.4,-114.09
59927,48.55,-114.59
59928,48.78,-114.34
59929,47.91,-114.34
59930,48.87,-115.12
59931,47.9,-114.21
59932,48.07,-114.2
59933,48.45,-115.33
59934,48.45,-115.33
59935,48.58,-115.82
59936,48.43,-114.06
59937,48.27,-114.37
60001,42.32,-88.45
60002,42.45,-88.08
60004,42.09,-88.0
60005,42.06,-87.88
60006,41.81,-87.69
60007,42.02,-87.91
60008,42.07,-88.03
60009,41.81,-87.69
60010,42.27,-88.07
60011,42.32,-87.61
60012,42.23,-88.31
60013,42.2,-88.25
60014,42.24,-88.32
60015,42.18,-87.87
60016,42.05,-87.89
60017,42.03,-87.89
60018,42.02,-87.87
60019,42.02,-87.91
60020,42.4,-88.17
60021,42.21,-88.25
60022,42.1,-87.82
60025,42.08,-87.82
60026,41.81,-87.69
60029,42.06,-87.79
60030,42.35,-88.05
60031,42.38,-87.94
60033,42.36,-88.5
60034,42.46,-88.43
60035,42.19,-87.81
60037,42.26,-87.82
60038,42.1,-88.01
60039,42.32,-88.45
60040,42.21,-87.81
60041,42.37,-88.15
60042,42.27,-88.19
60043,42.09,-87.71
60044,42.29,-87.87
60045,42.24,-87.88
60046,42.38,-88.0
60047,42.22,-88.08
60048,42.29,-87.96
60049,42.2,-88.04
60050,42.3,-88.32
60051,42.32,-88.45
60053,42.04,-87.79
60055,42.1,-88.01
60056,42.06,-87.93
60060,42.25,-88.03
60061,42.23,-87.96
60062,42.12,-87.84
60064,42.35,-87.96
60065,41.81,-87.69
60067,42.1,-88.06
60068,42.04,-87.84
60069,42.31,-87.99
60070,42.11,-87.94
60071,42.33,-88.43
60072,42.4,-88.31
60073,42.28,-88.05
60074,42.13,-88.05
60075,42.32,-87.61
60076,42.06,-87.88
60077,42.03,-87.76
60078,41.81,-87.69
60079,42.32,-87.61
60080,42.44,-88.28
60081,42.37,-88.25
60082,42.12,-87.81
60083,42.44,-87.94
60084,42.25,-88.07
60085,42.33,-87.98
60086,42.43,-87.78
60087,42.37,-87.87
60088,42.31,-87.85
60089,42.18,-87.96
60090,42.12,-87.93
60091,42.08,-87.73
60092,42.32,-87.61
60093,42.11,-87.94
60094,41.81,-87.69
60095,41.81,-87.69
60096,42.48,-87.83
60097,42.36,-88.33
60098,42.32,-88.46
60099,42.46,-87.88
60101,41.89,-88.02
60102,42.28,-88.46
60103,42.03,-88.16
60104,41.81,-87.69
60105,41.84,-88.09
60106,41.84,-88.09
60107,42.02,-88.18
60108,41.84,-88.09
60109,42.05,-88.54
60110,42.13,-88.3
60111,42.01,-88.83
60112,41.93,-88.68
60113,41.93,-88.96
60115,41.82,-88.79
60116,41.84,-88.09
60117,41.84,-88.09
60118,42.02,-88.42
60119,41.83,-88.47
60120,41.99,-88.43
60121,42.04,-88.31
60122,42.07,-88.3
60123,42.04,-88.37
60125,41.84,-88.09
60126,41.88,-87.95
60128,41.84,-88.09
60129,42.04,-88.92
60130,41.81,-87.69
60131,41.94,-87.88
60132,41.84,-88.09
60133,41.98,-88.14
60134,41.98,-88.41
60135,42.1,-88.72
60136,42.1,-88.38
60137,41.87,-88.03
60138,41.84,-88.09
60139,41.84,-88.09
60140,42.03,-88.45
60141,41.81,-87.69
60142,42.2,-88.45
60143,41.84,-88.09
60144,41.94,-88.42
60145,42.09,-88.76
60146,42.09,-88.87
60147,41.94,-88.42
60148,41.87,-88.0
60150,41.93,-88.89
60151,41.92,-88.51
60152,42.26,-88.61
60153,41.81,-87.69
60154,41.81,-87.69
60155,41.81,-87.69
60156,42.2,-88.32
60157,41.84,-88.09
60159,41.81,-87.69
60160,41.91,-87.86
60161,41.81,-87.69
60162,41.81,-87.69
60163,41.81,-87.69
60164,41.92,-87.89
60165,41.91,-87.88
60168,41.81,-87.69
60170,42.03,-88.43
60171,41.92,-87.84
60172,41.84,-88.09
60173,42.08,-88.05
60174,41.94,-88.43
60175,41.94,-88.39
60176,41.96,-87.87
60177,42.01,-88.41
60178,41.89,-88.69
60179,42.08,-88.22
60180,42.22,-88.53
60181,41.88,-87.98
60182,41.91,-88.6
60183,41.94,-88.42
60184,41.84,-88.09
60185,41.84,-88.09
60186,41.84,-88.09
60187,41.84,-88.09
60188,41.84,-88.09
60189,41.84,-88.09
60190,41.84,-88.09
60191,41.84,-88.09
60192,42.09,-88.12
60193,42.02,-88.12
60194,42.03,-88.12
60195,42.08,-88.11
60196,42.06,-88.07
60197,41.84,-88.09
60199,41.84,-88.09
60201,42.05,-87.7
60202,42.04,-87.69
60203,42.05,-87.72
60204,41.81,-87.69
60208,42.06,-87.68
60209,42.05,-87.68
60301,41.81,-87.69
60302,41.81,-87.69
60303,41.81,-87.69
60304,41.81,-87.69
60305,41.81,-87.69
60399,41.99,-87.98
60401,41.36,-87.63
60402,41.81,-87.69
60406,41.81,-87.69
60407,41.24,-88.28
60408,41.29,-88.02
60409,41.81,-87.69
60410,41.43,-88.2
60411,41.81,-87.69
60412,41.81,-87.69
60415,41.81,-87.69
60416,41.28,-88.37
60417,41.43,-87.62
60419,41.81,-87.69
60420,41.06,-88.42
60421,41.44,-88.09
60422,41.81,-87.69
60423,41.45,-87.9
60424,41.18,-88.34
60425,41.81,-87.69
60426,41.81,-87.69
60429,41.81,-87.69
60430,41.81,-87.69
60431,41.47,-87.94
60432,41.54,-88.05
60433,41.48,-87.88
60434,41.53,-88.08
60435,41.47,-87.94
60436,41.49,-88.16
60437,41.19,-88.47
60438,41.81,-87.69
60439,41.71,-87.98
60440,41.62,-88.02
60441,41.55,-88.03
60442,41.49,-87.98
60443,41.81,-87.69
60444,41.23,-88.42
60445,41.81,-87.69
60446,41.64,-88.07
60447,41.43,-88.42
60448,41.43,-88.01
60449,41.41,-87.79
60450,41.34,-88.43
60451,41.51,-87.96
60452,41.81,-87.69
60453,41.81,-87.69
60454,41.81,-87.69
60455,41.81,-87.69
60456,41.81,-87.69
60457,41.81,-87.69
60458,41.81,-87.69
60459,41.81,-87.69
60460,41.0,-88.54
60461,41.81,-87.69
60462,41.81,-87.69
60463,41.81,-87.69
60464,41.81,-87.69
60465,41.81,-87.69
60466,41.81,-87.69
60467,41.81,-87.69
60468,41.35,-87.77
60469,41.81,-87.69
60470,41.17,-88.66
60471,41.81,-87.69
60472,41.95,-87.88
60473,41.81,-87.69
60474,41.17,-88.27
60475,41.81,-87.69
60476,41.81,-87.69
60477,42.14,-88.03
60478,41.81,-87.69
60479,41.25,-88.51
60480,41.81,-87.69
60481,41.36,-88.08
60482,41.81,-87.69
60490,41.68,-88.14
60499,41.81,-87.69
60501,41.81,-87.69
60504,41.77,-88.14
60505,41.77,-88.41
60506,41.79,-88.42
60507,41.94,-88.42
60510,41.83,-88.41
60511,41.76,-88.55
60512,41.7,-88.43
60513,41.81,-87.69
60514,41.77,-87.97
60515,41.8,-88.01
60516,41.75,-88.02
60517,41.74,-88.04
60518,41.55,-88.94
60519,41.78,-88.25
60520,41.74,-88.69
60521,41.78,-87.97
60522,41.84,-88.09
60523,41.84,-87.96
60525,41.81,-87.69
60526,41.81,-87.69
60527,41.84,-88.09
60530,41.78,-88.98
60531,41.48,-88.73
60532,41.8,-88.04
60534,41.81,-87.69
60536,41.59,-88.56
60537,41.56,-88.6
60538,41.64,-88.46
60539,41.82,-88.33
60540,41.76,-88.15
60541,41.54,-88.49
60542,41.81,-88.34
60543,41.63,-88.42
60544,41.63,-88.17
60545,41.63,-88.51
60546,41.81,-87.69
60548,41.7,-88.69
60549,41.49,-88.75
60550,41.75,-88.84
60551,41.52,-88.71
60552,41.86,-88.78
60553,41.8,-89.09
60554,41.78,-88.45
60555,41.81,-88.17
60556,41.76,-88.78
60557,41.44,-88.77
60558,41.81,-87.69
60559,41.8,-87.97
60560,41.6,-88.44
60561,41.74,-87.98
60563,41.78,-88.15
60564,41.68,-88.2
60565,41.74,-88.11
60566,41.84,-88.09
60567,41.84,-88.09
60568,41.94,-88.43
60570,41.84,-88.09
60572,41.84,-88.09
60597,41.84,-88.09
60598,41.84,-88.09
60599,41.84,-88.09
60601,41.81,-87.69
60602,41.81,-87.69
60603,42.06,-87.73
60604,41.81,-87.69
60605,41.81,-87.69
60606,41.81,-87.69
60607,41.93,-87.81
60608,41.81,-87.69
60609,41.81,-87.69
60610,41.81,-87.69
60611,41.81,-87.69
60612,41.81,-87.69
60613,41.81,-87.69
60614,41.81,-87.69
60615,41.81,-87.69
60616,41.81,-87.69
60617,41.81,-87.69
60618,41.81,-87.69
60619,41.81,-87.69
60620,41.81,-87.69
60621,41.81,-87.69
60622,41.81,-87.69
60623,41.81,-87.69
60624,41.81,-87.69
60625,41.81,-87.69
60626,41.81,-87.69
60628,41.81,-87.69
60629,41.81,-87.69
60630,41.81,-87.69
60631,42.01,-87.81
60632,41.81,-87.69
60633,41.81,-87.69
60634,41.93,-87.82
60636,41.81,-87.69
60637,41.81,-87.69
60638,41.81,-87.69
60639,41.81,-87.69
60640,41.81,-87.69
60641,41.81,-87.69
60643,41.81,-87.69
60644,41.81,-87.69
60645,42.01,-87.72
60646,42.01,-87.76
60647,41.81,-87.69
60649,41.81,-87.69
60651,41.81,-87.69
60652,41.81,-87.69
60653,41.81,-87.69
60654,41.81,-87.69
60655,41.81,-87.69
60656,41.97,-87.87
60657,41.81,-87.69
60659,42.0,-87.72
60660,41.81,-87.69
60661,41.81,-87.69
60663,41.81,-87.69
60664,41.81,-87.69
60665,41.81,-87.69
60666,41.97,-87.89
60667,41.81,-87.69
60668,41.81,-87.69
60669,41.81,-87.69
60670,41.81,-87.69
60671,41.81,-87.69
60672,41.81,-87.69
60673,41.81,-87.69
60674,41.81,-87.69
60675,41.81,-87.69
60677,41.81,-87.69
60678,41.81,-87.69
60679,41.81,-87.69
60680,41.81,-87.69
60681,41.81,-87.69
60683,41.81,-87.69
60684,41.81,-87.69
60685,41.81,-87.69
60687,41.81,-87.69
60688,41.95,-87.91
60690,41.81,-87.69
60691,41.81,-87.69
60693,42.1,-87.72
60694,41.81,-87.69
60696,41.88,-87.63
60697,41.81,-87.69
60699,41.81,-87.69
60701,41.81,-87.69
60706,41.81,-87.69
60707,41.92,-87.82
60712,42.01,-87.74
60714,42.03,-87.81
60803,41.81,-87.69
60804,41.81,-87.69
60805,41.81,-87.69
60827,41.81,-87.69
60901,41.11,-87.87
60902,41.15,-87.89
60910,41.09,-87.68
60911,40.88,-87.97
60912,40.96,-87.63
60913,41.14,-88.05
60914,41.18,-87.85
60915,41.21,-87.84
60917,41.06,-88.07
60918,40.6,-88.02
60919,40.97,-88.19
60920,41.02,-88.31
60921,40.74,-88.29
60922,40.97,-87.95
60924,40.74,-87.91
60926,40.57,-87.8
60927,40.93,-87.95
60928,40.66,-87.95
60929,40.88,-88.3
60930,40.81,-87.97
60931,40.88,-87.6
60932,40.34,-87.7
60933,40.46,-88.27
60934,40.97,-88.36
60935,41.16,-88.16
60936,40.7,-88.32
60938,40.77,-87.83
60939,40.75,-87.83
60940,41.2,-87.64
60941,41.12,-87.9
60942,40.44,-87.67
60944,41.15,-87.89
60945,40.83,-87.58
60946,40.9,-88.19
60948,40.54,-87.97
60949,40.37,-88.15
60950,41.17,-87.88
60951,40.93,-87.75
60952,40.54,-88.3
60953,40.75,-87.7
60954,41.12,-87.87
60955,40.76,-87.85
60956,40.97,-87.72
60957,40.66,-88.2
60959,40.72,-88.19
60960,40.42,-87.86
60961,41.1,-88.2
60962,40.57,-88.23
60963,40.36,-87.68
60964,41.07,-87.69
60966,40.75,-87.59
60967,40.75,-87.83
60968,40.67,-88.1
60969,41.11,-88.15
60970,40.75,-87.8
60973,40.63,-87.66
60974,40.72,-87.73
61001,42.45,-90.12
61006,41.84,-89.19
61007,42.18,-89.6
61008,42.28,-88.82
61010,42.09,-89.32
61011,42.4,-88.84
61012,42.41,-88.76
61013,42.38,-89.64
61014,41.99,-89.88
61015,42.0,-89.2
61016,42.24,-88.98
61018,42.41,-89.58
61019,42.4,-89.61
61020,42.11,-89.1
61021,41.81,-89.42
61024,42.43,-89.21
61025,42.47,-90.54
61027,42.33,-89.76
61028,42.31,-90.18
61030,42.12,-89.31
61031,41.82,-89.31
61032,42.32,-89.59
61036,42.38,-90.31
61037,41.79,-89.76
61038,42.26,-88.76
61039,42.24,-89.46
61041,42.27,-90.3
61042,41.69,-89.55
61043,42.05,-89.31
61044,42.28,-89.89
61046,42.08,-89.81
61047,42.15,-89.28
61048,42.39,-89.82
61049,42.02,-89.0
61050,42.43,-89.76
61051,41.99,-89.76
61052,42.11,-89.0
61053,42.09,-89.97
61054,42.06,-89.35
61057,41.83,-89.39
61058,41.8,-89.6
61059,42.46,-89.94
61060,42.47,-89.61
61061,42.01,-89.25
61062,42.33,-89.78
61063,42.31,-89.31
61064,41.99,-89.32
61065,42.39,-88.81
61067,42.33,-89.56
61068,42.01,-89.1
61070,42.42,-89.47
61071,41.69,-89.73
61072,42.38,-89.14
61073,42.42,-89.0
61074,42.08,-90.01
61075,42.45,-90.27
61076,42.36,-89.67
61077,42.24,-89.36
61078,42.15,-89.76
61079,42.33,-89.17
61080,42.39,-89.09
61081,41.84,-89.75
61084,42.11,-89.19
61085,42.35,-90.09
61087,42.47,-90.09
61088,42.35,-89.19
61089,42.46,-89.81
61091,41.9,-89.54
61101,42.33,-89.16
61102,42.23,-89.16
61103,42.34,-89.08
61104,42.25,-89.08
61105,42.33,-89.17
61106,42.33,-89.17
61107,42.28,-89.02
61108,42.25,-89.0
61109,42.2,-89.07
61110,42.33,-89.17
61111,42.34,-89.0
61112,42.25,-88.98
61114,42.32,-89.0
61115,42.35,-89.04
61125,42.33,-89.17
61126,42.33,-89.17
61130,42.33,-89.17
61131,42.33,-89.17
61132,42.33,-89.17
61201,41.5,-90.6
61204,41.55,-90.62
61230,41.73,-90.16
61231,41.2,-90.73
61232,41.44,-90.74
61233,41.3,-90.29
61234,41.43,-89.92
61235,41.41,-90.0
61236,41.51,-90.36
61237,41.34,-90.85
61238,41.29,-90.1
61239,41.5,-90.39
61240,41.4,-90.58
61241,41.44,-90.17
61242,41.7,-90.28
61243,41.62,-89.71
61244,41.56,-90.51
61250,41.67,-90.1
61251,41.74,-90.08
61252,41.79,-90.11
61254,41.44,-90.16
61256,41.53,-90.45
61257,41.5,-90.61
61258,41.52,-89.91
61259,41.38,-90.84
61260,41.24,-90.69
61261,41.74,-89.91
61262,41.29,-90.32
61263,41.26,-90.61
61264,41.42,-90.6
61265,41.53,-90.53
61266,41.55,-90.62
61270,41.78,-90.0
61272,41.24,-90.99
61273,41.36,-90.38
61274,41.37,-90.19
61275,41.55,-90.41
61276,41.3,-90.59
61277,41.65,-89.92
61278,41.59,-90.34
61279,41.47,-90.6
61281,41.28,-90.52
61282,41.56,-90.52
61283,41.64,-89.76
61284,41.39,-90.71
61285,41.99,-89.92
61299,41.52,-90.54
61301,41.37,-89.09
61310,41.72,-89.3
61311,41.04,-88.86
61312,41.43,-89.24
61313,41.06,-88.68
61314,41.31,-89.65
61315,41.29,-89.37
61316,41.26,-89.12
61317,41.43,-89.21
61318,41.71,-89.09
61319,41.03,-88.77
61320,41.37,-89.48
61321,41.0,-88.99
61322,41.31,-89.33
61323,41.44,-89.4
61324,41.77,-89.41
61325,41.24,-88.82
61326,41.25,-89.24
61327,41.25,-89.34
61328,41.37,-89.51
61329,41.38,-89.2
61330,41.45,-89.45
61331,41.75,-89.28
61332,41.15,-89.01
61333,40.98,-88.87
61334,41.15,-89.08
61335,41.15,-89.23
61336,41.21,-89.31
61337,41.42,-89.34
61338,41.46,-89.67
61340,41.27,-89.25
61341,41.21,-88.83
61342,41.39,-89.05
61344,41.38,-89.83
61345,41.34,-89.8
61346,41.51,-89.72
61348,41.23,-89.04
61349,41.46,-89.6
61350,41.25,-88.83
61353,41.69,-89.0
61354,41.33,-89.09
61356,41.42,-89.45
61358,40.99,-88.99
61359,41.36,-89.27
61360,41.22,-88.84
61361,41.4,-89.53
61362,41.42,-89.51
61363,41.26,-89.18
61364,41.16,-88.86
61367,41.63,-89.27
61368,41.25,-89.52
61369,41.01,-89.13
61370,41.22,-88.99
61371,41.5,-89.02
61372,41.45,-89.07
61373,41.41,-89.01
61374,41.37,-89.51
61375,41.03,-89.26
61376,41.45,-89.48
61377,41.03,-89.13
61378,41.72,-89.19
61379,41.44,-89.45
61401,40.96,-90.21
61402,40.93,-90.21
61410,40.93,-90.3
61411,40.39,-90.51
61412,41.14,-90.63
61413,41.2,-90.25
61414,41.1,-90.14
61415,40.61,-90.36
61416,40.5,-90.51
61417,40.77,-90.53
61418,40.85,-90.86
61419,41.2,-90.12
61420,40.55,-90.76
61421,41.18,-89.66
61422,40.55,-90.66
61423,40.9,-90.56
61424,41.08,-89.63
61425,40.85,-90.99
61426,41.12,-89.71
61427,40.5,-90.2
61428,41.01,-90.1
61430,40.98,-90.33
61431,40.58,-90.31
61432,40.65,-90.16
61433,40.45,-90.16
61434,41.21,-90.09
61435,40.99,-90.55
61436,40.97,-90.2
61437,40.85,-90.99
61438,40.57,-90.65
61439,41.03,-90.36
61440,40.42,-90.65
61441,40.33,-90.31
61442,41.13,-90.71
61443,41.26,-90.12
61447,40.87,-90.66
61448,40.97,-90.17
61449,41.11,-89.97
61450,40.55,-91.0
61451,40.94,-89.89
61452,40.21,-90.65
61453,40.99,-90.71
61454,40.85,-90.99
61455,40.46,-90.66
61458,40.8,-90.21
61459,40.51,-90.39
61460,40.85,-90.99
61462,40.92,-90.62
61465,41.18,-90.69
61466,41.11,-90.49
61467,41.08,-90.24
61468,41.26,-90.4
61469,40.94,-90.95
61470,40.59,-90.51
61471,40.85,-90.99
61472,41.1,-90.38
61473,40.75,-90.65
61474,40.74,-90.36
61475,40.58,-90.73
61476,41.14,-90.76
61477,40.5,-90.35
61478,40.75,-90.75
61479,40.99,-89.65
61480,40.72,-90.89
61482,40.38,-90.41
61483,41.09,-89.86
61484,40.29,-90.39
61485,41.01,-90.09
61486,41.21,-90.58
61488,41.02,-90.25
61489,40.95,-90.04
61490,41.21,-90.23
61491,41.09,-89.79
61501,40.24,-90.32
61516,40.85,-89.13
61517,40.81,-89.86
61519,40.47,-90.09
61520,40.45,-90.15
61523,40.83,-89.64
61524,40.49,-90.04
61525,40.85,-89.68
61526,40.91,-89.64
61528,40.84,-89.73
61529,40.78,-89.91
61530,40.71,-89.38
61531,40.47,-90.17
61532,40.31,-89.87
61533,40.59,-89.82
61534,40.43,-89.62
61535,40.6,-89.56
61536,40.69,-89.78
61537,41.05,-89.34
61539,40.56,-89.77
61540,41.01,-89.34
61541,41.01,-89.23
61542,40.46,-90.17
61543,40.39,-90.0
61544,40.67,-90.29
61545,40.88,-89.37
61546,40.37,-89.88
61547,40.61,-89.74
61548,40.83,-89.36
61550,40.59,-89.43
61552,40.82,-89.57
61553,40.45,-90.16
61554,40.55,-89.64
61555,40.56,-89.65
61558,40.55,-89.61
61559,41.0,-89.75
61560,41.21,-89.43
61561,40.79,-89.24
61562,40.87,-89.51
61563,40.49,-90.05
61564,40.49,-89.65
61565,41.01,-89.35
61567,40.34,-89.89
61568,40.46,-89.54
61569,40.68,-89.91
61570,40.94,-89.34
61571,40.58,-89.49
61572,40.79,-90.04
61601,40.69,-89.59
61602,40.68,-89.6
61603,40.78,-89.55
61604,40.78,-89.62
61605,40.68,-89.63
61606,40.7,-89.61
61607,40.63,-89.69
61610,40.65,-89.57
61611,40.56,-89.54
61612,40.74,-89.72
61613,40.74,-89.63
61614,40.77,-89.6
61615,40.77,-89.64
61616,40.75,-89.57
61625,40.7,-89.62
61628,40.74,-89.72
61629,40.69,-89.59
61630,40.74,-89.72
61632,40.77,-89.57
61633,40.73,-89.6
61634,40.69,-89.59
61635,40.74,-89.72
61636,40.7,-89.6
61637,40.7,-89.59
61638,40.8,-89.61
61639,40.71,-89.56
61640,40.79,-89.62
61641,40.64,-89.65
61643,40.74,-89.72
61644,40.77,-89.57
61650,40.74,-89.72
61651,40.74,-89.72
61652,40.88,-89.51
61653,40.74,-89.72
61654,40.74,-89.72
61655,40.74,-89.72
61656,40.74,-89.72
61701,40.46,-88.85
61702,40.52,-88.86
61704,40.49,-88.98
61709,40.46,-88.95
61710,40.48,-88.95
61720,40.57,-88.72
61721,40.36,-89.32
61722,40.45,-88.63
61723,40.23,-89.26
61724,40.33,-88.55
61725,40.58,-89.18
61726,40.54,-88.9
61727,40.15,-88.95
61728,40.57,-88.61
61729,40.62,-89.18
61730,40.54,-88.72
61731,40.61,-88.48
61732,40.44,-88.88
61733,40.56,-89.41
61734,40.42,-89.6
61735,40.21,-88.81
61736,40.4,-88.87
61737,40.45,-88.72
61738,40.68,-89.11
61739,40.77,-88.63
61740,40.88,-88.84
61741,40.75,-88.39
61742,40.66,-89.29
61743,40.88,-88.61
61744,40.74,-88.88
61745,40.46,-88.99
61747,40.54,-89.45
61748,40.63,-88.99
61749,40.11,-89.06
61750,40.1,-88.84
61751,40.22,-89.29
61752,40.46,-88.85
61753,40.48,-88.87
61754,40.32,-89.19
61755,40.53,-89.37
61756,40.04,-88.96
61758,40.52,-88.86
61759,40.45,-89.33
61760,40.84,-89.07
61761,40.53,-88.8
61764,40.87,-88.63
61769,40.88,-88.39
61770,40.45,-88.87
61771,40.74,-89.13
61772,40.52,-88.86
61773,40.57,-88.38
61774,40.44,-89.22
61775,40.65,-88.39
61776,40.56,-88.9
61777,40.22,-88.94
61778,40.24,-89.09
61790,40.51,-89.0
61791,40.52,-88.86
61799,40.49,-88.94
61801,40.13,-88.18
61802,40.07,-88.17
61803,40.11,-88.22
61810,39.92,-87.9
61811,40.29,-87.63
61812,40.26,-87.87
61813,39.91,-88.6
61814,40.24,-87.58
61815,40.11,-88.38
61816,39.92,-87.99
61817,40.02,-87.8
61818,39.89,-88.68
61820,40.1,-88.2
61821,40.12,-88.31
61822,40.13,-88.29
61824,40.14,-88.2
61825,40.14,-88.2
61826,40.11,-88.36
61830,40.03,-88.7
61831,40.23,-87.8
61832,40.1,-87.76
61833,40.06,-87.64
61834,40.16,-87.67
61839,40.12,-88.62
61840,40.31,-88.3
61841,40.14,-87.81
61842,40.19,-88.69
61843,40.14,-88.21
61844,40.14,-87.87
61845,40.35,-88.38
61846,39.98,-87.73
61847,40.28,-88.01
61848,40.3,-87.7
61849,40.11,-88.15
61850,39.94,-87.73
61851,39.96,-88.26
61852,39.92,-88.03
61853,40.11,-88.2
61854,40.19,-88.55
61855,39.92,-88.66
61856,40.05,-88.6
61857,40.12,-87.84
61858,40.13,-87.76
61859,40.07,-88.11
61862,40.31,-87.97
61863,40.09,-88.17
61864,40.01,-88.15
61865,40.21,-87.79
61866,40.25,-88.11
61870,39.91,-87.62
61871,40.19,-87.97
61872,39.95,-88.36
61873,40.14,-88.07
61874,40.07,-88.25
61875,40.09,-88.41
61876,39.94,-87.84
61877,39.99,-88.08
61878,40.24,-88.16
61880,40.04,-88.17
61882,40.13,-88.75
61883,40.1,-87.74
61884,40.09,-88.5
61910,39.73,-88.31
61911,39.73,-88.25
61912,39.53,-88.04
61913,39.77,-88.27
61914,39.64,-88.75
61917,39.71,-87.82
61919,39.75,-88.15
61920,39.5,-88.16
61924,39.78,-87.69
61925,39.68,-88.77
61928,39.59,-88.64
61929,39.84,-88.59
61930,39.7,-88.13
61931,39.59,-88.35
61932,39.72,-87.87
61933,39.64,-87.9
61936,39.8,-88.73
61937,39.7,-88.61
61938,39.51,-88.25
61940,39.8,-87.78
61941,39.8,-88.18
61942,39.8,-88.03
61943,39.63,-88.22
61944,39.64,-87.74
61949,39.66,-87.86
61951,39.59,-88.63
61953,39.79,-88.27
61955,39.68,-87.75
61956,39.77,-88.09
61957,39.43,-88.71
62001,38.88,-89.74
62002,38.93,-89.97
62006,39.0,-90.65
62009,39.12,-89.94
62010,38.92,-90.05
62011,39.11,-89.21
62012,39.07,-90.25
62013,38.93,-90.6
62014,39.05,-89.98
62015,39.21,-89.53
62016,39.38,-90.4
62017,39.07,-89.38
62018,38.91,-90.06
62019,39.0,-89.46
62021,38.96,-89.98
62022,38.99,-90.32
62023,39.11,-89.79
62024,38.83,-89.99
62025,38.84,-89.88
62026,38.73,-89.94
62027,39.29,-90.55
62028,38.96,-90.34
62030,39.09,-90.37
62031,39.11,-90.5
62032,39.12,-89.36
62033,39.26,-89.89
62034,38.81,-90.02
62035,38.88,-90.11
62036,38.97,-90.66
62037,38.98,-90.43
62040,38.8,-90.13
62044,39.36,-90.24
62045,39.13,-90.69
62046,38.88,-89.86
62047,39.15,-90.62
62048,38.83,-90.09
62049,39.14,-89.47
62050,39.32,-90.39
62051,39.2,-89.37
62052,39.1,-90.3
62053,39.31,-90.64
62054,39.19,-90.35
62056,39.17,-89.55
62058,38.97,-89.79
62059,38.44,-89.98
62060,38.68,-90.15
62061,38.78,-89.78
62062,38.71,-89.97
62063,39.09,-90.37
62065,39.13,-90.69
62067,38.93,-89.98
62069,39.27,-89.92
62070,39.13,-90.69
62071,38.65,-90.16
62074,38.89,-89.71
62075,39.24,-89.32
62076,39.26,-89.42
62077,39.03,-89.52
62078,39.32,-90.39
62079,39.11,-90.12
62080,39.14,-89.11
62081,39.32,-90.39
62082,39.48,-90.37
62083,39.37,-89.2
62084,38.85,-90.08
62085,39.08,-89.8
62086,38.96,-89.55
62087,38.82,-90.06
62088,39.04,-89.78
62089,39.12,-89.49
62090,38.67,-90.17
62091,39.06,-89.61
62092,39.44,-90.4
62093,39.07,-89.86
62094,39.16,-89.41
62095,38.86,-90.09
62097,38.92,-89.92
62098,39.38,-90.29
62201,38.61,-90.12
62202,38.62,-90.16
62203,38.6,-90.08
62204,38.63,-90.1
62205,38.61,-90.12
62206,38.55,-90.15
62207,38.59,-90.13
62208,38.6,-90.01
62214,38.38,-89.58
62215,38.51,-89.63
62216,38.61,-89.6
62217,38.16,-89.75
62218,38.54,-89.46
62219,38.6,-89.43
62220,38.46,-89.97
62221,38.52,-89.91
62222,38.44,-89.98
62223,38.55,-90.08
62224,38.44,-89.98
62225,38.54,-89.86
62226,38.51,-90.0
62230,38.64,-89.53
62231,38.62,-89.4
62232,38.63,-90.01
62233,38.05,-89.82
62234,38.73,-89.91
62236,38.41,-90.16
62237,38.18,-89.65
62238,38.05,-89.48
62239,38.52,-90.18
62240,38.52,-90.2
62241,38.04,-89.89
62242,38.11,-89.94
62243,38.43,-89.9
62244,38.19,-90.19
62245,38.56,-89.56
62246,38.88,-89.42
62247,38.98,-88.98
62248,38.3,-89.96
62249,38.76,-89.74
62250,38.54,-89.44
62252,38.6,-89.29
62253,38.59,-89.47
62254,38.61,-89.83
62255,38.31,-89.78
62256,38.3,-90.14
62257,38.31,-89.78
62258,38.42,-89.77
62259,38.01,-89.9
62260,38.47,-90.09
62261,38.02,-90.0
62262,38.94,-89.31
62263,38.33,-89.37
62264,38.31,-89.92
62265,38.51,-89.59
62266,38.49,-89.68
62268,38.27,-89.55
62269,38.57,-89.9
62271,38.43,-89.51
62272,38.0,-89.63
62273,38.88,-89.44
62274,38.08,-89.39
62275,38.82,-89.53
62277,38.11,-90.03
62278,38.12,-89.82
62279,38.15,-90.13
62280,37.86,-89.7
62281,38.71,-89.79
62282,38.36,-89.71
62283,38.65,-89.21
62284,38.89,-89.31
62285,38.48,-89.9
62286,38.11,-89.73
62288,38.0,-89.68
62289,38.6,-89.75
62292,38.21,-89.69
62293,38.62,-89.57
62294,38.72,-89.9
62295,38.28,-90.31
62297,38.04,-89.84
62298,38.33,-90.16
62301,39.95,-91.2
62305,39.96,-91.3
62306,39.98,-91.21
62310,40.42,-91.21
62311,40.33,-91.05
62312,39.61,-90.89
62313,40.32,-91.24
62314,39.73,-90.91
62316,40.38,-91.18
62318,40.49,-91.14
62319,40.13,-90.56
62320,40.02,-91.06
62321,40.43,-91.14
62323,39.78,-90.75
62324,39.98,-90.95
62325,40.01,-91.15
62326,40.4,-90.73
62329,40.57,-91.17
62330,40.44,-91.08
62334,40.42,-91.22
62336,40.47,-91.17
62338,39.96,-91.28
62339,40.11,-91.03
62340,39.74,-90.75
62341,40.48,-91.27
62343,39.62,-90.97
62344,40.13,-90.56
62345,39.62,-90.97
62346,40.15,-91.0
62347,39.89,-91.11
62348,40.17,-91.39
62349,40.15,-91.21
62351,40.07,-91.28
62352,39.56,-90.65
62353,39.98,-90.76
62354,40.43,-91.21
62355,39.44,-90.79
62356,39.62,-90.97
62357,39.71,-90.85
62358,40.49,-91.25
62359,39.98,-91.21
62360,39.83,-91.29
62361,39.46,-90.63
62362,39.78,-90.75
62363,39.62,-90.8
62365,39.94,-91.23
62366,39.45,-90.87
62367,40.32,-90.97
62370,39.62,-90.97
62373,40.29,-91.37
62374,40.39,-90.76
62375,40.01,-90.87
62376,40.07,-91.21
62378,39.94,-90.74
62379,40.3,-91.2
62380,40.24,-91.24
62401,39.12,-88.55
62410,38.53,-87.71
62411,39.05,-88.72
62413,39.13,-87.84
62414,39.19,-88.76
62415,38.71,-87.7
62417,38.65,-87.71
62418,38.99,-88.96
62419,38.65,-88.05
62420,39.29,-87.95
62421,38.74,-87.97
62422,39.25,-88.86
62423,39.41,-87.57
62424,39.05,-88.58
62425,38.82,-88.09
62426,38.99,-88.52
62427,38.9,-87.67
62428,39.27,-88.12
62431,39.22,-88.98
62432,39.13,-88.12
62433,39.09,-87.71
62434,38.76,-88.47
62435,39.37,-88.24
62436,39.21,-88.27
62438,39.43,-88.81
62439,38.69,-87.63
62440,39.42,-88.27
62441,39.33,-87.75
62442,39.33,-87.85
62443,38.95,-88.64
62444,39.43,-88.81
62445,39.16,-88.38
62446,38.38,-88.41
62447,39.29,-88.24
62448,38.98,-88.18
62449,39.03,-87.78
62450,38.71,-88.09
62451,39.0,-87.6
62452,38.59,-88.01
62454,39.0,-87.75
62458,39.03,-88.85
62459,38.93,-88.03
62460,38.59,-87.65
62461,39.11,-88.67
62462,39.25,-88.51
62463,39.27,-88.8
62464,38.99,-87.84
62465,39.35,-88.62
62466,38.72,-87.86
62467,39.13,-88.45
62468,39.28,-88.27
62469,39.39,-88.35
62471,38.98,-89.05
62473,38.99,-88.56
62474,39.41,-87.95
62475,39.0,-88.07
62476,38.52,-88.01
62477,39.24,-87.67
62478,39.16,-87.72
62479,39.03,-88.3
62480,38.99,-88.03
62481,39.12,-88.16
62501,39.97,-88.85
62510,39.53,-89.25
62511,39.34,-89.74
62512,40.15,-89.23
62513,39.77,-89.04
62514,39.76,-89.04
62515,39.85,-89.39
62517,39.59,-89.42
62518,40.05,-89.2
62519,39.94,-89.4
62520,39.83,-89.44
62521,39.84,-88.95
62522,39.87,-89.02
62523,39.91,-88.89
62524,39.85,-88.98
62525,39.85,-88.98
62526,39.86,-88.94
62527,39.85,-88.98
62530,39.57,-89.66
62531,39.61,-89.31
62532,39.78,-88.98
62533,39.44,-89.62
62534,39.52,-88.75
62535,39.88,-89.0
62536,39.64,-89.65
62537,39.86,-89.09
62538,39.37,-89.52
62539,39.86,-89.38
62540,39.5,-89.42
62541,39.97,-89.35
62543,40.08,-89.32
62544,39.7,-89.02
62545,39.78,-89.41
62546,39.47,-89.4
62547,39.7,-89.28
62548,39.99,-89.29
62549,39.83,-88.91
62550,39.58,-88.89
62551,39.91,-89.0
62552,39.88,-88.8
62553,39.43,-88.81
62554,39.93,-88.85
62555,39.46,-89.22
62556,39.43,-89.31
62557,39.5,-89.24
62558,39.61,-89.57
62560,39.31,-89.58
62561,39.75,-89.54
62563,39.72,-89.56
62565,39.46,-88.81
62567,39.65,-89.22
62568,39.56,-89.34
62570,39.59,-89.45
62571,39.39,-88.96
62572,39.37,-89.65
62573,39.92,-89.02
62601,39.75,-90.05
62610,39.55,-90.39
62611,39.91,-90.37
62612,39.94,-90.08
62613,39.95,-89.68
62615,39.59,-89.75
62617,40.15,-90.17
62618,39.96,-90.27
62621,39.73,-90.53
62622,39.98,-90.35
62624,40.13,-90.56
62625,39.92,-89.69
62626,39.29,-89.87
62627,40.04,-90.12
62628,39.81,-90.38
62629,39.79,-89.7
62630,39.34,-90.07
62631,39.83,-90.37
62633,40.23,-89.89
62634,40.11,-89.47
62635,40.2,-89.48
62638,39.62,-90.09
62639,40.13,-90.56
62640,39.38,-89.85
62642,40.1,-89.75
62643,40.25,-89.47
62644,40.31,-89.94
62649,39.35,-90.07
62650,39.74,-90.3
62651,39.7,-90.26
62655,40.21,-89.86
62656,40.16,-89.4
62659,40.03,-89.79
62660,39.86,-90.2
62661,39.67,-89.85
62662,39.75,-89.61
62663,39.54,-90.33
62664,40.23,-89.73
62665,39.72,-90.43
62666,40.09,-89.52
62667,39.48,-89.98
62668,39.68,-90.32
62670,39.77,-89.85
62671,40.17,-89.54
62672,39.4,-89.89
62673,40.1,-89.97
62674,39.42,-90.03
62675,39.97,-89.81
62677,39.83,-89.87
62681,40.11,-90.54
62682,40.3,-89.69
62683,39.26,-89.93
62684,39.91,-89.59
62685,39.2,-89.96
62686,39.24,-89.89
62688,39.94,-89.94
62689,39.54,-89.76
62690,39.48,-89.9
62691,39.96,-90.18
62692,39.62,-90.0
62693,39.92,-89.57
62694,39.63,-90.47
62695,39.62,-90.23
62701,39.82,-89.6
62702,39.83,-89.65
62703,39.76,-89.63
62704,39.77,-89.69
62705,39.75,-89.61
62706,39.8,-89.65
62707,39.79,-89.63
62708,39.81,-89.59
62709,39.75,-89.61
62713,39.75,-89.61
62715,39.75,-89.61
62716,39.85,-89.54
62718,39.78,-89.65
62719,39.75,-89.61
62720,39.75,-89.61
62721,39.75,-89.61
62722,39.75,-89.61
62723,39.75,-89.61
62726,39.75,-89.61
62736,39.75,-89.61
62739,39.75,-89.61
62746,39.75,-89.61
62756,39.75,-89.61
62757,39.75,-89.61
62761,39.85,-89.54
62762,39.75,-89.61
62763,39.75,-89.61
62764,39.75,-89.61
62765,39.75,-89.61
62766,39.75,-89.61
62767,39.75,-89.61
62769,39.75,-89.61
62776,39.75,-89.61
62777,39.75,-89.61
62781,39.75,-89.61
62786,39.75,-89.61
62791,39.75,-89.61
62794,39.75,-89.61
62796,39.75,-89.61
62801,38.64,-88.96
62803,38.37,-89.3
62805,37.99,-88.94
62806,38.33,-88.06
62807,38.76,-88.93
62808,38.29,-89.23
62809,38.43,-88.42
62810,38.2,-88.77
62811,38.38,-87.91
62812,37.99,-88.91
62814,38.38,-88.75
62815,38.41,-88.04
62816,38.2,-88.94
62817,37.92,-88.47
62818,38.41,-88.04
62819,37.98,-89.02
62820,38.22,-88.22
62821,38.09,-88.18
62822,38.03,-89.07
62823,38.43,-88.42
62824,38.73,-88.42
62825,37.99,-89.07
62827,38.16,-88.04
62828,38.17,-88.63
62829,38.08,-88.54
62830,38.36,-88.91
62831,38.25,-89.23
62832,38.04,-89.25
62833,38.41,-88.04
62834,37.98,-88.12
62835,38.1,-88.3
62836,38.08,-88.79
62837,38.39,-88.37
62838,38.83,-88.78
62839,38.71,-88.49
62840,37.99,-88.94
62841,37.8,-89.01
62842,38.44,-88.41
62843,38.36,-88.21
62844,38.15,-88.12
62845,38.07,-88.14
62846,38.16,-88.82
62847,38.76,-88.47
62848,38.41,-89.17
62849,38.6,-88.81
62850,38.52,-88.54
62851,38.43,-88.42
62852,38.35,-87.87
62853,38.6,-88.9
62854,38.66,-88.91
62855,38.4,-87.82
62856,37.99,-88.94
62857,38.98,-88.98
62858,38.77,-88.51
62859,38.09,-88.54
62860,38.08,-88.54
62861,38.04,-88.08
62862,38.16,-88.26
62863,38.44,-87.83
62864,38.29,-88.89
62865,37.98,-89.08
62866,38.17,-88.97
62867,37.89,-88.15
62868,38.72,-88.23
62869,38.08,-88.21
62870,38.64,-88.95
62871,37.85,-88.24
62872,38.27,-88.81
62874,37.92,-88.98
62875,38.7,-88.96
62876,38.26,-89.2
62877,38.39,-89.22
62878,38.43,-88.42
62879,38.76,-88.47
62880,38.87,-88.85
62881,38.64,-88.97
62882,38.6,-88.97
62883,38.18,-89.09
62884,38.05,-89.06
62885,38.98,-88.98
62886,38.36,-88.53
62887,38.15,-88.22
62888,38.13,-89.22
62889,38.45,-88.83
62890,37.94,-88.77
62891,38.02,-89.04
62892,38.79,-89.04
62893,38.55,-88.93
62894,38.21,-89.04
62895,38.35,-88.57
62896,37.98,-88.91
62897,38.09,-88.9
62898,38.31,-89.05
62899,38.71,-88.66
62901,37.77,-89.39
62902,37.76,-89.42
62903,37.76,-89.42
62905,37.55,-89.36
62906,37.47,-89.16
62907,37.83,-89.43
62908,37.34,-88.91
62909,37.45,-88.88
62910,37.21,-88.61
62912,37.47,-89.0
62913,37.15,-89.33
62914,37.03,-89.19
62915,37.78,-89.12
62916,37.88,-89.56
62917,37.68,-88.62
62918,37.73,-88.93
62919,37.5,-88.24
62920,37.53,-89.22
62921,37.81,-89.08
62922,37.68,-88.82
62923,37.37,-88.97
62924,37.84,-89.35
62926,37.42,-89.23
62927,37.94,-89.23
62928,37.33,-88.56
62930,37.81,-88.45
62931,37.5,-88.24
62932,37.89,-89.22
62933,37.78,-89.06
62934,37.71,-88.33
62935,37.82,-88.6
62938,37.36,-88.49
62939,37.53,-88.97
62940,37.74,-89.47
62941,37.24,-89.0
62942,37.63,-89.48
62943,37.38,-88.76
62944,37.33,-88.56
62946,37.72,-88.54
62947,37.33,-88.56
62948,37.74,-88.99
62949,37.84,-89.14
62950,37.76,-89.58
62951,37.8,-88.96
62952,37.42,-89.27
62953,37.21,-88.84
62954,37.7,-88.26
62955,37.5,-88.24
62956,37.26,-89.01
62957,37.3,-89.47
62958,37.69,-89.25
62959,37.73,-88.91
62960,37.23,-88.71
62961,37.34,-89.25
62962,37.15,-89.33
62963,37.18,-89.18
62964,37.2,-89.12
62965,37.8,-88.55
62966,37.78,-89.4
62967,37.58,-88.75
62969,37.17,-89.35
62970,37.21,-89.1
62971,37.76,-89.42
62972,37.55,-88.77
62973,37.31,-89.08
62974,37.8,-88.81
62975,37.65,-89.37
62976,37.21,-89.14
62977,37.82,-88.55
62979,37.8,-88.24
62982,37.42,-88.35
62983,37.91,-89.1
62984,37.71,-88.18
62985,37.45,-88.8
62987,37.64,-88.62
62988,37.24,-89.27
62990,37.22,-89.46
62991,37.5,-88.85
62992,37.28,-89.14
62993,37.15,-89.33
62994,37.91,-89.41
62995,37.42,-88.9
62996,37.16,-89.17
62997,37.98,-89.59
62998,37.51,-89.42
62999,37.9,-89.05
63001,38.64,-90.43
63005,38.64,-90.65
63006,38.64,-90.43
63010,38.34,-90.41
63011,38.61,-90.56
63012,38.33,-90.45
63013,38.42,-91.14
63014,38.63,-91.32
63015,38.4,-90.78
63016,38.35,-90.63
63017,38.65,-90.54
63019,38.23,-90.38
63020,38.14,-90.56
63021,38.57,-90.54
63022,38.64,-90.43
63023,38.27,-90.71
63024,38.64,-90.43
63025,38.51,-90.63
63026,38.53,-90.47
63028,38.27,-90.41
63030,38.17,-90.72
63031,38.81,-90.35
63032,38.64,-90.43
63033,38.8,-90.27
63034,38.84,-90.28
63036,37.89,-90.38
63037,38.42,-91.31
63038,38.59,-90.66
63039,38.47,-90.82
63040,38.57,-90.63
63041,38.28,-90.76
63042,38.78,-90.4
63043,38.72,-90.45
63044,38.75,-90.41
63045,38.64,-90.43
63047,38.19,-90.47
63048,38.26,-90.39
63049,38.46,-90.55
63050,38.31,-90.52
63051,38.25,-90.6
63052,38.41,-90.44
63053,38.25,-90.51
63055,38.48,-91.01
63056,38.46,-91.23
63057,38.34,-90.41
63060,38.27,-90.89
63061,38.26,-90.83
63065,38.25,-90.51
63066,38.28,-90.65
63068,38.56,-91.25
63069,38.5,-90.79
63070,38.29,-90.43
63071,38.06,-90.81
63072,38.35,-90.93
63073,38.53,-91.02
63074,38.72,-90.39
63077,38.36,-90.97
63079,38.27,-91.09
63080,38.35,-91.09
63084,38.36,-90.97
63087,38.0,-90.44
63088,38.55,-90.49
63089,38.45,-90.89
63090,38.52,-91.02
63091,38.4,-91.41
63099,38.64,-90.43
63101,38.63,-90.19
63102,38.63,-90.19
63103,38.63,-90.22
63104,38.61,-90.21
63105,38.65,-90.33
63106,38.64,-90.21
63107,38.67,-90.21
63108,38.64,-90.25
63109,38.58,-90.29
63110,38.63,-90.27
63111,38.56,-90.25
63112,38.66,-90.28
63113,38.63,-90.25
63114,38.7,-90.36
63115,38.68,-90.24
63116,38.58,-90.27
63117,38.63,-90.33
63118,38.59,-90.22
63119,38.59,-90.35
63120,38.69,-90.26
63121,38.71,-90.31
63122,38.58,-90.43
63123,38.55,-90.32
63124,38.64,-90.38
63125,38.52,-90.3
63126,38.55,-90.38
63127,38.54,-90.41
63128,38.49,-90.38
63129,38.46,-90.33
63130,38.67,-90.32
63131,38.62,-90.45
63132,38.67,-90.37
63133,38.68,-90.31
63134,38.74,-90.34
63135,38.75,-90.3
63136,38.72,-90.27
63137,38.75,-90.21
63138,38.8,-90.21
63139,38.61,-90.29
63140,38.74,-90.33
63141,38.66,-90.45
63143,38.61,-90.32
63144,38.62,-90.35
63145,38.64,-90.43
63146,38.7,-90.46
63147,38.68,-90.22
63150,38.65,-90.24
63151,38.64,-90.43
63155,38.65,-90.24
63156,38.65,-90.24
63157,38.65,-90.24
63158,38.65,-90.24
63160,38.65,-90.24
63163,38.65,-90.24
63164,38.65,-90.24
63166,38.65,-90.24
63167,38.64,-90.43
63169,38.65,-90.24
63171,38.65,-90.24
63177,38.65,-90.24
63178,38.65,-90.24
63179,38.65,-90.24
63180,38.65,-90.24
63182,38.65,-90.24
63188,38.65,-90.24
63195,38.65,-90.24
63196,38.65,-90.24
63197,38.65,-90.24
63198,38.64,-90.43
63199,38.65,-90.24
63301,38.75,-90.61
63302,38.58,-90.87
63303,38.76,-90.6
63304,38.73,-90.7
63330,39.25,-90.81
63332,38.62,-90.88
63333,39.03,-91.33
63334,39.32,-91.17
63336,39.33,-90.95
63338,38.75,-90.54
63339,39.33,-91.2
63341,38.66,-90.84
63342,38.61,-91.0
63343,39.12,-90.85
63344,39.28,-90.98
63345,39.27,-91.56
63346,38.75,-90.54
63347,39.08,-90.8
63348,38.78,-90.92
63349,38.98,-91.13
63350,38.91,-91.37
63351,38.9,-91.33
63352,39.24,-91.66
63353,39.44,-91.09
63357,38.65,-91.15
63359,39.1,-91.38
63361,38.95,-91.47
63362,38.95,-90.91
63363,38.89,-91.45
63365,38.72,-90.88
63366,38.82,-90.74
63367,38.79,-90.74
63369,38.95,-90.81
63370,39.08,-91.23
63373,38.93,-90.39
63376,38.8,-90.62
63377,39.08,-91.0
63378,38.77,-91.19
63379,39.02,-90.94
63381,39.02,-91.0
63382,39.25,-91.53
63383,38.81,-91.22
63384,39.07,-91.53
63385,38.79,-90.85
63386,38.83,-90.4
63387,39.19,-91.02
63388,38.89,-91.77
63389,39.06,-90.85
63390,38.8,-91.05
63401,39.74,-91.46
63430,40.36,-91.46
63431,39.74,-92.33
63432,40.45,-92.15
63433,39.56,-91.18
63434,39.78,-92.07
63435,40.11,-91.71
63436,39.51,-91.54
63437,39.74,-92.26
63438,39.98,-91.67
63439,39.78,-92.07
63440,40.01,-91.71
63441,39.47,-91.33
63442,40.45,-92.15
63443,39.67,-91.86
63445,40.41,-91.66
63446,40.13,-92.15
63447,40.11,-91.92
63448,40.06,-91.71
63450,39.78,-92.07
63451,39.91,-92.21
63452,40.08,-91.81
63453,40.43,-91.69
63454,39.9,-91.65
63456,39.62,-91.76
63457,40.09,-91.69
63458,40.13,-92.15
63459,39.58,-91.38
63460,40.13,-92.15
63461,39.79,-91.61
63462,39.42,-91.62
63463,39.82,-91.74
63464,40.13,-92.15
63465,40.46,-91.7
63466,40.43,-91.69
63467,39.65,-91.27
63468,39.74,-92.07
63469,39.78,-92.08
63471,39.91,-91.54
63472,40.37,-91.62
63473,40.1,-91.69
63474,40.39,-91.93
63501,40.17,-92.61
63530,39.9,-92.46
63531,40.15,-92.3
63532,39.75,-92.58
63533,40.15,-92.38
63534,39.74,-92.64
63535,40.47,-92.54
63536,40.47,-92.54
63537,40.16,-92.23
63538,39.96,-92.68
63539,39.93,-92.77
63540,40.19,-92.6
63541,40.47,-92.54
63543,40.45,-92.15
63544,40.25,-92.87
63545,40.22,-92.95
63546,40.27,-92.44
63547,40.16,-92.23
63548,40.47,-92.54
63549,39.99,-92.53
63551,40.47,-93.02
63552,39.77,-92.45
63555,40.46,-92.2
63556,40.17,-93.12
63557,39.9,-92.98
63558,39.78,-92.76
63559,40.25,-92.71
63560,40.36,-93.08
63561,40.41,-92.57
63563,40.31,-92.09
63565,40.51,-93.01
63566,40.21,-93.11
63567,40.47,-93.02
63601,37.85,-90.49
63620,37.49,-90.66
63621,37.6,-90.63
63622,37.79,-90.85
63623,37.67,-90.9
63624,37.75,-90.6
63625,37.33,-91.02
63626,38.05,-90.63
63627,38.02,-90.25
63628,37.88,-90.49
63629,37.46,-91.21
63630,38.02,-90.73
63631,37.78,-90.81
63632,37.12,-90.44
63633,37.24,-90.97
63636,37.51,-90.85
63637,37.72,-90.53
63638,37.23,-90.97
63640,37.79,-90.44
63645,37.49,-90.34
63646,37.51,-90.85
63648,37.82,-90.69
63650,37.62,-90.6
63651,37.68,-90.37
63653,37.86,-90.59
63654,37.33,-91.02
63655,37.41,-90.24
63656,37.51,-90.85
63660,37.94,-90.74
63661,37.9,-90.19
63662,37.32,-90.04
63663,37.62,-90.61
63664,37.99,-90.82
63665,37.33,-91.02
63666,37.33,-91.02
63670,37.87,-90.18
63673,37.82,-90.02
63674,37.97,-90.87
63675,37.51,-90.85
63701,37.34,-89.61
63702,37.35,-89.51
63703,37.28,-89.57
63705,37.37,-89.64
63730,37.0,-90.03
63732,37.63,-89.57
63735,36.99,-89.79
63736,37.03,-89.54
63737,37.66,-89.65
63738,37.08,-89.95
63739,37.35,-89.79
63740,37.15,-89.61
63742,37.16,-89.45
63743,37.52,-89.83
63744,37.2,-89.74
63745,37.24,-89.7
63746,37.73,-89.81
63747,37.52,-89.82
63748,37.66,-89.62
63750,37.32,-90.04
63751,37.32,-90.04
63752,37.31,-89.7
63753,37.32,-90.04
63755,37.43,-89.63
63758,37.19,-89.56
63760,37.32,-90.04
63763,37.12,-90.44
63764,37.31,-89.98
63766,37.44,-89.81
63767,37.04,-89.61
63769,37.51,-89.75
63770,37.59,-89.68
63771,37.06,-89.67
63772,37.05,-89.78
63774,37.06,-89.55
63775,37.73,-89.86
63776,37.73,-89.81
63779,37.5,-89.64
63780,37.06,-89.55
63781,37.32,-90.04
63782,37.32,-90.04
63783,37.63,-89.69
63784,36.99,-89.69
63785,37.28,-89.81
63787,37.12,-90.09
63801,37.03,-89.56
63820,36.82,-89.35
63821,36.06,-90.23
63822,36.67,-90.0
63823,36.88,-89.37
63824,37.0,-89.53
63825,36.92,-89.92
63826,36.18,-89.67
63827,36.27,-89.87
63828,36.69,-89.75
63829,36.07,-90.26
63830,36.15,-89.7
63833,36.63,-89.74
63834,36.89,-89.3
63837,36.3,-90.06
63838,36.6,-89.65
63839,36.05,-89.81
63840,36.21,-89.75
63841,36.88,-89.98
63845,36.76,-89.33
63846,36.81,-89.82
63847,36.44,-90.03
63848,36.49,-89.77
63849,36.15,-89.95
63850,36.83,-89.76
63851,36.26,-89.8
63852,36.38,-90.0
63853,36.09,-89.83
63855,36.05,-90.08
63857,36.25,-90.13
63860,36.67,-89.56
63862,36.59,-89.7
63863,36.38,-90.06
63866,36.52,-89.65
63867,36.72,-89.63
63868,36.85,-89.68
63869,36.68,-89.66
63870,36.57,-89.86
63871,36.27,-89.82
63873,36.48,-89.75
63874,36.68,-89.77
63875,36.31,-90.17
63876,36.13,-90.18
63877,36.18,-89.86
63878,36.6,-89.65
63879,36.35,-89.82
63880,36.31,-90.17
63881,36.78,-89.21
63882,36.94,-89.22
63901,36.78,-90.44
63902,36.71,-90.41
63931,36.66,-90.85
63932,36.71,-90.41
63933,36.49,-90.05
63934,37.12,-90.44
63935,36.65,-90.81
63936,36.82,-90.12
63937,36.93,-90.75
63938,36.71,-90.41
63939,36.66,-90.85
63940,36.78,-90.21
63941,36.92,-91.1
63942,36.66,-90.85
63943,36.96,-90.94
63944,37.13,-90.45
63945,36.71,-90.41
63947,37.12,-90.44
63950,37.12,-90.44
63951,37.12,-90.44
63952,37.12,-90.44
63953,36.66,-90.85
63954,36.71,-90.41
63955,36.66,-90.85
63956,37.12,-90.44
63957,37.15,-90.57
63960,36.98,-90.08
63961,36.59,-90.26
63962,36.71,-90.41
63963,37.12,-90.44
63964,37.21,-90.42
63965,36.92,-91.05
63966,36.97,-90.28
63967,37.12,-90.44
64001,39.11,-93.59
64011,38.97,-94.06
64012,38.78,-94.53
64013,38.96,-94.37
64014,39.01,-94.25
64015,39.02,-94.31
64016,39.11,-94.21
64017,39.26,-94.11
64018,39.4,-94.73
64019,38.78,-93.93
64020,39.02,-93.6
64021,39.12,-93.62
64022,39.1,-93.8
64024,39.33,-94.27
64028,39.28,-94.83
64029,38.98,-94.19
64030,38.88,-94.53
64034,38.86,-94.28
64035,39.32,-93.85
64036,39.22,-93.94
64037,39.06,-93.74
64040,38.74,-94.0
64048,39.33,-94.39
64050,39.11,-94.41
64051,39.08,-94.39
64052,39.08,-94.45
64053,39.11,-94.47
64054,39.12,-94.43
64055,39.05,-94.42
64056,39.1,-94.32
64057,39.08,-94.32
64058,39.17,-94.32
64060,39.37,-94.36
64061,38.74,-93.82
64062,39.44,-94.14
64063,38.94,-94.35
64064,38.99,-94.33
64065,38.97,-94.39
64066,39.13,-94.13
64067,39.14,-93.85
64068,39.3,-94.44
64069,39.28,-94.41
64070,38.89,-94.17
64071,39.02,-93.76
64072,39.25,-94.29
64073,39.31,-94.29
64074,39.04,-94.04
64075,39.04,-94.24
64076,39.02,-93.82
64077,39.23,-94.02
64078,38.72,-94.47
64079,39.36,-94.78
64080,38.75,-94.27
64081,38.91,-94.4
64082,38.87,-94.41
64083,38.8,-94.44
64084,39.38,-94.07
64085,39.34,-93.98
64086,38.94,-94.29
64087,39.28,-94.41
64088,39.15,-94.2
64089,39.39,-94.47
64090,38.77,-94.16
64092,39.23,-94.81
64093,38.77,-93.81
64096,39.19,-93.59
64097,39.13,-93.99
64098,39.38,-94.93
64101,39.1,-94.6
64102,39.09,-94.6
64105,39.1,-94.6
64106,39.11,-94.57
64108,39.08,-94.58
64109,39.07,-94.58
64110,39.03,-94.57
64111,39.06,-94.59
64112,39.04,-94.59
64113,39.01,-94.53
64114,38.95,-94.6
64116,39.15,-94.57
64117,39.17,-94.53
64118,39.21,-94.57
64119,39.21,-94.53
64120,39.12,-94.52
64121,39.04,-94.36
64123,39.07,-94.51
64124,39.11,-94.54
64125,39.11,-94.5
64126,39.09,-94.49
64127,39.09,-94.54
64128,39.07,-94.53
64129,39.05,-94.5
64130,39.03,-94.54
64131,38.96,-94.57
64132,38.98,-94.55
64133,39.03,-94.47
64134,38.93,-94.48
64136,39.01,-94.4
64137,38.94,-94.55
64138,38.95,-94.47
64139,38.96,-94.41
64141,39.04,-94.36
64142,39.04,-94.36
64144,39.28,-94.41
64145,38.88,-94.6
64146,38.88,-94.57
64147,38.85,-94.56
64148,39.04,-94.36
64149,38.87,-94.47
64150,39.18,-94.63
64151,39.21,-94.64
64152,39.22,-94.72
64153,39.27,-94.74
64154,39.28,-94.64
64155,39.28,-94.57
64156,39.28,-94.52
64157,39.27,-94.47
64158,39.23,-94.48
64160,39.28,-94.41
64161,39.17,-94.46
64163,39.34,-94.69
64164,39.33,-94.64
64165,39.31,-94.54
64166,39.32,-94.51
64167,39.32,-94.49
64168,39.34,-94.85
64170,39.04,-94.36
64171,39.04,-94.36
64172,39.04,-94.36
64173,39.04,-94.36
64179,39.04,-94.36
64180,39.04,-94.36
64183,39.04,-94.36
64184,39.04,-94.36
64185,39.04,-94.36
64187,39.04,-94.36
64188,39.04,-94.36
64189,39.04,-94.36
64190,39.34,-94.85
64191,39.04,-94.36
64192,38.95,-94.52
64193,39.04,-94.36
64194,39.04,-94.36
64195,39.34,-94.85
64196,39.04,-94.36
64197,39.04,-94.36
64198,39.04,-94.36
64199,39.04,-94.36
64401,39.63,-94.71
64402,40.26,-94.33
64420,40.48,-94.42
64421,39.91,-94.92
64422,39.9,-94.49
64423,40.27,-94.86
64424,40.26,-94.02
64426,40.51,-93.88
64427,40.1,-94.86
64428,40.45,-95.06
64429,39.65,-94.38
64430,39.83,-94.56
64431,40.51,-95.03
64432,40.35,-94.9
64433,40.35,-94.9
64434,40.27,-94.69
64436,39.86,-94.68
64437,40.13,-95.33
64438,40.2,-94.4
64439,39.49,-94.76
64440,39.63,-94.81
64441,40.48,-94.42
64442,40.5,-94.01
64443,39.75,-94.66
64444,39.46,-94.66
64445,40.35,-94.9
64446,40.35,-95.39
64447,39.89,-94.4
64448,39.6,-94.85
64449,40.04,-94.97
64451,40.02,-95.19
64453,40.21,-94.41
64454,39.64,-94.55
64455,40.2,-95.04
64456,40.52,-94.39
64457,40.35,-94.9
64458,40.5,-94.14
64459,39.91,-94.7
64461,40.37,-94.82
64463,40.05,-94.52
64465,39.61,-94.39
64466,40.15,-95.13
64467,40.41,-94.15
64468,40.28,-94.86
64469,39.93,-94.36
64470,40.17,-95.23
64471,40.26,-94.18
64473,39.98,-95.09
64474,39.79,-94.4
64475,40.44,-94.62
64476,40.35,-94.9
64477,39.57,-94.5
64478,40.29,-95.08
64479,40.35,-94.67
64480,40.06,-94.71
64481,40.37,-93.94
64482,40.41,-95.51
64483,40.01,-94.84
64484,39.59,-95.04
64485,39.95,-94.84
64486,40.52,-94.61
64487,40.29,-95.08
64489,40.22,-94.54
64490,39.8,-94.52
64491,40.39,-95.39
64492,39.5,-94.53
64493,39.66,-94.39
64494,39.97,-94.56
64496,40.42,-95.48
64497,39.93,-94.24
64498,40.54,-95.32
64499,40.48,-94.42
64501,39.76,-94.84
64502,39.68,-94.86
64503,39.76,-94.8
64504,39.69,-94.9
64505,39.8,-94.82
64506,39.84,-94.82
64507,39.71,-94.73
64508,39.68,-94.86
64601,39.8,-93.59
64620,39.89,-94.09
64622,39.41,-93.43
64623,39.47,-93.34
64624,39.6,-93.83
64625,39.69,-93.88
64628,39.82,-93.12
64630,40.01,-93.18
64631,39.84,-93.01
64632,40.46,-93.83
64633,39.41,-93.43
64635,39.92,-93.45
64636,40.1,-93.99
64637,39.59,-93.94
64638,39.67,-93.6
64639,39.38,-93.22
64640,39.9,-93.93
64641,40.16,-93.42
64642,40.01,-93.93
64643,39.61,-93.34
64644,39.72,-94.0
64645,40.21,-93.11
64646,40.21,-93.11
64647,40.02,-93.94
64648,39.99,-93.84
64649,39.73,-94.08
64650,39.63,-94.08
64651,39.77,-93.19
64652,40.04,-93.45
64653,39.89,-93.21
64654,39.96,-93.99
64655,40.47,-93.02
64656,39.65,-93.69
64657,40.11,-94.22
64658,39.73,-92.94
64659,39.8,-93.3
64660,39.59,-93.13
64661,40.42,-93.57
64664,39.73,-93.67
64667,40.23,-93.29
64668,39.38,-93.51
64670,40.03,-94.09
64671,39.58,-94.05
64672,40.47,-93.02
64673,40.41,-93.58
64674,39.96,-93.15
64676,39.65,-93.06
64679,40.22,-93.59
64680,39.41,-93.43
64681,39.66,-93.24
64682,39.41,-93.43
64683,40.08,-93.6
64686,39.79,-93.51
64687,39.32,-93.38
64688,39.87,-93.4
64689,39.87,-94.15
64701,38.62,-94.32
64720,38.4,-94.38
64722,38.25,-94.33
64723,38.25,-94.33
64724,38.17,-93.88
64725,38.52,-94.35
64726,38.39,-93.92
64728,37.69,-94.47
64730,38.24,-94.35
64733,38.62,-93.85
64734,38.66,-94.56
64735,38.4,-93.79
64738,37.9,-93.62
64739,38.51,-94.13
64740,38.24,-93.79
64741,37.85,-94.34
64742,38.48,-94.58
64743,38.67,-94.23
64744,37.87,-94.01
64745,38.25,-94.33
64746,38.58,-94.4
64747,38.57,-94.36
64748,37.42,-94.14
64750,37.85,-94.34
64751,37.85,-94.34
64752,38.13,-94.55
64755,37.21,-94.29
64756,37.62,-94.01
64759,37.52,-94.34
64761,38.62,-93.67
64762,37.52,-94.51
64763,38.14,-93.73
64765,37.85,-94.34
64766,37.5,-94.35
64767,37.85,-94.34
64769,37.47,-94.55
64770,38.28,-93.97
64771,37.76,-94.45
64772,37.78,-94.39
64776,38.07,-93.63
64777,38.25,-94.33
64778,37.69,-94.47
64779,38.1,-94.36
64780,38.25,-94.33
64781,38.02,-93.78
64783,37.85,-94.34
64784,37.66,-94.3
64788,38.4,-93.99
64789,38.02,-93.78
64790,37.9,-94.23
64801,37.11,-94.5
64802,37.21,-94.34
64803,37.21,-94.34
64804,37.1,-94.37
64830,37.24,-94.42
64831,36.67,-94.42
64832,37.27,-94.52
64833,37.19,-94.15
64834,37.19,-94.34
64835,37.15,-94.44
64836,37.18,-94.31
64840,36.93,-94.25
64841,37.08,-94.41
64842,36.88,-94.19
64843,36.74,-94.41
64844,36.91,-94.25
64847,36.61,-94.45
64848,37.16,-94.07
64849,37.25,-94.43
64850,36.9,-94.37
64853,36.83,-94.15
64854,36.58,-94.46
64855,37.27,-94.49
64856,36.57,-94.38
64857,37.22,-94.37
64858,36.9,-94.53
64859,37.17,-94.25
64861,36.63,-94.34
64862,37.16,-94.16
64863,36.62,-94.51
64864,36.9,-94.34
64865,36.88,-94.35
64866,36.87,-94.14
64867,36.81,-94.38
64868,36.63,-94.34
64869,37.21,-94.34
64870,37.19,-94.33
64873,36.98,-94.19
64874,36.76,-94.05
64944,39.04,-94.36
64999,39.04,-94.36
65001,38.5,-91.92
65010,38.78,-92.27
65011,38.37,-92.72
65013,38.2,-91.76
65014,38.39,-91.52
65016,38.5,-91.92
65017,38.19,-92.5
65018,38.63,-92.55
65020,38.02,-92.74
65022,38.6,-92.18
65023,38.6,-92.37
65024,38.61,-91.74
65025,38.64,-92.58
65026,38.32,-92.48
65031,38.22,-92.44
65032,38.39,-92.36
65034,38.55,-92.76
65035,38.4,-91.96
65036,38.67,-91.56
65037,38.27,-92.85
65038,38.2,-92.87
65039,38.73,-92.3
65040,38.39,-92.31
65041,38.59,-91.5
65042,38.67,-92.61
65043,38.66,-92.11
65046,38.77,-92.48
65047,38.17,-92.56
65048,38.5,-91.92
65049,38.11,-92.68
65050,38.55,-92.68
65051,38.5,-91.79
65052,38.06,-92.72
65053,38.54,-92.38
65054,38.5,-91.92
65055,38.67,-92.61
65058,38.31,-92.13
65059,38.71,-91.89
65061,38.49,-91.6
65062,38.48,-91.62
65063,38.73,-92.08
65064,38.4,-92.49
65065,38.13,-92.67
65066,38.36,-91.48
65067,38.77,-91.71
65068,38.82,-92.61
65069,38.79,-91.57
65072,38.27,-92.73
65074,38.49,-92.41
65075,38.25,-92.25
65076,38.42,-92.32
65077,38.76,-91.8
65078,38.44,-93.0
65079,38.16,-92.72
65080,38.64,-92.0
65081,38.66,-92.66
65082,38.22,-92.45
65083,38.15,-92.43
65084,38.42,-92.84
65085,38.41,-92.05
65101,38.49,-92.17
65102,38.53,-92.25
65103,38.53,-92.25
65104,38.53,-92.25
65105,38.53,-92.25
65106,38.53,-92.25
65107,38.53,-92.25
65108,38.53,-92.25
65109,38.55,-92.3
65110,38.53,-92.25
65111,38.53,-92.25
65201,38.89,-92.27
65202,39.02,-92.31
65203,38.88,-92.4
65205,39.04,-92.35
65211,38.9,-92.1
65212,38.94,-92.33
65215,38.95,-92.32
65216,38.9,-92.1
65217,38.9,-92.1
65218,38.9,-92.1
65230,39.24,-92.7
65231,39.01,-91.91
65232,39.16,-91.76
65233,38.88,-92.73
65236,39.43,-93.13
65237,38.76,-92.79
65239,39.53,-92.47
65240,39.14,-92.18
65243,39.3,-92.37
65244,39.43,-92.5
65246,39.46,-92.99
65247,39.64,-92.47
65248,39.15,-92.67
65250,39.04,-92.83
65251,38.83,-91.97
65254,39.16,-92.83
65255,39.1,-92.24
65256,39.15,-92.43
65257,39.31,-92.51
65258,39.49,-92.15
65259,39.47,-92.5
65260,39.61,-92.36
65261,39.43,-92.91
65262,38.96,-91.92
65263,39.47,-92.21
65264,39.11,-91.7
65265,39.2,-91.84
65270,39.43,-92.43
65274,39.1,-92.71
65275,39.47,-92.02
65276,38.85,-92.93
65278,39.34,-92.41
65279,39.0,-92.5
65280,39.21,-91.71
65281,39.43,-92.8
65282,39.36,-91.87
65283,39.48,-91.85
65284,39.18,-92.33
65285,39.21,-92.0
65286,39.5,-93.19
65287,38.9,-92.57
65299,38.9,-92.1
65301,38.7,-93.24
65302,38.72,-93.28
65305,38.73,-93.57
65320,39.07,-92.95
65321,39.11,-93.48
65322,38.94,-92.87
65323,38.45,-93.61
65324,38.1,-93.05
65325,38.34,-93.31
65326,38.3,-93.29
65327,38.97,-93.5
65329,38.61,-92.98
65330,39.23,-93.0
65332,38.61,-93.41
65333,38.85,-93.31
65334,38.83,-93.23
65335,38.5,-93.32
65336,38.74,-93.58
65337,38.78,-93.42
65338,38.4,-93.33
65339,39.15,-93.38
65340,39.16,-93.24
65344,39.32,-93.23
65345,38.56,-93.16
65347,39.03,-92.99
65348,38.74,-92.96
65349,39.1,-93.26
65350,38.66,-93.11
65351,39.07,-93.43
65354,38.65,-92.89
65355,38.32,-93.33
65360,38.49,-93.59
65401,37.9,-91.8
65402,37.96,-91.82
65409,37.88,-91.78
65433,37.31,-92.21
65436,37.62,-91.91
65438,37.0,-91.49
65439,37.51,-90.85
65440,37.61,-91.65
65441,38.11,-91.25
65443,38.15,-92.1
65444,37.38,-92.08
65446,37.87,-91.28
65449,37.86,-91.47
65452,37.94,-92.27
65453,38.1,-91.37
65456,37.79,-91.21
65457,37.85,-92.06
65459,37.93,-92.11
65461,37.71,-92.01
65462,37.69,-91.89
65463,37.77,-92.75
65464,37.19,-91.91
65466,37.14,-91.36
65468,37.25,-91.78
65470,37.56,-92.39
65473,37.77,-92.11
65479,37.31,-91.73
65483,37.31,-91.95
65484,37.36,-92.19
65486,38.11,-92.31
65501,37.6,-91.48
65529,37.92,-91.98
65532,37.6,-91.48
65534,37.72,-92.32
65535,38.07,-91.27
65536,37.69,-92.62
65540,37.6,-91.48
65541,37.6,-91.48
65542,37.39,-91.87
65543,37.52,-92.31
65546,37.15,-91.34
65548,36.97,-91.77
65550,37.84,-91.91
65552,37.48,-92.16
65555,37.37,-91.75
65556,37.85,-92.33
65557,37.5,-92.13
65559,37.97,-91.64
65560,37.64,-91.54
65564,37.24,-91.96
65565,37.89,-91.3
65566,37.71,-91.13
65567,37.84,-92.46
65570,37.46,-92.09
65571,37.18,-91.71
65572,37.81,-92.22
65573,37.15,-91.34
65580,38.13,-91.79
65582,38.17,-91.97
65583,37.77,-92.21
65584,37.83,-92.13
65586,37.86,-91.43
65588,37.0,-91.33
65589,37.24,-91.82
65590,37.66,-93.02
65591,38.03,-92.74
65601,37.53,-93.54
65603,37.43,-93.85
65604,37.31,-93.58
65605,37.01,-93.79
65606,36.69,-91.4
65607,37.74,-93.84
65608,36.95,-92.67
65609,36.52,-92.14
65610,37.05,-93.41
65611,36.55,-93.34
65612,37.22,-93.54
65613,37.63,-93.41
65614,36.72,-92.91
65615,36.66,-93.24
65616,36.65,-93.06
65617,37.46,-93.35
65618,36.65,-92.44
65619,37.14,-93.38
65620,37.01,-92.95
65622,37.64,-93.09
65623,36.75,-93.91
65624,36.75,-93.46
65625,36.68,-93.88
65626,36.58,-92.05
65627,36.56,-93.01
65629,36.89,-93.04
65630,36.84,-93.23
65631,37.04,-93.44
65632,37.53,-92.73
65633,36.91,-93.49
65634,38.02,-93.23
65635,37.43,-93.85
65636,37.28,-92.88
65637,36.65,-92.44
65638,36.93,-92.5
65640,37.7,-93.54
65641,36.72,-93.83
65644,37.28,-92.88
65645,37.48,-93.54
65646,37.34,-93.7
65647,36.68,-93.93
65648,37.37,-93.18
65649,37.63,-93.56
65650,37.74,-93.46
65652,37.17,-92.96
65653,36.73,-93.11
65654,37.02,-93.9
65655,36.61,-92.42
65656,36.78,-93.41
65657,36.86,-93.0
65658,36.72,-93.83
65659,37.75,-93.25
65660,37.35,-92.28
65661,37.41,-93.9
65662,37.4,-92.58
65663,37.63,-93.26
65664,37.19,-93.63
65666,36.65,-92.44
65667,37.32,-92.51
65668,37.95,-93.32
65669,36.92,-93.28
65672,36.63,-93.17
65673,36.62,-93.22
65674,37.73,-93.55
65675,36.93,-93.5
65676,36.65,-92.44
65679,36.58,-93.13
65680,36.7,-92.99
65681,36.75,-93.46
65682,37.39,-93.95
65685,37.66,-93.02
65686,36.64,-93.43
65688,36.65,-91.7
65689,37.19,-92.08
65690,36.69,-91.4
65692,36.6,-91.65
65701,36.7,-92.78
65702,37.1,-92.54
65704,37.17,-92.57
65705,37.07,-93.63
65706,37.27,-92.93
65707,37.23,-93.85
65708,36.8,-93.93
65710,37.49,-93.44
65711,37.27,-92.43
65712,37.06,-93.82
65713,37.32,-92.76
65714,36.96,-93.24
65715,36.65,-92.44
65717,37.16,-92.42
65720,36.97,-93.1
65721,36.97,-93.12
65722,37.58,-92.76
65723,36.98,-93.97
65724,37.85,-93.31
65725,37.46,-93.27
65726,36.62,-93.24
65727,37.74,-93.32
65728,36.75,-93.46
65729,36.65,-92.44
65730,36.63,-94.34
65731,36.66,-93.12
65732,37.94,-93.32
65733,36.55,-93.03
65734,36.79,-93.92
65735,37.94,-93.32
65737,36.69,-93.34
65738,37.26,-93.5
65739,36.61,-93.23
65740,36.71,-93.16
65741,36.65,-92.44
65742,37.22,-92.98
65744,36.63,-92.91
65745,36.53,-93.94
65746,37.18,-92.82
65747,36.72,-93.83
65752,37.43,-93.85
65753,36.99,-93.04
65754,36.85,-93.29
65755,36.93,-92.5
65756,37.1,-94.0
65757,37.31,-93.31
65759,36.75,-93.02
65760,36.65,-92.44
65761,36.58,-92.66
65762,36.65,-92.44
65764,37.66,-93.02
65765,37.26,-93.34
65766,36.65,-92.44
65767,37.8,-93.15
65768,36.93,-92.5
65769,36.99,-93.81
65770,37.37,-93.34
65771,36.77,-93.22
65772,36.62,-93.94
65773,36.65,-92.44
65774,37.89,-93.54
65775,36.75,-91.88
65776,36.63,-91.99
65777,36.58,-91.99
65778,36.69,-91.4
65779,37.94,-93.37
65781,37.35,-93.32
65783,37.66,-93.02
65784,36.65,-92.44
65785,37.68,-93.8
65786,38.03,-92.74
65787,38.1,-92.91
65788,36.87,-91.78
65789,36.88,-91.9
65790,36.7,-92.04
65791,36.53,-91.55
65793,36.93,-91.9
65801,37.26,-93.34
65802,37.18,-93.32
65803,37.3,-93.32
65804,37.15,-93.24
65805,37.26,-93.34
65806,37.18,-93.3
65807,37.16,-93.35
65808,37.26,-93.34
65809,37.15,-93.22
65810,37.12,-93.31
65814,37.26,-93.34
65817,37.26,-93.34
65890,37.26,-93.34
65898,37.18,-93.3
65899,37.18,-93.26
66002,39.54,-95.23
66006,38.82,-95.22
66007,39.13,-94.95
66008,39.71,-95.19
66010,38.09,-95.01
66012,39.07,-94.76
66013,38.68,-94.69
66014,38.28,-94.89
66015,38.21,-95.3
66016,39.48,-95.24
66017,39.7,-95.1
66018,38.95,-94.97
66019,38.95,-95.0
66020,39.34,-95.1
66021,38.82,-94.94
66023,39.51,-95.39
66024,39.76,-94.88
66025,38.88,-95.13
66026,38.42,-94.88
66027,39.35,-94.93
66030,38.81,-94.94
66031,38.82,-94.9
66032,38.23,-95.29
66033,38.35,-95.14
66035,39.88,-95.23
66036,38.66,-94.85
66039,38.11,-95.19
66040,38.36,-94.73
66041,39.54,-95.31
66042,38.55,-95.26
66043,39.23,-94.88
66044,38.91,-95.28
66045,38.95,-95.28
66046,38.88,-95.32
66047,38.88,-95.34
66048,39.28,-94.98
66049,38.9,-95.34
66050,39.0,-95.42
66051,38.9,-94.83
66052,39.01,-95.06
66053,38.59,-94.69
66054,39.2,-95.23
66056,38.24,-94.77
66058,39.53,-95.48
66060,39.38,-95.32
66061,38.89,-94.88
66062,38.85,-94.78
66063,38.9,-94.83
66064,38.56,-94.89
66066,39.26,-95.36
66067,38.56,-95.28
66070,39.18,-95.46
66071,38.58,-94.88
66072,38.26,-94.85
66073,39.23,-95.4
66075,38.18,-94.71
66076,38.62,-95.34
66077,39.42,-95.14
66078,38.47,-95.26
66079,38.55,-95.14
66080,38.44,-95.31
66083,38.79,-94.79
66085,38.82,-94.66
66086,39.12,-95.08
66087,39.79,-95.14
66088,39.25,-95.43
66090,39.81,-95.08
66091,38.15,-95.34
66092,38.64,-95.15
66093,38.21,-95.46
66094,39.87,-95.29
66095,38.48,-95.41
66097,39.23,-95.29
66101,39.1,-94.63
66102,39.1,-94.75
66103,39.07,-94.63
66104,39.15,-94.69
66105,39.08,-94.64
66106,39.07,-94.72
66109,39.14,-94.82
66110,39.1,-94.75
66111,39.09,-94.79
66112,39.12,-94.77
66113,39.07,-94.72
66115,39.14,-94.62
66117,39.1,-94.75
66118,39.1,-94.61
66119,39.1,-94.75
66160,39.1,-94.75
66201,39.01,-94.68
66202,39.02,-94.68
66203,39.02,-94.69
66204,38.97,-94.68
66205,38.99,-94.83
66206,38.96,-94.72
66207,38.96,-94.64
66208,38.99,-94.63
66209,38.9,-94.64
66210,38.93,-94.71
66211,38.92,-94.64
66212,38.96,-94.68
66213,38.9,-94.7
66214,38.96,-94.72
66215,38.95,-94.74
66216,39.01,-94.74
66217,39.01,-94.77
66218,39.01,-94.81
66219,38.96,-94.78
66220,38.96,-94.82
66221,38.86,-94.71
66222,38.9,-94.83
66223,38.86,-94.66
66224,38.86,-94.63
66225,38.9,-94.83
66226,39.02,-94.86
66227,38.97,-94.87
66250,38.9,-94.83
66251,38.9,-94.83
66276,38.9,-94.83
66279,38.9,-94.83
66282,38.9,-94.83
66283,38.9,-94.83
66285,38.9,-94.83
66286,38.9,-94.83
66401,38.95,-96.2
66402,38.92,-95.84
66403,39.89,-96.3
66404,39.75,-96.11
66406,39.91,-96.42
66407,39.28,-96.16
66408,39.96,-95.97
66409,38.93,-95.58
66411,39.71,-96.56
66412,39.91,-96.76
66413,38.74,-95.82
66414,38.81,-95.71
66415,39.7,-96.03
66416,39.53,-95.85
66417,39.65,-96.03
66418,39.3,-95.9
66419,39.35,-95.61
66420,38.96,-95.92
66422,39.35,-96.1
66423,38.86,-96.15
66424,39.7,-95.46
66425,39.82,-95.73
66426,39.44,-96.51
66427,39.73,-96.52
66428,39.66,-95.93
66429,39.1,-95.54
66431,38.79,-95.96
66432,39.45,-96.37
66434,39.79,-95.6
66436,39.48,-95.77
66438,39.85,-96.51
66439,39.66,-95.53
66440,39.31,-95.69
66441,39.03,-96.78
66442,39.11,-96.84
66449,39.4,-96.85
66450,39.26,-96.33
66451,38.62,-95.66
66501,39.05,-96.24
66502,39.21,-96.56
66503,39.25,-96.63
66505,39.3,-96.68
66506,39.2,-96.58
66507,39.07,-96.13
66508,39.86,-96.62
66509,39.31,-95.76
66510,38.5,-95.61
66512,39.2,-95.53
66514,39.13,-96.87
66515,39.92,-95.69
66516,39.6,-95.72
66517,39.12,-96.71
66518,39.96,-96.55
66520,39.41,-96.44
66521,39.44,-96.34
66522,39.87,-95.94
66523,38.63,-95.74
66524,38.72,-95.57
66526,39.07,-96.17
66527,39.76,-95.64
66528,38.63,-95.56
66531,39.3,-96.82
66532,39.82,-95.46
66533,39.16,-95.96
66534,39.9,-95.8
66535,39.29,-96.44
66536,39.26,-96.13
66537,38.75,-95.68
66538,39.85,-96.03
66539,39.15,-95.86
66540,39.48,-95.83
66541,39.85,-96.51
66542,39.0,-95.63
66543,38.64,-95.6
66544,39.69,-96.5
66546,38.91,-95.73
66547,39.3,-96.34
66548,39.76,-96.7
66549,39.41,-96.44
66550,39.64,-95.81
66551,39.47,-96.26
66552,39.59,-95.64
66554,39.47,-96.81
66555,39.78,-96.52
66601,38.99,-95.78
66603,39.05,-95.68
66604,39.05,-95.76
66605,39.01,-95.59
66606,39.06,-95.72
66607,39.04,-95.63
66608,39.08,-95.65
66609,38.96,-95.62
66610,38.98,-95.82
66611,39.02,-95.7
66612,39.04,-95.68
66614,39.02,-95.78
66615,39.06,-95.85
66616,39.07,-95.63
66617,39.15,-95.79
66618,39.14,-95.8
66619,38.95,-95.72
66620,39.04,-95.77
66621,39.04,-95.77
66622,39.04,-95.77
66624,39.04,-95.77
66625,39.04,-95.77
66626,39.04,-95.77
66628,39.04,-95.77
66629,39.04,-95.77
66634,39.04,-95.77
66636,39.04,-95.77
66637,39.04,-95.77
66638,39.04,-95.77
66642,39.04,-95.77
66647,39.04,-95.77
66652,39.04,-95.77
66653,39.04,-95.77
66658,39.04,-95.77
66667,39.04,-95.77
66675,39.04,-95.77
66683,39.04,-95.77
66686,39.04,-95.77
66692,39.04,-95.77
66699,39.04,-95.77
66701,37.82,-94.71
66710,37.53,-95.66
66711,37.6,-94.7
66712,37.56,-94.69
66713,37.14,-94.79
66714,37.61,-95.7
66716,37.87,-95.03
66717,37.61,-95.7
66720,37.61,-95.42
66724,37.37,-94.83
66725,37.17,-94.89
66727,37.56,-95.74
66728,37.17,-94.7
66732,37.84,-95.22
66733,37.58,-95.3
66734,37.62,-94.8
66735,37.44,-94.68
66736,37.57,-95.75
66738,38.01,-94.72
66739,37.15,-94.83
66740,37.47,-95.37
66741,37.86,-94.85
66742,37.92,-95.35
66743,37.47,-94.88
66746,37.64,-94.94
66748,37.83,-95.35
66749,37.89,-95.39
66751,37.91,-95.26
66753,37.45,-94.86
66754,37.86,-94.85
66755,37.91,-95.2
66756,37.54,-94.66
66757,37.56,-95.67
66758,38.0,-95.62
66759,37.57,-95.94
66760,37.34,-94.62
66761,37.91,-95.57
66762,37.45,-94.82
66763,37.45,-94.69
66767,38.18,-94.71
66769,37.84,-94.88
66770,37.07,-94.76
66771,37.55,-95.18
66772,37.77,-95.24
66773,37.28,-94.81
66775,37.68,-95.18
66776,37.48,-95.45
66777,37.81,-95.89
66778,37.14,-94.88
66779,37.85,-94.98
66780,37.57,-94.86
66781,37.26,-94.73
66782,37.29,-94.93
66783,37.88,-95.72
66801,38.43,-96.15
66830,38.61,-96.11
66833,38.65,-96.17
66834,38.86,-96.49
66835,38.56,-96.26
66838,38.57,-96.8
66839,38.24,-95.73
66840,38.09,-96.89
66842,38.0,-96.66
66843,38.26,-96.82
66845,38.38,-96.55
66846,38.7,-96.55
66849,38.83,-96.58
66850,38.37,-96.65
66851,38.29,-96.97
66852,38.11,-95.79
66853,37.98,-96.2
66854,38.35,-96.1
66855,37.89,-96.24
66856,38.24,-95.79
66857,38.11,-95.69
66858,38.49,-96.96
66859,38.57,-96.97
66860,38.06,-96.14
66861,38.28,-96.97
66862,38.3,-96.6
66863,37.89,-96.24
66864,38.41,-96.1
66865,38.35,-96.19
66866,38.13,-97.0
66868,38.53,-96.01
66869,38.39,-96.54
66870,37.98,-96.01
66871,38.35,-95.63
66872,38.78,-96.78
66873,38.68,-96.66
66901,39.55,-97.66
66930,39.7,-97.45
66932,39.77,-98.92
66933,39.68,-96.86
66935,39.84,-97.6
66936,39.78,-98.22
66937,39.66,-97.17
66938,39.59,-97.4
66939,39.75,-97.67
66940,39.8,-97.46
66941,39.82,-98.43
66942,39.78,-97.99
66943,39.69,-96.98
66944,39.84,-97.27
66945,39.87,-96.9
66946,39.84,-96.97
66948,39.6,-97.86
66949,39.67,-98.15
66951,39.78,-98.8
66952,39.81,-98.56
66953,39.78,-97.17
66955,39.84,-97.23
66956,39.79,-98.21
66958,39.89,-97.17
66959,39.86,-97.5
66960,39.96,-97.43
66961,39.83,-97.65
66962,39.61,-97.13
66963,39.64,-98.04
66964,39.88,-97.63
66966,39.79,-97.78
66967,39.79,-98.67
66968,39.78,-97.05
66970,39.94,-98.04
67001,37.78,-97.64
67002,37.7,-97.1
67003,37.11,-98.05
67004,37.25,-97.69
67005,37.15,-96.9
67008,37.38,-96.72
67009,37.22,-98.21
67010,37.67,-96.97
67012,37.66,-96.53
67013,37.36,-97.29
67016,37.89,-97.52
67017,37.83,-97.1
67018,37.06,-97.87
67019,37.37,-96.76
67020,38.02,-97.54
67021,37.78,-98.93
67022,37.13,-97.6
67023,37.31,-96.72
67024,37.13,-96.44
67025,37.63,-97.74
67026,37.55,-97.49
67028,37.64,-98.89
67029,37.25,-99.32
67030,37.77,-97.55
67031,37.39,-97.66
67035,37.63,-98.36
67036,37.3,-97.87
67037,37.57,-97.23
67038,37.18,-96.72
67039,37.54,-97.0
67041,38.05,-97.13
67042,37.83,-96.87
67045,37.76,-96.17
67047,37.61,-96.03
67049,37.18,-97.86
67050,37.67,-97.65
67051,37.14,-97.46
67052,37.66,-97.58
67053,38.22,-97.33
67054,37.61,-99.2
67055,37.78,-97.21
67056,38.02,-97.51
67057,37.08,-98.75
67058,37.29,-98.04
67059,37.61,-99.19
67060,37.54,-97.36
67061,37.11,-98.41
67062,38.14,-97.44
67063,38.35,-97.21
67065,37.43,-98.55
67066,37.76,-98.76
67067,37.81,-97.26
67068,37.6,-98.13
67070,37.14,-98.5
67071,37.26,-98.82
67072,37.61,-96.66
67073,38.37,-97.3
67074,37.66,-96.75
67101,37.79,-97.49
67102,37.24,-96.84
67103,37.27,-97.56
67104,37.29,-98.62
67105,37.23,-97.67
67106,37.43,-97.74
67107,38.22,-97.52
67108,37.82,-97.64
67109,37.59,-99.39
67110,37.37,-97.44
67111,37.62,-97.96
67112,37.47,-98.39
67114,38.04,-97.32
67117,38.05,-97.36
67118,37.49,-97.92
67119,37.23,-97.21
67120,37.51,-97.34
67122,37.89,-96.24
67123,37.94,-97.04
67124,37.64,-98.76
67127,37.2,-99.48
67128,37.44,-98.0
67131,37.44,-97.01
67132,37.83,-96.81
67133,37.56,-97.09
67134,37.51,-98.65
67135,37.96,-97.47
67137,37.62,-96.23
67138,37.22,-98.42
67140,37.14,-97.33
67142,37.49,-98.21
67143,37.36,-98.91
67144,37.91,-96.86
67146,37.39,-97.12
67147,37.85,-97.34
67149,37.58,-97.52
67150,37.14,-98.24
67151,38.12,-97.24
67152,37.28,-97.42
67154,37.98,-97.09
67155,37.19,-99.27
67156,37.23,-97.0
67159,37.45,-98.31
67201,37.65,-97.26
67202,37.69,-97.33
67203,37.71,-97.4
67204,37.79,-97.38
67205,37.77,-97.44
67206,37.61,-97.34
67207,37.67,-97.22
67208,37.74,-97.28
67209,37.67,-97.44
67210,37.62,-97.25
67211,37.66,-97.31
67212,37.7,-97.44
67213,37.67,-97.36
67214,37.71,-97.32
67215,37.63,-97.43
67216,37.61,-97.31
67217,37.64,-97.39
67218,37.67,-97.28
67219,37.77,-97.27
67220,37.77,-97.28
67221,37.63,-97.27
67223,37.74,-97.5
67226,37.77,-97.21
67227,37.63,-97.49
67228,37.77,-97.17
67230,37.68,-97.17
67231,37.56,-97.41
67232,37.64,-97.17
67233,37.54,-97.35
67235,37.71,-97.5
67236,37.54,-97.29
67251,37.69,-97.48
67256,37.69,-97.48
67257,37.69,-97.48
67259,37.69,-97.48
67260,37.69,-97.48
67275,37.69,-97.48
67276,37.69,-97.48
67277,37.69,-97.48
67278,37.69,-97.48
67301,37.18,-95.76
67330,37.22,-95.36
67332,37.05,-95.23
67333,37.05,-95.88
67334,37.03,-96.18
67335,37.17,-95.73
67336,37.05,-95.22
67337,37.15,-95.75
67340,37.04,-95.73
67341,37.22,-95.43
67342,37.07,-95.35
67344,37.29,-95.91
67345,37.38,-96.27
67346,37.41,-96.38
67347,37.09,-95.94
67349,37.42,-96.28
67351,37.1,-95.58
67352,37.37,-96.13
67353,37.36,-96.37
67354,37.22,-95.42
67355,37.04,-96.01
67356,37.19,-95.24
67357,37.22,-95.27
67360,37.05,-96.08
67361,37.13,-96.22
67363,37.33,-95.72
67364,37.04,-95.82
67401,38.82,-97.64
67402,38.78,-97.65
67410,38.91,-97.2
67416,38.69,-97.59
67417,39.45,-97.53
67418,39.19,-98.04
67420,39.44,-98.12
67422,39.02,-97.62
67423,39.05,-98.21
67425,38.78,-97.85
67427,38.46,-98.39
67428,38.39,-97.43
67430,39.45,-98.19
67431,38.97,-97.02
67432,39.35,-97.16
67436,39.26,-97.71
67437,39.45,-98.58
67438,38.52,-97.25
67439,38.7,-98.21
67441,38.89,-97.09
67442,38.69,-97.79
67443,38.38,-97.47
67444,38.36,-98.16
67445,39.36,-97.84
67446,39.5,-98.3
67447,39.48,-97.01
67448,38.71,-97.49
67449,38.79,-96.99
67450,38.61,-98.42
67451,38.83,-97.12
67452,39.29,-98.43
67454,38.7,-98.14
67455,39.1,-98.21
67456,38.5,-97.63
67457,38.38,-98.1
67458,39.18,-97.25
67459,38.6,-98.27
67460,38.38,-97.67
67464,38.53,-97.68
67466,39.35,-97.45
67467,39.14,-97.65
67468,39.33,-97.16
67470,38.91,-97.52
67473,39.39,-98.8
67474,39.53,-98.74
67475,38.6,-97.06
67476,38.39,-97.65
67478,39.39,-97.93
67480,38.91,-97.34
67481,38.97,-98.44
67482,39.02,-97.26
67483,38.55,-97.17
67484,39.04,-97.72
67485,39.34,-98.47
67487,39.19,-97.08
67490,38.78,-98.27
67491,38.39,-97.69
67492,38.81,-96.96
67501,37.95,-97.89
67502,38.12,-97.89
67504,37.95,-98.09
67505,38.0,-97.94
67510,38.01,-98.17
67511,38.42,-98.91
67512,38.23,-98.32
67513,38.47,-99.55
67514,37.83,-98.2
67515,38.48,-99.92
67516,38.45,-99.69
67518,38.48,-99.92
67519,37.95,-99.1
67520,38.56,-99.2
67521,38.48,-99.92
67522,38.12,-97.77
67523,38.14,-99.39
67524,38.36,-98.25
67525,38.57,-98.63
67526,38.46,-98.73
67529,38.08,-99.25
67530,38.39,-98.78
67543,37.88,-97.79
67544,38.48,-98.76
67545,38.17,-98.63
67546,38.25,-97.8
67547,37.91,-99.48
67548,38.53,-99.3
67550,38.19,-99.1
67552,37.94,-99.25
67553,38.66,-99.32
67554,38.38,-98.19
67556,38.59,-99.57
67557,37.96,-98.97
67559,38.52,-99.31
67560,38.46,-99.91
67561,38.1,-98.11
67563,37.89,-99.56
67564,38.54,-98.9
67565,38.54,-99.05
67566,38.01,-97.98
67567,38.45,-98.96
67568,38.01,-98.26
67570,37.81,-98.0
67572,38.64,-99.93
67573,38.27,-98.39
67574,38.2,-99.4
67575,38.47,-99.25
67576,38.06,-98.79
67578,37.96,-98.78
67579,38.22,-98.18
67581,38.01,-98.12
67583,37.82,-98.36
67584,38.64,-100.17
67585,37.94,-97.87
67601,38.88,-99.33
67621,39.76,-99.12
67622,39.89,-99.71
67623,39.43,-98.93
67625,39.36,-99.69
67626,38.87,-98.68
67627,38.93,-99.22
67628,39.78,-98.79
67629,39.78,-99.9
67631,38.91,-99.87
67632,39.33,-99.4
67634,38.82,-98.78
67635,39.78,-100.46
67637,38.95,-99.34
67638,39.65,-98.85
67639,39.78,-99.35
67640,38.85,-99.01
67642,39.37,-99.84
67643,39.68,-100.29
67644,39.67,-99.34
67645,39.61,-100.0
67646,39.66,-99.57
67647,39.78,-99.35
67648,39.01,-98.75
67649,39.08,-98.65
67650,39.35,-100.08
67651,39.23,-98.95
67653,39.84,-100.19
67654,39.83,-99.89
67656,38.91,-99.87
67657,39.23,-99.35
67658,39.08,-98.94
67659,39.35,-99.97
67660,38.72,-99.17
67661,39.78,-99.35
67663,39.25,-99.32
67664,39.75,-99.35
67665,38.91,-98.78
67667,38.71,-99.33
67669,39.41,-99.37
67670,39.78,-99.35
67671,38.92,-99.14
67672,39.02,-99.89
67673,39.07,-98.79
67674,38.87,-99.09
67675,39.4,-99.24
67701,39.4,-100.97
67730,39.82,-101.04
67731,39.75,-101.53
67732,39.36,-101.06
67733,39.37,-101.49
67734,39.46,-100.93
67735,39.36,-101.8
67736,38.92,-100.48
67737,39.11,-100.47
67738,39.13,-100.63
67739,39.91,-100.78
67740,39.36,-100.44
67741,39.37,-101.97
67743,39.41,-101.15
67744,39.79,-101.08
67745,39.79,-101.37
67747,39.05,-101.06
67748,38.95,-100.97
67749,39.82,-100.53
67751,39.06,-100.23
67752,39.06,-100.24
67753,39.39,-101.05
67756,39.68,-101.91
67757,39.54,-100.57
67758,38.89,-101.75
67761,38.92,-101.76
67762,38.92,-101.76
67764,38.92,-101.09
67801,37.69,-99.9
67831,37.17,-99.77
67834,37.69,-99.88
67835,37.8,-100.34
67836,38.0,-101.79
67837,37.74,-100.51
67838,37.96,-101.19
67839,38.47,-100.46
67840,37.24,-99.82
67841,37.62,-100.28
67842,37.59,-99.8
67844,37.28,-100.21
67846,38.0,-100.66
67849,38.12,-99.71
67850,38.58,-100.6
67851,38.1,-100.96
67853,37.79,-100.46
67854,38.02,-99.89
67855,37.56,-101.71
67857,38.0,-101.79
67859,37.2,-100.7
67860,37.94,-101.26
67861,38.48,-101.29
67862,37.54,-101.9
67863,38.48,-101.28
67864,37.24,-100.32
67865,37.44,-100.01
67867,37.6,-100.42
67868,37.91,-100.75
67869,37.24,-100.44
67870,37.44,-101.0
67871,38.48,-100.91
67876,37.73,-99.72
67877,37.48,-100.85
67878,37.99,-101.75
67879,38.47,-101.75
67880,37.56,-101.31
67882,37.81,-99.9
67901,37.04,-100.87
67905,37.02,-100.94
67950,37.0,-101.9
67951,37.24,-101.28
67952,37.33,-101.21
67953,37.19,-101.8
67954,37.08,-101.6
68001,41.33,-96.95
68002,41.5,-96.32
68003,41.1,-96.58
68004,42.0,-96.67
68005,41.13,-95.9
68007,41.36,-96.2
68008,41.54,-96.18
68009,41.54,-96.18
68010,41.26,-96.13
68014,41.28,-96.98
68015,41.37,-96.63
68016,41.04,-96.1
68017,41.1,-96.64
68018,41.31,-96.61
68019,41.79,-96.38
68020,41.97,-96.25
68022,41.29,-96.24
68023,41.45,-96.02
68025,41.49,-96.5
68026,41.57,-96.62
68028,41.1,-96.24
68029,41.63,-96.27
68030,42.33,-96.47
68031,41.62,-96.55
68033,41.15,-96.52
68034,41.45,-96.19
68035,41.34,-96.44
68036,41.38,-96.98
68037,40.98,-96.08
68038,41.95,-96.45
68039,42.15,-96.55
68040,41.27,-96.65
68041,41.2,-96.64
68042,41.09,-96.43
68044,41.54,-96.52
68045,41.85,-96.4
68046,41.12,-96.06
68047,42.11,-96.72
68048,40.97,-96.0
68050,41.31,-96.82
68054,41.09,-96.07
68055,42.06,-96.51
68056,41.09,-96.09
68057,41.57,-96.59
68058,41.01,-96.25
68059,41.07,-96.18
68061,41.81,-96.26
68062,42.15,-96.55
68063,41.74,-96.5
68064,41.34,-96.34
68065,41.11,-96.83
68066,41.2,-96.67
68067,42.15,-96.49
68068,41.4,-96.21
68069,41.25,-96.31
68070,41.21,-96.76
68071,42.24,-96.47
68072,41.61,-96.5
68073,41.21,-96.45
68101,41.29,-96.17
68102,41.26,-95.93
68103,41.29,-96.17
68104,41.3,-96.0
68105,41.24,-95.96
68106,41.24,-96.0
68107,41.21,-95.95
68108,41.24,-95.96
68109,41.29,-96.17
68110,41.3,-95.91
68111,41.3,-95.96
68112,41.35,-95.95
68113,41.13,-95.92
68114,41.26,-96.05
68116,41.29,-96.17
68117,41.21,-96.0
68118,41.26,-96.18
68119,41.29,-96.17
68120,41.29,-96.17
68122,41.35,-96.07
68123,41.12,-95.94
68124,41.23,-96.05
68127,41.21,-96.06
68128,41.16,-96.06
68130,41.23,-96.2
68131,41.27,-95.96
68132,41.26,-96.0
68133,41.13,-96.1
68134,41.3,-96.06
68135,41.21,-96.19
68136,41.17,-96.17
68137,41.21,-96.11
68138,41.15,-96.14
68139,41.29,-96.17
68142,41.36,-96.1
68144,41.23,-96.12
68145,41.29,-96.17
68147,41.18,-95.96
68152,41.35,-95.99
68154,41.29,-96.12
68155,41.29,-96.17
68157,41.18,-95.99
68164,41.31,-96.1
68172,41.29,-96.17
68175,41.29,-96.17
68176,41.29,-96.17
68178,41.29,-96.17
68179,41.29,-96.17
68180,41.29,-96.17
68181,41.29,-96.17
68182,41.29,-96.17
68183,41.29,-96.17
68197,41.26,-95.94
68198,41.29,-96.17
68301,40.46,-96.51
68303,40.24,-97.39
68304,40.89,-96.38
68305,40.43,-95.84
68307,40.88,-96.24
68309,40.04,-96.6
68310,40.31,-96.69
68313,40.79,-97.23
68314,41.0,-97.03
68315,40.18,-97.59
68316,41.0,-97.61
68317,40.66,-96.52
68318,40.3,-96.75
68319,40.93,-97.75
68320,40.48,-95.96
68321,40.4,-95.66
68322,40.34,-97.56
68323,40.15,-96.35
68324,40.54,-96.3
68325,40.01,-97.77
68326,40.3,-97.68
68327,40.01,-97.62
68328,40.47,-96.85
68329,40.51,-96.16
68330,40.72,-97.31
68331,40.51,-96.75
68332,40.39,-96.26
68333,40.63,-97.02
68335,40.31,-97.81
68336,40.96,-96.7
68337,40.13,-95.83
68338,40.31,-97.14
68339,40.72,-96.85
68340,40.14,-97.72
68341,40.37,-96.96
68342,40.11,-97.13
68343,40.65,-97.11
68344,40.57,-96.42
68345,40.04,-96.07
68346,40.63,-96.03
68347,40.9,-96.38
68348,40.29,-96.13
68349,40.83,-96.32
68350,40.05,-97.08
68351,40.65,-97.43
68352,40.18,-97.17
68354,40.64,-97.56
68355,40.07,-95.6
68357,40.28,-96.54
68358,40.56,-96.58
68359,40.53,-97.11
68360,40.97,-96.97
68361,40.53,-97.6
68362,40.18,-97.59
68364,40.83,-97.2
68365,40.63,-97.71
68366,40.91,-96.29
68367,41.01,-97.43
68368,40.57,-96.8
68370,40.24,-97.64
68371,40.8,-97.77
68372,40.61,-96.62
68375,40.01,-97.5
68376,40.17,-95.95
68377,40.23,-97.03
68378,40.35,-96.0
68380,40.2,-96.38
68381,40.26,-96.69
68382,40.65,-96.09
68401,40.73,-97.57
68402,40.91,-96.81
68403,40.92,-96.17
68404,40.62,-96.67
68405,40.78,-97.08
68406,40.5,-97.39
68407,40.91,-96.27
68409,40.91,-95.95
68410,40.71,-95.91
68413,40.86,-96.02
68414,40.34,-95.68
68415,40.05,-96.8
68416,40.45,-97.42
68417,40.75,-96.08
68418,40.71,-96.4
68419,40.6,-96.51
68420,40.11,-96.15
68421,40.48,-95.73
68422,40.38,-96.73
68423,40.81,-96.97
68424,40.29,-97.03
68428,40.93,-96.79
68429,40.06,-97.38
68430,40.66,-96.66
68431,40.05,-95.43
68433,40.13,-95.66
68434,40.92,-97.1
68436,40.42,-97.72
68437,40.24,-95.68
68438,40.63,-96.75
68439,40.96,-97.25
68440,40.15,-97.13
68441,40.21,-96.23
68442,40.23,-95.77
68443,40.46,-96.38
68444,40.42,-97.58
68445,40.38,-97.08
68446,40.65,-96.17
68447,40.18,-96.1
68448,40.56,-96.0
68450,40.41,-96.28
68452,40.52,-98.05
68453,40.42,-97.34
68454,40.68,-96.27
68455,40.83,-95.9
68456,40.94,-97.29
68457,40.15,-95.71
68458,40.26,-96.69
68460,40.89,-97.44
68461,40.76,-96.52
68462,40.94,-96.54
68463,40.88,-96.15
68464,40.4,-97.27
68465,40.48,-96.97
68466,40.12,-96.67
68467,40.89,-97.6
68501,40.87,-96.82
68502,40.81,-96.68
68503,40.85,-96.7
68504,40.85,-96.66
68505,40.9,-96.62
68506,40.8,-96.69
68507,40.89,-96.65
68508,40.8,-96.62
68509,40.78,-96.69
68510,40.84,-96.63
68512,40.79,-96.69
68514,40.94,-96.66
68516,40.78,-96.66
68517,40.94,-96.61
68520,40.78,-96.53
68521,40.86,-96.72
68522,40.78,-96.75
68523,40.74,-96.76
68524,40.88,-96.82
68526,40.74,-96.58
68527,40.86,-96.53
68528,40.86,-96.81
68529,40.88,-96.78
68531,40.9,-96.72
68532,40.78,-96.85
68542,40.78,-96.69
68583,40.78,-96.69
68588,40.82,-96.69
68601,41.54,-97.38
68602,41.54,-97.54
68620,41.65,-98.01
68621,41.5,-96.62
68622,41.91,-98.53
68623,41.47,-98.07
68624,41.34,-97.21
68626,41.14,-96.99
68627,41.56,-98.15
68628,41.2,-97.81
68629,41.66,-97.14
68631,41.72,-97.37
68632,41.22,-97.16
68633,41.59,-96.68
68634,41.39,-97.6
68635,41.07,-97.11
68636,41.98,-98.08
68637,41.78,-98.68
68638,41.41,-97.9
68640,41.45,-97.73
68641,41.66,-97.1
68642,41.69,-97.49
68643,41.65,-97.18
68644,41.7,-97.69
68647,41.47,-97.63
68648,41.38,-96.81
68649,41.54,-96.69
68651,41.17,-97.57
68652,41.85,-98.08
68653,41.54,-97.48
68654,41.08,-97.79
68655,41.7,-98.06
68658,41.2,-97.18
68659,41.59,-96.96
68660,41.57,-97.86
68661,41.56,-97.08
68662,41.15,-97.52
68663,41.3,-97.72
68664,41.65,-96.79
68665,41.69,-98.36
68666,41.11,-97.59
68667,41.13,-97.29
68669,41.09,-97.22
68701,42.0,-97.6
68702,41.92,-97.6
68710,42.45,-96.88
68711,42.56,-99.03
68713,42.53,-98.98
68714,42.58,-99.55
68715,41.98,-97.57
68716,41.91,-96.82
68717,42.43,-97.21
68718,42.63,-97.66
68719,42.88,-98.78
68720,42.18,-98.07
68722,42.91,-98.85
68723,42.29,-97.19
68724,42.6,-97.87
68725,42.2,-98.75
68726,42.18,-98.07
68727,42.53,-97.26
68728,42.49,-96.85
68729,42.49,-97.92
68730,42.76,-97.6
68731,42.38,-96.57
68732,42.48,-96.97
68733,42.36,-96.64
68734,42.49,-98.78
68735,42.26,-98.34
68736,42.73,-97.32
68737,42.26,-97.6
68738,42.26,-97.6
68739,42.59,-97.25
68740,42.22,-97.31
68741,42.36,-96.6
68742,42.38,-98.53
68743,42.45,-96.63
68745,42.48,-97.14
68746,42.88,-98.78
68747,42.44,-97.48
68748,41.88,-97.48
68749,42.61,-97.25
68751,42.48,-96.93
68752,42.03,-97.78
68753,42.86,-99.73
68755,42.88,-98.78
68756,42.22,-98.13
68757,42.49,-96.86
68758,41.75,-97.78
68759,42.86,-99.73
68760,42.74,-97.92
68761,42.18,-98.07
68763,42.37,-98.67
68764,42.34,-98.24
68765,42.36,-97.6
68766,42.49,-98.78
68767,42.22,-97.58
68768,41.98,-97.08
68769,42.35,-97.79
68770,42.57,-96.71
68771,42.44,-97.32
68772,42.45,-99.46
68773,42.18,-98.07
68774,42.8,-97.3
68776,42.46,-96.46
68777,42.87,-98.7
68778,42.84,-99.75
68779,41.98,-97.2
68780,42.6,-99.14
68781,42.04,-97.83
68783,42.62,-98.13
68784,42.31,-96.93
68785,42.51,-96.82
68786,42.52,-97.61
68787,42.21,-96.98
68788,41.87,-96.78
68789,42.53,-98.0
68790,42.16,-97.19
68791,41.96,-96.89
68792,42.71,-97.16
68801,40.87,-98.37
68802,40.87,-98.5
68803,40.87,-98.52
68810,40.86,-98.5
68812,40.92,-99.29
68813,41.62,-99.86
68814,41.29,-99.38
68815,41.52,-99.04
68816,41.14,-98.14
68817,41.25,-98.79
68818,40.85,-98.05
68819,41.35,-99.5
68820,41.12,-98.68
68821,41.94,-99.86
68822,41.45,-99.62
68823,41.78,-99.13
68824,40.91,-98.57
68825,41.29,-99.92
68826,41.16,-98.01
68827,41.05,-98.19
68828,41.39,-99.73
68831,41.17,-98.55
68832,40.8,-98.45
68833,41.91,-99.98
68834,40.98,-99.69
68835,41.32,-98.6
68836,40.78,-99.33
68837,41.57,-98.98
68838,41.21,-98.68
68840,40.77,-98.88
68841,40.76,-98.16
68842,41.56,-98.53
68843,40.93,-98.02
68844,41.22,-98.98
68845,40.75,-99.13
68846,40.96,-97.99
68847,40.85,-99.07
68848,40.69,-99.07
68849,40.85,-99.07
68850,40.87,-99.72
68852,41.16,-99.15
68853,41.28,-98.97
68854,41.02,-98.01
68855,41.28,-99.38
68856,41.48,-99.76
68858,40.95,-99.36
68859,41.57,-98.98
68860,41.39,-99.73
68861,40.73,-99.28
68862,41.6,-98.93
68863,40.8,-99.52
68864,41.24,-98.18
68865,40.89,-98.1
68866,40.96,-99.12
68869,40.96,-98.9
68870,40.83,-99.13
68871,41.12,-98.83
68872,41.1,-98.45
68873,41.23,-98.5
68874,41.65,-99.37
68875,41.47,-98.7
68876,40.81,-98.79
68878,40.96,-99.54
68879,41.91,-99.45
68880,41.39,-99.73
68881,41.39,-99.73
68882,41.4,-98.43
68883,40.87,-98.59
68901,40.58,-98.39
68902,40.59,-98.4
68920,40.1,-99.35
68922,40.29,-99.84
68923,40.41,-99.41
68924,40.5,-99.09
68925,40.43,-98.46
68926,40.14,-99.83
68927,40.53,-99.63
68928,40.32,-98.6
68929,40.1,-99.04
68930,40.32,-98.45
68932,40.31,-98.81
68933,40.57,-98.07
68934,40.35,-98.14
68935,40.38,-97.91
68936,40.28,-99.78
68937,40.57,-99.83
68938,40.4,-98.05
68939,40.1,-99.0
68940,40.46,-99.25
68941,40.5,-98.26
68942,40.07,-98.33
68943,40.07,-97.9
68944,40.62,-98.1
68945,40.55,-98.79
68946,40.18,-99.91
68947,40.34,-99.04
68948,40.3,-99.96
68949,40.43,-99.33
68950,40.44,-98.64
68952,40.18,-98.5
68954,40.52,-98.05
68955,40.6,-98.51
68956,40.61,-98.61
68957,40.29,-98.26
68958,40.48,-99.51
68959,40.5,-98.91
68960,40.07,-99.14
68961,40.2,-98.07
68963,40.48,-98.79
68964,40.24,-97.9
68966,40.13,-99.46
68967,40.25,-99.64
68969,40.18,-99.4
68970,40.2,-98.5
68971,40.09,-99.25
68972,40.18,-98.95
68973,40.47,-98.54
68974,40.15,-97.91
68975,40.6,-97.94
68976,40.54,-99.83
68977,40.18,-99.4
68978,40.04,-98.07
68979,40.51,-97.86
68980,40.64,-98.25
68981,40.32,-98.9
68982,40.38,-99.15
69001,40.21,-100.62
69020,40.25,-100.31
69021,40.1,-101.79
69022,40.27,-100.17
69023,40.52,-101.7
69024,40.23,-100.84
69025,40.64,-100.54
69026,40.18,-100.48
69027,40.52,-101.7
69028,40.56,-100.01
69029,40.74,-100.17
69030,40.18,-101.69
69031,40.52,-101.06
69032,40.52,-101.06
69033,40.52,-101.63
69034,40.24,-100.37
69036,40.18,-100.48
69037,40.18,-101.69
69038,40.52,-100.38
69039,40.52,-100.38
69040,40.27,-101.07
69041,40.18,-101.69
69042,40.52,-100.38
69043,40.15,-101.23
69044,40.18,-101.01
69045,40.42,-101.37
69046,40.11,-100.11
69101,41.1,-100.75
69103,41.05,-100.75
69120,41.42,-100.19
69121,41.55,-101.71
69122,41.11,-102.26
69123,41.05,-100.39
69125,41.6,-102.85
69127,41.14,-101.92
69128,41.23,-103.89
69129,41.11,-102.42
69130,40.9,-99.97
69131,41.38,-103.03
69132,41.05,-100.75
69133,41.2,-103.71
69134,40.85,-101.65
69135,42.54,-101.13
69138,40.95,-100.13
69140,40.85,-101.73
69141,41.32,-102.98
69142,41.91,-100.56
69143,40.99,-100.96
69144,41.29,-101.6
69145,41.21,-103.77
69146,41.32,-101.77
69147,41.32,-102.15
69148,41.41,-102.48
69149,41.22,-102.79
69150,40.85,-101.65
69151,41.1,-100.58
69152,42.04,-101.05
69153,41.13,-101.66
69154,41.38,-102.39
69155,41.2,-101.42
69156,41.21,-103.25
69157,41.91,-99.98
69160,41.22,-103.0
69161,41.91,-100.56
69162,41.16,-103.07
69163,41.48,-100.51
69165,41.16,-101.14
69166,41.98,-100.56
69167,41.57,-101.06
69168,40.85,-101.65
69169,41.05,-100.75
69170,40.76,-100.76
69171,40.89,-100.07
69190,41.62,-102.33
69201,42.91,-101.0
69210,42.54,-99.85
69211,42.54,-101.13
69212,42.54,-101.13
69214,42.47,-99.93
69216,42.54,-101.13
69217,42.53,-99.7
69218,42.54,-101.13
69219,42.54,-101.13
69220,42.54,-101.13
69221,42.54,-101.13
69301,42.22,-103.07
69331,41.72,-103.0
69333,41.92,-101.75
69334,41.76,-103.33
69335,42.73,-102.47
69336,41.67,-103.1
69337,42.77,-103.14
69339,42.61,-103.3
69340,42.5,-102.4
69341,41.81,-103.76
69343,42.76,-102.31
69345,41.55,-103.71
69346,42.63,-103.78
69347,42.64,-102.67
69348,42.31,-103.1
69349,41.99,-104.05
69350,41.96,-101.75
69351,42.5,-102.4
69352,41.84,-103.97
69353,41.75,-103.42
69354,42.52,-103.26
69355,41.77,-103.47
69356,41.86,-103.64
69357,41.87,-103.8
69358,41.93,-103.95
69360,42.72,-102.46
69361,41.87,-103.77
69363,41.85,-103.71
69365,42.5,-102.4
69366,41.92,-101.75
69367,42.79,-103.3
70001,29.98,-90.16
70002,30.01,-90.18
70003,30.01,-90.21
70004,29.68,-90.09
70005,30.0,-90.13
70006,30.01,-90.2
70009,29.68,-90.09
70010,29.68,-90.09
70011,29.68,-90.09
70030,29.84,-90.43
70031,29.95,-90.3
70032,29.96,-89.99
70033,29.68,-90.09
70036,29.7,-90.11
70037,29.62,-89.77
70038,29.3,-89.4
70039,29.9,-90.37
70040,29.74,-89.92
70041,29.43,-89.57
70042,29.38,-89.48
70043,29.95,-89.95
70044,29.97,-89.95
70046,29.62,-89.87
70047,29.96,-90.37
70049,30.03,-90.58
70050,29.4,-89.6
70051,30.0,-90.62
70052,30.05,-90.71
70053,29.91,-90.06
70054,29.68,-90.09
70055,29.68,-90.09
70056,29.89,-90.03
70057,29.97,-90.41
70058,29.88,-90.07
70059,29.68,-90.09
70060,29.68,-90.09
70062,29.99,-90.2
70063,29.68,-90.09
70064,29.68,-90.09
70065,30.03,-90.25
70066,30.0,-90.45
70067,29.83,-90.11
70068,30.07,-90.53
70069,30.09,-90.48
70070,29.94,-90.35
70071,30.04,-90.73
70072,29.82,-90.08
70073,29.68,-90.09
70075,29.93,-89.92
70076,30.06,-90.64
70078,29.98,-90.39
70079,29.97,-90.4
70080,29.89,-90.38
70081,29.29,-89.36
70082,29.59,-89.83
70083,29.5,-89.69
70084,30.06,-90.61
70085,29.82,-89.78
70086,30.03,-90.87
70087,29.95,-90.35
70090,29.99,-90.76
70091,29.28,-89.37
70092,29.9,-89.89
70094,29.92,-90.2
70096,29.68,-90.09
70112,29.96,-90.08
70113,29.94,-90.08
70114,29.93,-90.01
70115,29.94,-90.1
70116,29.97,-90.07
70117,29.97,-90.03
70118,29.95,-90.12
70119,29.97,-90.09
70121,29.96,-90.16
70122,30.01,-90.06
70123,29.95,-90.21
70124,30.0,-90.1
70125,29.95,-90.1
70126,30.0,-90.04
70127,30.03,-89.98
70128,30.05,-89.96
70129,30.09,-89.85
70130,29.94,-90.07
70131,29.92,-89.96
70139,30.03,-89.88
70140,29.96,-90.08
70141,29.68,-90.09
70142,30.03,-89.88
70143,30.03,-89.88
70145,30.03,-89.88
70146,30.03,-89.88
70148,30.03,-90.07
70149,30.03,-89.88
70150,30.03,-89.88
70151,30.03,-89.88
70152,30.03,-89.88
70153,30.03,-89.88
70154,30.03,-89.88
70156,30.03,-89.88
70157,30.03,-89.88
70158,29.92,-90.07
70159,30.03,-89.88
70160,30.03,-89.88
70161,30.03,-89.88
70162,30.03,-89.88
70163,29.95,-90.08
70164,30.03,-89.88
70165,30.03,-89.88
70166,30.03,-89.88
70167,30.03,-89.88
70170,30.03,-89.88
70172,30.03,-89.88
70174,30.03,-89.88
70175,30.03,-89.88
70176,30.03,-89.88
70177,30.03,-89.88
70178,30.03,-89.88
70179,30.03,-89.88
70181,29.68,-90.09
70182,30.07,-89.82
70183,29.68,-90.09
70184,30.03,-89.88
70185,30.03,-89.88
70186,30.03,-89.88
70187,30.03,-89.88
70189,30.03,-89.88
70190,30.03,-89.88
70195,30.03,-89.88
70301,29.64,-90.6
70302,29.46,-90.5
70310,29.8,-90.82
70339,29.95,-91.19
70340,29.69,-91.22
70341,30.03,-91.08
70342,29.69,-91.25
70343,29.54,-90.61
70344,29.39,-90.61
70345,29.51,-90.34
70346,30.16,-90.97
70352,29.7,-90.94
70353,29.37,-90.71
70354,29.44,-90.3
70355,29.65,-90.48
70356,29.65,-90.91
70357,29.27,-90.2
70358,29.23,-90.02
70359,29.69,-90.77
70360,29.64,-90.85
70361,29.38,-90.87
70363,29.56,-90.75
70364,29.6,-90.73
70371,29.87,-90.6
70372,29.92,-90.99
70373,29.52,-90.35
70374,29.53,-90.41
70375,29.69,-90.55
70376,30.2,-90.87
70377,29.46,-90.52
70380,29.7,-91.27
70381,29.69,-91.26
70390,29.91,-91.06
70391,29.99,-91.06
70392,29.75,-91.38
70393,30.0,-91.02
70394,29.68,-90.63
70395,29.69,-90.86
70397,29.4,-90.79
70401,30.55,-90.46
70402,30.51,-90.48
70403,30.53,-90.47
70404,30.51,-90.42
70420,30.48,-89.96
70421,30.61,-90.41
70422,30.74,-90.41
70426,30.92,-89.88
70427,30.79,-90.04
70429,30.84,-90.04
70431,30.55,-90.03
70433,30.44,-90.01
70434,30.49,-90.13
70435,30.57,-90.11
70436,30.82,-90.53
70437,30.59,-90.14
70438,30.84,-90.12
70441,30.66,-90.65
70442,30.66,-90.44
70443,30.65,-90.49
70444,30.81,-90.43
70445,30.39,-89.9
70446,30.64,-90.36
70447,30.39,-90.0
70448,30.38,-89.98
70449,30.34,-90.69
70450,30.92,-90.04
70451,30.53,-90.48
70452,30.42,-89.92
70453,30.68,-90.8
70454,30.47,-90.39
70455,30.53,-90.3
70456,30.65,-90.5
70457,30.43,-89.88
70458,30.45,-89.98
70459,30.43,-89.88
70460,30.38,-89.91
70461,30.25,-89.71
70462,30.39,-90.59
70463,30.65,-89.9
70464,30.53,-89.89
70465,30.86,-90.51
70466,30.57,-90.44
70467,30.9,-89.82
70469,30.43,-89.88
70470,30.43,-89.88
70471,30.34,-89.98
70501,30.23,-92.07
70502,30.32,-92.03
70503,30.2,-92.06
70504,30.21,-92.02
70505,30.2,-92.02
70506,30.18,-92.07
70507,30.25,-92.04
70508,30.18,-92.03
70509,30.16,-92.0
70510,29.95,-92.24
70511,30.03,-92.18
70512,30.47,-91.97
70513,30.05,-91.88
70514,29.85,-91.55
70515,30.68,-92.52
70516,30.34,-92.35
70517,30.24,-91.83
70518,30.16,-91.96
70519,30.08,-91.91
70520,30.24,-92.05
70521,30.34,-91.85
70522,29.75,-91.44
70523,29.87,-91.54
70524,30.58,-92.29
70525,30.38,-92.32
70526,30.23,-92.44
70527,30.23,-92.3
70528,29.98,-91.99
70529,30.19,-92.17
70531,30.26,-92.49
70532,30.43,-92.71
70533,29.95,-92.05
70534,30.18,-92.45
70535,30.51,-92.21
70537,30.2,-92.47
70538,29.72,-91.54
70540,29.76,-91.47
70541,30.42,-92.03
70542,30.01,-92.56
70543,30.3,-92.47
70544,29.94,-91.72
70546,30.26,-92.69
70548,29.88,-92.32
70549,30.26,-92.78
70550,30.54,-92.16
70551,30.48,-91.97
70552,30.05,-91.68
70554,30.71,-92.43
70555,30.07,-92.15
70556,30.19,-92.57
70558,30.1,-92.06
70559,30.13,-92.48
70560,29.95,-91.83
70562,29.74,-91.63
70563,30.02,-91.75
70569,29.91,-91.81
70570,30.53,-92.01
70571,30.57,-92.09
70575,29.87,-92.16
70576,30.76,-92.41
70577,30.54,-91.92
70578,30.26,-92.26
70580,30.7,-92.42
70581,30.25,-92.74
70582,30.22,-91.78
70583,30.27,-92.1
70584,30.47,-92.07
70585,30.9,-92.43
70586,30.72,-92.39
70589,30.69,-92.05
70591,30.29,-92.83
70592,30.14,-92.02
70593,30.21,-92.1
70596,30.21,-92.1
70598,30.21,-92.1
70601,30.23,-93.21
70602,30.26,-93.33
70605,30.13,-93.25
70606,30.26,-93.33
70607,30.12,-93.18
70609,30.26,-93.33
70611,30.34,-93.2
70612,30.26,-93.33
70615,30.26,-93.11
70616,30.26,-93.33
70629,30.26,-93.33
70630,30.11,-93.04
70631,29.79,-93.44
70632,29.81,-93.05
70633,30.36,-93.27
70634,30.65,-93.3
70637,30.74,-93.02
70638,30.82,-92.76
70639,30.97,-93.52
70640,30.36,-92.95
70642,31.11,-93.2
70643,29.76,-92.93
70644,30.77,-92.93
70645,29.9,-93.37
70646,30.11,-92.95
70647,30.24,-93.03
70648,30.58,-92.93
70650,30.26,-92.88
70651,30.51,-92.98
70652,30.59,-93.22
70653,30.68,-93.44
70654,30.7,-92.91
70655,30.64,-92.76
70656,30.99,-93.05
70657,30.53,-93.15
70658,30.51,-93.04
70659,30.92,-93.2
70660,30.59,-93.37
70661,30.31,-93.64
70662,30.8,-93.01
70663,30.3,-93.44
70664,30.26,-93.33
70665,30.2,-93.44
70668,30.21,-93.58
70669,30.24,-93.28
70704,30.52,-91.08
70706,30.57,-90.88
70707,30.2,-90.87
70710,30.36,-91.26
70711,30.53,-90.74
70712,30.97,-91.54
70714,30.58,-91.13
70715,30.83,-91.69
70716,30.26,-91.36
70717,30.57,-91.59
70718,30.2,-90.87
70719,30.39,-91.27
70720,30.6,-91.34
70721,30.23,-91.1
70722,30.84,-90.96
70723,30.05,-90.86
70725,30.13,-90.96
70726,30.46,-90.9
70727,30.34,-90.84
70728,30.3,-90.95
70729,30.55,-91.39
70730,30.83,-91.12
70732,30.66,-91.63
70733,30.31,-90.78
70734,30.21,-90.99
70736,30.64,-91.33
70737,30.22,-90.92
70738,30.2,-90.87
70739,30.57,-90.96
70740,30.37,-91.41
70743,30.02,-90.78
70744,30.51,-90.7
70747,30.9,-91.71
70748,30.81,-91.2
70749,30.63,-91.41
70750,30.53,-91.91
70751,30.75,-91.57
70752,30.58,-91.45
70753,30.94,-91.74
70754,30.41,-90.74
70755,30.57,-91.55
70756,30.57,-91.63
70757,30.44,-91.49
70759,30.78,-91.65
70760,30.69,-91.5
70761,30.96,-91.02
70762,30.62,-91.46
70763,30.04,-90.74
70764,30.22,-91.27
70765,30.26,-91.36
70767,30.49,-91.31
70769,30.29,-90.93
70770,30.65,-90.97
70772,30.44,-91.47
70773,30.6,-91.42
70774,30.24,-90.83
70775,30.87,-91.42
70776,30.25,-91.09
70777,30.76,-91.07
70778,30.19,-90.88
70780,30.3,-91.17
70781,30.56,-91.49
70782,30.97,-91.52
70783,30.69,-91.48
70784,30.92,-91.36
70785,30.55,-90.84
70786,30.55,-90.96
70787,30.94,-91.46
70788,30.16,-91.15
70789,30.91,-91.1
70791,30.64,-91.13
70792,30.03,-90.8
70801,30.45,-91.19
70802,30.44,-91.16
70803,30.41,-91.19
70804,30.39,-91.13
70805,30.47,-91.1
70806,30.45,-91.14
70807,30.51,-91.18
70808,30.41,-91.14
70809,30.43,-91.08
70810,30.36,-91.07
70811,30.56,-91.15
70812,30.5,-91.11
70813,30.52,-91.19
70814,30.49,-91.07
70815,30.45,-91.07
70816,30.43,-91.02
70817,30.38,-90.97
70818,30.47,-91.04
70819,30.47,-91.01
70820,30.37,-91.18
70821,30.46,-91.04
70822,30.52,-91.08
70823,30.52,-91.08
70825,30.52,-91.08
70826,30.52,-91.08
70827,30.43,-91.08
70831,30.52,-91.08
70833,30.52,-91.08
70835,30.52,-91.08
70836,30.39,-91.09
70837,30.52,-91.08
70874,30.59,-91.21
70879,30.52,-91.08
70883,30.52,-91.08
70884,30.52,-91.08
70892,30.52,-91.08
70893,30.41,-91.17
70894,30.52,-91.08
70895,30.52,-91.08
70896,30.52,-91.08
70898,30.52,-91.08
71001,32.38,-92.97
71002,32.14,-93.09
71003,32.69,-93.03
71004,32.77,-93.88
71006,32.73,-93.64
71007,32.34,-94.0
71008,32.36,-93.0
71009,32.63,-93.9
71016,32.24,-93.1
71018,32.8,-93.41
71019,32.02,-93.26
71021,32.93,-93.45
71023,32.69,-93.39
71024,32.69,-93.31
71025,32.06,-93.37
71027,32.17,-93.79
71028,32.48,-93.05
71029,32.84,-93.83
71030,32.11,-93.84
71031,31.95,-92.95
71032,32.1,-93.82
71033,32.43,-93.99
71034,32.06,-93.37
71036,32.06,-93.37
71037,32.59,-93.53
71038,32.83,-93.03
71039,32.47,-93.29
71040,32.78,-93.0
71043,32.9,-93.88
71044,32.92,-93.9
71045,32.42,-93.08
71046,32.11,-93.84
71047,32.39,-93.9
71048,32.82,-92.87
71049,32.05,-93.87
71050,32.12,-93.91
71051,32.36,-93.52
71052,32.04,-93.71
71055,32.73,-93.31
71058,32.58,-93.25
71060,32.59,-93.98
71061,32.76,-93.97
71063,31.91,-93.56
71064,32.77,-93.65
71065,31.79,-93.53
71066,31.87,-93.2
71067,32.6,-93.51
71068,32.38,-93.24
71069,32.96,-93.97
71070,32.2,-92.92
71071,32.76,-93.39
71072,32.74,-93.33
71073,32.65,-93.34
71075,32.77,-93.41
71078,32.17,-93.87
71079,32.95,-92.81
71080,32.37,-93.1
71082,32.84,-93.95
71101,32.5,-93.75
71102,32.61,-93.75
71103,32.49,-93.78
71104,32.48,-93.73
71105,32.45,-93.71
71106,32.39,-93.71
71107,32.6,-93.87
71108,32.6,-93.82
71109,32.46,-93.81
71110,32.51,-93.64
71111,32.52,-93.59
71112,32.46,-93.65
71113,32.63,-93.61
71115,32.34,-93.61
71118,32.54,-93.81
71119,32.48,-93.93
71120,32.61,-93.75
71129,32.35,-93.92
71130,32.61,-93.75
71133,32.61,-93.75
71134,32.61,-93.75
71135,32.61,-93.75
71136,32.61,-93.75
71137,32.61,-93.75
71138,32.61,-93.75
71148,32.61,-93.75
71149,32.61,-93.75
71151,32.61,-93.75
71152,32.61,-93.75
71153,32.61,-93.75
71154,32.61,-93.75
71156,32.61,-93.75
71161,32.61,-93.75
71162,32.61,-93.75
71163,32.61,-93.75
71164,32.61,-93.75
71165,32.61,-93.75
71166,32.61,-93.75
71171,32.63,-93.61
71172,32.63,-93.61
71201,32.5,-92.09
71202,32.39,-92.07
71203,32.6,-92.03
71207,32.49,-92.16
71208,32.5,-92.08
71209,32.53,-92.08
71210,32.49,-92.16
71211,32.49,-92.16
71212,32.53,-92.07
71213,32.49,-92.16
71218,32.41,-91.73
71219,32.31,-91.69
71220,32.8,-91.87
71221,32.82,-91.84
71222,32.84,-92.47
71223,32.91,-91.65
71225,32.5,-92.34
71226,32.3,-92.44
71227,32.59,-92.61
71229,32.66,-91.81
71230,32.14,-91.69
71232,32.45,-91.63
71233,32.34,-91.22
71234,32.66,-92.36
71235,32.64,-92.7
71237,32.72,-91.5
71238,32.35,-92.46
71240,32.49,-92.16
71241,32.78,-92.4
71242,32.82,-91.4
71243,31.98,-91.77
71245,32.52,-92.74
71247,32.28,-92.71
71249,32.14,-91.69
71250,32.95,-91.58
71251,32.23,-92.58
71253,32.79,-91.45
71254,32.8,-91.25
71256,32.96,-92.69
71259,32.34,-91.74
71260,32.87,-92.29
71261,32.79,-91.73
71263,32.87,-91.43
71264,32.61,-91.76
71266,32.74,-91.51
71268,32.34,-92.67
71269,32.45,-91.74
71270,32.58,-92.64
71272,32.53,-92.65
71273,32.61,-92.65
71275,32.6,-92.71
71276,32.77,-91.23
71277,32.92,-92.57
71279,32.49,-91.86
71280,32.62,-92.06
71281,32.49,-92.16
71282,32.43,-91.06
71284,32.34,-91.22
71286,32.77,-91.23
71291,32.5,-92.17
71292,32.4,-92.2
71294,32.49,-92.16
71295,32.12,-91.71
71301,31.18,-92.43
71302,31.16,-92.37
71303,31.26,-92.53
71306,31.08,-92.45
71307,31.2,-92.53
71309,31.3,-92.62
71315,31.14,-92.4
71316,31.31,-91.82
71320,31.09,-91.91
71322,30.94,-92.11
71323,31.24,-92.19
71324,32.14,-91.69
71325,31.05,-92.38
71326,31.72,-91.52
71327,30.97,-92.0
71328,31.36,-92.22
71329,31.1,-91.98
71330,31.12,-92.26
71331,31.22,-92.11
71333,30.92,-92.07
71334,31.66,-91.55
71336,32.0,-91.62
71339,31.04,-91.9
71340,31.75,-91.89
71341,31.11,-92.04
71342,31.61,-92.14
71343,31.69,-91.87
71345,30.77,-92.01
71346,31.09,-92.44
71348,31.2,-92.53
71350,31.06,-92.05
71351,31.11,-92.02
71353,30.72,-91.79
71354,31.35,-91.72
71355,31.1,-91.87
71356,30.79,-92.03
71357,32.04,-91.24
71358,30.73,-91.9
71359,31.2,-92.53
71360,31.22,-92.32
71361,31.37,-92.42
71362,30.99,-92.0
71363,31.6,-91.78
71365,31.2,-92.53
71366,31.92,-91.24
71367,30.9,-92.3
71368,31.85,-91.66
71369,30.95,-91.89
71371,31.7,-92.18
71373,31.41,-91.55
71375,31.81,-91.39
71377,31.59,-91.75
71378,31.96,-91.66
71401,31.6,-91.78
71403,31.14,-93.27
71404,31.78,-92.8
71405,31.42,-92.39
71406,31.73,-93.49
71407,31.52,-92.48
71409,31.25,-92.66
71410,31.96,-92.79
71411,31.83,-93.15
71414,31.82,-93.02
71415,32.06,-92.16
71416,31.52,-92.86
71417,31.53,-92.65
71418,32.1,-92.12
71419,31.73,-93.69
71422,32.07,-92.57
71423,31.55,-92.67
71424,31.18,-92.7
71425,31.92,-91.92
71426,31.49,-93.46
71427,31.38,-92.89
71428,31.61,-93.1
71429,31.34,-93.43
71430,31.16,-92.45
71431,31.26,-92.68
71432,31.65,-92.47
71433,31.03,-92.62
71434,31.5,-93.0
71435,32.07,-92.17
71438,31.17,-92.74
71439,31.32,-93.22
71440,31.95,-92.57
71441,31.96,-92.18
71443,31.1,-93.36
71444,31.12,-93.1
71446,31.13,-93.17
71447,31.36,-92.79
71448,31.2,-92.53
71449,31.53,-93.51
71450,31.79,-93.36
71452,31.68,-93.17
71454,31.67,-92.66
71455,31.42,-92.95
71456,31.69,-93.07
71457,31.71,-93.11
71458,31.75,-93.08
71459,31.03,-93.23
71460,31.45,-93.62
71461,31.1,-93.31
71462,31.7,-93.71
71463,30.77,-92.77
71465,31.81,-92.21
71466,31.2,-92.64
71467,31.57,-92.4
71468,31.58,-93.12
71469,31.63,-93.19
71471,31.75,-92.93
71472,31.2,-92.79
71473,32.04,-92.45
71474,31.26,-93.02
71475,31.11,-93.2
71477,31.4,-92.6
71479,31.86,-92.29
71480,31.86,-92.29
71481,31.59,-92.58
71483,31.91,-92.67
71485,31.16,-92.53
71486,31.64,-93.64
71496,31.11,-93.29
71497,31.75,-93.08
71601,34.21,-91.99
71602,34.26,-92.01
71603,34.15,-92.08
71611,34.26,-91.96
71612,34.28,-91.83
71613,34.16,-92.07
71630,33.61,-91.21
71631,33.57,-92.24
71635,33.18,-91.81
71638,33.47,-91.39
71639,33.88,-91.49
71640,33.15,-91.31
71642,33.36,-91.91
71643,34.02,-91.63
71644,34.1,-91.71
71646,33.22,-91.8
71647,33.39,-92.16
71649,33.28,-91.25
71650,33.59,-91.73
71651,33.37,-92.29
71652,33.87,-92.28
71653,33.33,-91.3
71654,33.64,-91.4
71655,33.6,-91.76
71656,33.59,-91.73
71657,33.59,-91.73
71658,33.26,-91.65
71659,34.13,-91.79
71660,33.88,-92.21
71661,33.14,-91.58
71662,33.82,-91.21
71663,33.21,-91.51
71665,33.9,-92.13
71666,33.82,-91.21
71667,34.0,-91.71
71670,33.7,-91.44
71671,33.57,-92.1
71674,33.91,-91.28
71675,33.61,-91.92
71676,33.15,-91.56
71677,33.75,-91.49
71678,33.98,-91.7
71701,33.59,-92.85
71711,33.59,-92.84
71720,33.72,-92.84
71721,34.06,-93.19
71722,33.7,-93.29
71724,33.27,-92.6
71725,34.1,-92.52
71726,33.67,-93.0
71728,34.01,-93.1
71730,33.19,-92.63
71731,33.2,-92.53
71740,33.11,-93.2
71742,33.94,-92.61
71743,33.93,-93.13
71744,33.52,-92.58
71745,33.54,-92.54
71747,33.16,-92.39
71748,33.98,-92.65
71749,33.17,-92.77
71750,33.2,-92.53
71751,33.42,-92.78
71752,33.37,-93.19
71753,33.21,-93.22
71754,33.24,-93.23
71758,33.3,-92.82
71759,33.32,-92.65
71762,33.19,-92.52
71763,33.91,-92.85
71764,33.46,-93.01
71765,33.17,-92.33
71766,33.78,-92.49
71767,33.54,-92.54
71768,33.2,-92.53
71769,33.24,-93.23
71770,33.35,-93.3
71772,33.83,-93.12
71801,33.67,-93.61
71802,33.77,-93.56
71820,33.78,-94.27
71822,33.7,-94.13
71823,33.84,-94.12
71825,33.88,-93.62
71826,33.2,-93.56
71827,33.4,-93.43
71828,33.7,-93.29
71831,33.79,-93.81
71832,34.05,-94.28
71833,34.14,-94.04
71834,33.44,-94.02
71835,33.76,-93.43
71836,33.73,-94.37
71837,33.26,-93.89
71838,33.67,-93.8
71839,33.25,-93.61
71840,33.32,-93.85
71841,34.07,-94.36
71842,34.0,-94.26
71844,33.7,-93.29
71845,33.29,-93.6
71846,33.97,-94.19
71847,33.92,-93.62
71851,33.9,-93.93
71852,34.02,-93.94
71853,33.6,-93.96
71854,33.43,-93.88
71855,33.84,-93.73
71857,33.78,-93.29
71858,33.7,-93.29
71859,33.78,-93.88
71860,33.34,-93.51
71861,33.11,-93.32
71862,33.78,-93.71
71864,33.7,-93.29
71865,33.73,-94.15
71866,33.86,-94.37
71901,34.53,-92.96
71902,34.58,-93.1
71903,34.58,-93.1
71909,34.58,-92.99
71910,34.58,-93.1
71913,34.48,-93.04
71914,34.51,-92.97
71920,34.06,-93.19
71921,34.23,-93.31
71922,34.15,-93.65
71923,34.03,-93.11
71929,34.28,-93.12
71932,34.54,-94.1
71933,34.36,-93.35
71935,34.39,-93.68
71937,34.35,-94.38
71940,34.15,-93.65
71941,34.23,-92.96
71942,34.22,-93.0
71943,34.21,-93.59
71944,34.34,-94.36
71945,34.5,-94.36
71946,34.46,-94.2
71949,34.71,-93.04
71950,34.15,-93.65
71951,34.58,-93.1
71952,34.15,-93.65
71953,34.5,-94.19
71956,34.64,-93.23
71957,34.55,-93.59
71958,34.05,-93.75
71959,34.15,-93.65
71960,34.47,-93.67
71961,34.6,-93.8
71962,34.04,-93.27
71964,34.43,-93.25
71965,34.65,-93.74
71966,34.54,-93.66
71968,34.51,-93.28
71969,34.65,-93.61
71970,34.67,-93.53
71971,34.29,-94.1
71972,34.39,-94.25
71973,34.31,-94.36
71998,34.06,-93.19
71999,34.06,-93.19
72001,34.94,-92.92
72002,34.69,-92.43
72003,34.38,-91.39
72004,34.28,-91.7
72005,35.5,-91.08
72006,35.21,-91.37
72007,34.98,-91.98
72010,35.33,-91.52
72011,34.51,-92.48
72012,35.17,-91.81
72013,35.4,-92.48
72014,35.42,-91.12
72015,34.61,-92.67
72016,34.97,-92.63
72017,34.79,-91.57
72018,34.6,-92.62
72020,35.38,-91.53
72021,34.88,-91.19
72022,34.61,-92.49
72023,34.83,-91.93
72024,34.73,-91.75
72025,34.94,-92.92
72026,34.51,-91.3
72027,35.31,-92.57
72028,35.58,-92.55
72029,34.75,-91.25
72030,35.4,-92.7
72031,35.57,-92.42
72032,35.15,-92.38
72033,35.11,-92.35
72034,35.05,-92.48
72035,35.11,-92.35
72036,35.0,-91.25
72037,34.54,-91.88
72038,34.46,-91.32
72039,35.3,-92.4
72040,34.83,-91.54
72041,34.79,-91.47
72042,34.27,-91.41
72043,35.63,-91.26
72044,35.63,-92.16
72045,35.13,-92.04
72046,34.76,-91.85
72047,35.23,-92.2
72048,34.3,-91.15
72051,35.92,-92.13
72052,35.14,-91.78
72053,34.71,-92.23
72055,34.13,-91.35
72057,34.15,-92.3
72058,35.21,-92.38
72059,35.18,-91.26
72060,35.11,-91.61
72061,35.32,-92.33
72063,35.32,-92.68
72064,34.78,-91.57
72065,34.52,-92.21
72066,34.79,-91.57
72067,35.57,-92.13
72068,35.15,-91.71
72069,34.6,-91.18
72070,35.06,-92.69
72071,35.18,-91.26
72072,34.76,-91.83
72073,34.37,-91.64
72074,35.18,-91.26
72075,35.64,-91.31
72076,34.92,-92.15
72078,34.75,-92.39
72079,34.4,-92.15
72080,35.43,-92.82
72081,35.39,-91.76
72082,35.15,-91.85
72083,34.61,-92.01
72084,34.22,-92.61
72085,35.36,-91.82
72086,34.81,-91.91
72087,34.57,-92.86
72088,35.6,-92.27
72089,34.64,-92.66
72099,34.79,-92.22
72101,35.26,-91.22
72102,35.25,-91.85
72103,34.65,-92.38
72104,34.37,-92.84
72105,34.4,-92.85
72106,34.96,-92.42
72107,35.15,-92.55
72108,34.67,-91.22
72110,35.17,-92.82
72111,35.23,-92.17
72112,35.57,-91.2
72113,34.86,-92.39
72114,34.77,-92.26
72115,34.75,-92.39
72116,34.81,-92.23
72117,34.77,-92.15
72118,34.83,-92.33
72119,34.8,-92.26
72120,34.88,-92.23
72121,35.33,-91.65
72122,34.74,-92.79
72123,35.26,-91.24
72124,34.75,-92.39
72125,35.04,-92.8
72126,35.03,-92.79
72127,35.15,-92.66
72128,34.3,-92.61
72129,34.31,-92.54
72130,35.67,-92.09
72131,35.45,-92.15
72132,34.44,-92.15
72133,34.21,-91.67
72134,34.67,-91.22
72135,34.88,-92.57
72136,35.24,-92.01
72137,35.28,-91.86
72139,35.36,-91.5
72140,34.34,-91.14
72141,35.58,-92.55
72142,34.67,-92.15
72143,35.24,-91.73
72145,35.28,-91.73
72149,35.25,-91.73
72150,34.31,-92.4
72152,34.36,-91.93
72153,35.62,-92.26
72156,35.27,-92.67
72157,35.24,-92.61
72158,34.64,-92.66
72160,34.39,-91.42
72164,34.69,-92.24
72165,35.58,-91.45
72166,34.08,-91.23
72167,34.47,-92.66
72168,34.43,-91.97
72169,35.38,-91.22
72170,34.58,-91.46
72173,35.1,-92.23
72175,34.35,-91.86
72176,34.99,-91.91
72178,35.2,-91.61
72179,35.51,-91.86
72180,34.53,-92.22
72181,35.19,-92.45
72182,34.43,-92.06
72183,34.75,-92.39
72189,35.18,-91.26
72190,34.75,-92.39
72199,34.83,-92.28
72201,34.76,-92.28
72202,34.75,-92.29
72203,34.88,-92.39
72204,34.71,-92.3
72205,34.74,-92.35
72206,34.62,-92.3
72207,34.77,-92.34
72209,34.67,-92.37
72210,34.72,-92.48
72211,34.78,-92.43
72212,34.8,-92.44
72214,34.76,-92.23
72215,34.75,-92.39
72216,34.82,-92.24
72217,34.83,-92.17
72219,34.75,-92.39
72221,34.75,-92.39
72222,34.75,-92.39
72223,34.79,-92.5
72225,34.75,-92.39
72227,34.78,-92.37
72231,34.8,-92.19
72260,34.66,-92.43
72295,34.75,-92.39
72301,35.21,-90.2
72303,35.14,-90.29
72310,35.85,-89.97
72311,34.72,-90.9
72312,34.55,-90.77
72313,35.71,-90.03
72314,35.36,-90.68
72315,35.75,-89.93
72316,35.69,-89.97
72319,35.69,-89.97
72320,34.84,-90.73
72321,35.82,-89.94
72322,35.09,-90.81
72324,35.34,-90.79
72325,35.29,-90.25
72326,35.09,-90.89
72327,35.23,-90.36
72328,34.38,-90.83
72329,35.64,-89.98
72330,35.59,-90.21
72331,35.27,-90.36
72332,35.12,-90.3
72333,34.31,-90.89
72335,35.03,-90.86
72336,35.1,-90.73
72338,35.46,-90.19
72339,35.41,-90.27
72340,34.94,-91.03
72341,34.89,-90.75
72342,34.45,-90.75
72346,35.06,-90.51
72347,35.36,-90.96
72348,34.96,-90.56
72350,35.5,-90.15
72351,35.7,-90.09
72352,34.77,-90.76
72353,34.33,-90.97
72354,35.6,-90.34
72355,34.52,-90.75
72358,35.77,-89.89
72359,35.03,-90.71
72360,34.77,-90.78
72364,35.17,-90.29
72365,35.53,-90.44
72366,34.53,-90.95
72367,34.26,-90.94
72368,34.79,-90.94
72369,34.44,-90.79
72370,35.65,-90.09
72372,35.03,-90.9
72373,35.29,-90.64
72374,34.57,-90.82
72376,35.12,-90.24
72377,35.67,-90.35
72379,33.82,-91.21
72381,35.69,-89.97
72383,34.5,-91.03
72384,35.34,-90.3
72385,35.3,-90.77
72386,35.5,-90.4
72387,35.32,-90.77
72389,34.35,-90.89
72390,34.53,-90.68
72391,35.69,-89.97
72392,34.95,-91.09
72394,35.03,-90.8
72395,35.64,-90.04
72396,35.27,-90.8
72401,35.84,-90.62
72402,35.81,-90.65
72403,35.83,-90.7
72404,35.78,-90.77
72410,35.95,-91.03
72411,35.81,-90.64
72412,36.13,-90.69
72413,36.28,-90.85
72414,35.84,-90.4
72415,36.13,-91.19
72416,35.86,-90.63
72417,35.89,-90.49
72419,35.77,-90.34
72421,35.8,-90.96
72422,36.38,-90.54
72424,36.38,-90.73
72425,36.21,-90.72
72426,35.88,-90.05
72427,35.86,-90.94
72428,35.73,-90.18
72429,35.5,-90.94
72430,36.33,-90.18
72431,35.65,-91.08
72432,35.58,-90.79
72433,36.05,-91.02
72434,36.18,-91.22
72435,36.36,-90.47
72436,36.2,-90.47
72437,35.82,-90.51
72438,35.88,-90.21
72439,36.07,-90.75
72440,36.02,-91.23
72441,36.43,-90.39
72442,35.84,-90.18
72443,36.16,-90.4
72444,36.4,-90.94
72445,35.97,-91.03
72447,35.91,-90.35
72449,36.31,-91.08
72450,36.11,-90.55
72451,36.12,-90.53
72453,36.28,-90.69
72454,36.38,-90.31
72455,36.32,-91.08
72456,36.38,-90.38
72457,36.08,-91.05
72458,36.05,-91.22
72459,36.18,-91.22
72460,36.34,-91.01
72461,36.31,-90.33
72462,36.35,-90.78
72464,36.45,-90.14
72465,35.96,-90.9
72466,36.06,-91.24
72467,35.84,-90.67
72469,35.97,-91.29
72470,36.43,-90.69
72471,35.82,-91.09
72472,35.59,-90.56
72473,35.72,-91.17
72474,36.04,-90.67
72475,35.55,-90.97
72476,36.04,-91.0
72478,36.45,-91.05
72479,35.61,-90.87
72482,36.29,-91.36
72501,35.77,-91.65
72503,35.73,-91.53
72512,36.19,-91.92
72513,36.23,-91.57
72515,36.37,-91.8
72516,36.06,-91.94
72517,36.12,-92.13
72519,36.18,-92.13
72520,36.37,-91.8
72521,35.95,-91.53
72522,35.8,-91.46
72523,35.64,-91.86
72524,35.84,-91.36
72525,36.3,-91.49
72526,35.87,-91.76
72527,35.73,-91.6
72528,36.06,-91.94
72529,36.3,-91.53
72530,35.61,-92.02
72531,36.37,-91.8
72532,36.06,-91.61
72533,35.92,-92.13
72534,35.66,-91.71
72536,36.06,-91.94
72537,36.43,-92.33
72538,36.37,-91.82
72539,36.37,-91.8
72540,36.06,-91.94
72542,36.18,-91.48
72543,35.45,-91.99
72544,36.41,-92.2
72545,35.54,-92.02
72546,35.58,-91.93
72550,35.71,-91.78
72553,35.71,-91.47
72554,36.49,-91.55
72555,35.92,-92.13
72556,36.06,-91.91
72557,36.37,-91.8
72560,35.82,-92.04
72561,35.96,-91.82
72562,35.73,-91.43
72564,35.6,-91.48
72565,36.06,-91.94
72566,36.16,-92.11
72567,35.92,-92.13
72568,35.65,-91.62
72569,36.05,-91.46
72571,35.65,-91.54
72572,35.95,-91.28
72573,36.06,-91.94
72575,35.69,-91.6
72576,36.43,-91.7
72577,36.07,-91.64
72578,36.37,-91.8
72579,35.76,-91.53
72581,35.57,-91.93
72583,36.39,-91.94
72584,36.06,-91.94
72585,36.06,-91.94
72587,36.06,-91.94
72601,36.3,-93.09
72602,36.36,-93.12
72610,35.92,-92.13
72611,36.31,-93.25
72613,36.43,-93.7
72615,36.31,-93.03
72616,36.32,-93.56
72617,36.24,-92.37
72619,36.32,-92.63
72623,36.47,-92.33
72624,35.92,-93.23
72626,36.31,-92.54
72628,35.92,-93.23
72629,35.58,-92.55
72630,36.46,-92.91
72631,36.44,-93.77
72632,36.4,-93.76
72633,36.16,-92.95
72634,36.32,-92.6
72635,36.32,-92.49
72636,35.92,-92.68
72638,36.31,-93.58
72639,35.92,-92.68
72640,35.92,-93.23
72641,36.01,-93.19
72642,36.37,-92.49
72644,36.38,-93.0
72645,35.84,-92.55
72648,35.92,-93.23
72650,35.91,-92.64
72651,36.38,-92.47
72653,36.32,-92.37
72654,36.24,-92.37
72655,35.94,-93.07
72657,35.92,-92.13
72658,36.25,-92.31
72659,36.24,-92.37
72660,36.47,-93.37
72661,36.46,-92.58
72662,36.42,-93.17
72663,35.92,-92.13
72666,35.92,-93.23
72668,36.28,-92.65
72669,35.92,-92.68
72670,35.92,-93.23
72672,36.25,-92.84
72675,35.91,-92.7
72677,36.27,-92.69
72679,35.71,-92.84
72680,35.92,-92.13
72682,36.15,-92.99
72683,35.92,-93.23
72685,36.1,-92.96
72686,35.92,-92.68
72687,36.25,-92.69
72701,35.97,-94.19
72702,35.99,-94.22
72703,36.13,-94.07
72704,36.09,-94.31
72711,36.4,-94.04
72712,36.35,-94.22
72714,36.43,-94.33
72715,36.44,-94.43
72716,36.3,-93.96
72717,35.85,-94.44
72718,36.27,-94.25
72719,36.33,-94.37
72721,36.03,-93.7
72722,36.32,-94.46
72727,35.97,-94.0
72728,36.21,-94.25
72729,35.81,-94.46
72730,36.08,-94.21
72732,36.37,-94.18
72733,36.49,-93.93
72734,36.29,-94.44
72735,36.09,-93.97
72736,36.38,-94.47
72737,35.93,-94.15
72738,36.03,-93.7
72739,36.45,-94.34
72740,36.03,-93.78
72741,35.99,-94.22
72742,36.03,-93.7
72744,35.94,-94.36
72745,36.3,-94.12
72747,36.39,-94.58
72749,35.86,-94.47
72751,36.46,-94.13
72752,36.03,-93.7
72753,35.93,-94.32
72756,36.36,-94.18
72757,36.37,-94.12
72758,36.32,-94.15
72760,36.03,-93.7
72761,36.22,-94.38
72762,36.17,-94.24
72764,36.17,-94.04
72765,36.17,-94.15
72766,35.99,-94.22
72768,36.38,-94.45
72769,36.03,-94.49
72770,36.15,-94.24
72773,36.03,-93.7
72774,35.98,-94.2
72776,36.03,-93.7
72801,35.29,-93.07
72802,35.31,-93.07
72811,35.31,-93.11
72812,35.42,-93.05
72820,35.43,-93.75
72821,35.43,-93.76
72823,35.33,-92.99
72824,35.03,-93.3
72826,35.13,-93.75
72827,35.03,-93.3
72828,35.03,-93.3
72829,35.03,-93.3
72830,35.47,-93.52
72832,35.43,-93.67
72833,35.05,-93.38
72834,35.24,-93.18
72835,35.28,-93.35
72837,35.5,-93.06
72838,35.03,-93.3
72839,35.55,-93.44
72840,35.44,-93.64
72841,34.88,-94.08
72842,35.03,-93.3
72843,35.55,-92.96
72845,35.39,-93.34
72846,35.48,-93.37
72847,35.37,-93.24
72851,35.26,-93.45
72852,35.55,-93.44
72853,35.03,-93.3
72854,35.63,-93.45
72855,35.27,-93.62
72856,35.62,-93.03
72857,34.99,-93.3
72858,35.23,-93.03
72860,35.03,-93.3
72863,35.34,-93.54
72865,35.32,-93.6
72901,35.23,-94.34
72902,35.39,-94.41
72903,35.35,-94.36
72904,35.41,-94.39
72905,35.19,-94.24
72906,35.19,-94.24
72908,35.32,-94.4
72913,35.19,-94.24
72914,35.19,-94.24
72916,35.3,-94.37
72917,35.19,-94.24
72918,35.19,-94.24
72919,35.19,-94.24
72921,35.48,-94.19
72923,35.22,-94.35
72924,34.88,-94.08
72926,34.88,-94.08
72927,35.19,-93.93
72928,35.31,-93.92
72930,35.49,-93.89
72932,35.65,-94.37
72933,35.39,-93.95
72934,35.68,-94.27
72935,35.5,-94.11
72936,35.18,-94.21
72937,35.12,-94.33
72938,35.06,-94.35
72940,35.14,-94.25
72941,35.24,-94.19
72943,35.18,-93.81
72944,35.06,-94.24
72945,35.1,-94.35
72946,35.65,-94.15
72947,35.57,-94.12
72948,35.68,-94.4
72949,35.41,-93.91
72950,34.88,-94.08
72951,35.29,-93.89
72952,35.55,-94.29
72955,35.57,-94.41
72956,35.5,-94.3
72957,35.49,-94.32
72958,34.91,-94.09
72959,35.86,-94.11
73001,35.2,-98.36
73002,34.91,-97.78
73003,35.67,-97.5
73004,35.03,-97.88
73005,35.17,-98.33
73006,34.89,-98.36
73007,35.67,-97.31
73008,35.58,-97.5
73009,35.31,-98.34
73010,35.09,-97.53
73011,35.03,-97.88
73012,34.49,-97.85
73013,35.56,-97.52
73014,35.55,-98.15
73015,35.11,-98.59
73016,35.82,-97.7
73017,34.92,-98.16
73018,35.13,-97.94
73019,35.21,-97.44
73020,35.52,-97.25
73021,35.28,-98.99
73022,35.53,-97.99
73023,35.03,-97.88
73024,35.38,-98.78
73026,35.23,-97.29
73027,35.95,-97.29
73028,35.98,-97.63
73029,34.9,-98.2
73030,34.5,-97.05
73031,35.1,-97.3
73032,34.48,-97.09
73033,35.3,-98.56
73034,35.63,-97.46
73036,35.51,-98.03
73038,35.1,-98.44
73040,35.63,-98.32
73041,35.07,-98.88
73042,35.04,-98.23
73043,35.86,-98.42
73044,35.88,-97.46
73045,35.53,-97.4
73047,35.47,-98.36
73048,35.33,-98.43
73049,35.58,-97.28
73050,35.94,-97.26
73051,35.06,-97.27
73052,34.84,-97.52
73053,35.2,-98.36
73054,35.63,-97.21
73055,34.64,-97.91
73056,36.15,-97.63
73057,34.82,-97.41
73058,35.78,-97.23
73059,35.31,-97.95
73061,36.29,-97.03
73062,35.09,-98.81
73063,36.06,-97.4
73064,35.39,-97.76
73065,35.22,-97.57
73066,35.47,-97.27
73067,34.93,-97.94
73068,35.15,-97.28
73069,35.23,-97.44
73070,35.19,-97.4
73071,35.25,-97.3
73072,35.22,-97.36
73073,35.94,-97.41
73074,34.83,-97.26
73075,34.76,-97.31
73077,36.32,-97.29
73078,35.65,-97.75
73079,35.03,-97.88
73080,35.0,-97.38
73082,34.78,-97.95
73083,35.67,-97.47
73084,35.54,-97.39
73085,35.49,-97.75
73086,34.52,-97.0
73089,35.06,-97.82
73090,35.39,-97.94
73092,35.08,-98.09
73093,35.11,-97.47
73094,35.2,-98.36
73095,34.92,-97.32
73096,35.54,-98.7
73097,35.4,-97.64
73098,34.65,-97.16
73099,35.52,-97.77
73101,35.49,-97.56
73102,35.48,-97.52
73103,35.55,-97.49
73104,35.45,-97.51
73105,35.52,-97.51
73106,35.48,-97.54
73107,35.48,-97.54
73108,35.45,-97.57
73109,35.44,-97.53
73110,35.46,-97.4
73111,35.53,-97.5
73112,35.51,-97.58
73113,35.55,-97.41
73114,35.54,-97.5
73115,35.44,-97.45
73116,35.55,-97.56
73117,35.49,-97.46
73118,35.52,-97.52
73119,35.46,-97.58
73120,35.59,-97.57
73121,35.53,-97.45
73122,35.52,-97.64
73123,35.54,-97.2
73124,35.55,-97.41
73125,35.47,-97.52
73126,35.55,-97.41
73127,35.48,-97.6
73128,35.43,-97.64
73129,35.43,-97.49
73130,35.46,-97.3
73131,35.57,-97.46
73132,35.56,-97.64
73134,35.62,-97.57
73135,35.4,-97.42
73136,35.62,-97.33
73137,35.55,-97.41
73139,35.37,-97.53
73140,35.52,-97.43
73141,35.58,-97.4
73142,35.62,-97.61
73143,35.55,-97.41
73144,35.55,-97.41
73145,35.43,-97.4
73146,35.55,-97.41
73147,35.55,-97.41
73148,35.55,-97.41
73149,35.39,-97.48
73150,35.41,-97.32
73151,35.57,-97.37
73152,35.55,-97.41
73153,35.55,-97.41
73154,35.52,-97.53
73155,35.55,-97.41
73156,35.55,-97.41
73157,35.55,-97.41
73159,35.39,-97.57
73160,35.33,-97.41
73162,35.57,-97.58
73163,35.55,-97.41
73164,35.55,-97.41
73165,35.33,-97.35
73167,35.55,-97.41
73169,35.39,-97.64
73170,35.3,-97.5
73172,35.52,-97.62
73173,35.34,-97.63
73177,35.55,-97.41
73178,35.55,-97.41
73179,35.42,-97.64
73180,35.55,-97.41
73184,35.55,-97.41
73185,35.55,-97.41
73189,35.55,-97.41
73190,35.55,-97.41
73193,35.55,-97.41
73194,35.55,-97.41
73195,35.4,-97.59
73196,35.55,-97.41
73197,35.55,-97.41
73198,35.55,-97.41
73199,35.55,-97.41
73301,30.33,-97.77
73344,30.33,-97.77
73401,34.16,-97.18
73402,34.29,-97.25
73403,34.29,-97.25
73425,34.49,-97.85
73430,33.93,-97.31
73432,34.31,-96.67
73433,34.72,-97.34
73434,34.49,-97.85
73435,34.29,-97.25
73436,34.29,-97.03
73437,34.29,-97.25
73438,34.22,-97.4
73439,33.97,-96.7
73440,34.0,-96.76
73441,33.89,-97.25
73442,34.49,-97.85
73443,34.14,-97.32
73444,34.68,-97.3
73446,34.01,-96.75
73447,34.18,-96.88
73448,33.94,-97.11
73449,33.97,-96.46
73450,34.31,-96.67
73453,33.89,-97.25
73455,34.24,-96.75
73456,34.2,-97.81
73458,34.3,-97.13
73459,33.89,-97.25
73460,34.28,-96.66
73461,34.37,-96.43
73463,34.17,-97.35
73476,34.68,-97.3
73481,34.29,-97.25
73487,34.29,-97.25
73488,34.29,-97.25
73491,34.46,-97.67
73501,34.64,-98.45
73502,34.63,-98.46
73503,34.66,-98.44
73505,34.68,-98.44
73506,34.63,-98.46
73507,34.56,-98.39
73520,34.07,-97.84
73521,34.66,-99.28
73522,34.72,-99.38
73523,34.6,-99.44
73526,34.78,-99.33
73527,34.55,-98.51
73528,34.42,-98.65
73529,34.39,-97.97
73530,34.24,-99.08
73531,34.28,-98.4
73532,34.66,-99.57
73533,34.55,-97.93
73534,34.52,-97.97
73536,34.49,-97.85
73537,34.47,-99.65
73538,34.61,-98.41
73539,34.48,-99.35
73540,34.63,-98.46
73541,34.83,-98.23
73542,34.39,-99.0
73543,34.48,-98.38
73544,34.77,-99.83
73546,34.36,-98.91
73547,34.95,-99.39
73548,34.07,-97.84
73549,34.63,-99.14
73550,34.69,-99.91
73551,34.38,-98.92
73552,34.62,-98.75
73553,34.38,-98.92
73554,34.91,-99.46
73555,34.51,-98.98
73556,34.72,-99.42
73557,34.63,-98.46
73558,34.63,-98.46
73559,34.7,-98.95
73560,34.55,-99.42
73561,34.07,-97.84
73562,34.28,-98.4
73564,34.85,-99.02
73565,34.02,-97.95
73566,34.67,-98.95
73567,34.75,-98.17
73568,34.27,-98.26
73569,34.07,-97.84
73570,34.49,-99.16
73571,34.77,-99.83
73572,34.32,-98.32
73573,34.17,-98.0
73575,34.49,-97.85
73601,35.61,-98.9
73620,35.57,-98.96
73622,35.39,-98.99
73624,35.35,-99.19
73625,35.64,-99.0
73626,35.42,-99.28
73627,35.27,-99.68
73628,35.61,-99.67
73632,35.23,-99.06
73638,35.72,-99.68
73639,35.62,-98.91
73641,35.22,-99.15
73642,35.72,-99.68
73644,35.32,-99.62
73645,35.2,-99.87
73646,35.99,-99.01
73647,35.28,-98.99
73648,35.27,-99.68
73650,35.63,-99.38
73651,35.01,-99.14
73654,35.87,-99.34
73655,34.99,-99.25
73658,35.93,-98.71
73659,35.85,-98.97
73660,35.63,-99.82
73661,35.16,-99.06
73662,35.24,-99.75
73663,36.1,-98.95
73664,35.28,-99.17
73666,35.72,-99.68
73667,36.04,-98.96
73668,35.27,-99.68
73669,35.71,-98.81
73673,34.92,-99.57
73701,36.4,-97.84
73702,36.38,-97.78
73703,36.4,-97.94
73705,36.38,-97.78
73706,36.38,-97.78
73716,36.51,-98.45
73717,36.83,-98.64
73718,36.25,-98.19
73719,36.93,-98.29
73720,36.38,-97.78
73722,36.73,-98.32
73724,36.09,-98.58
73726,36.58,-98.46
73727,36.38,-97.78
73728,36.67,-98.37
73729,36.41,-98.45
73730,36.31,-97.59
73731,36.66,-98.56
73733,36.38,-97.78
73734,35.98,-97.91
73735,36.31,-98.04
73736,36.38,-97.78
73737,36.32,-98.34
73738,36.44,-97.58
73739,36.53,-98.15
73741,36.55,-98.27
73742,35.92,-97.94
73743,36.38,-97.78
73744,35.97,-98.35
73746,36.7,-98.99
73747,36.33,-98.53
73749,36.67,-98.18
73750,35.9,-97.93
73753,36.53,-97.85
73754,36.39,-98.09
73755,36.13,-98.55
73756,35.95,-97.94
73757,36.27,-97.45
73758,36.8,-97.79
73759,36.74,-97.89
73760,36.38,-98.21
73761,36.66,-98.05
73762,35.73,-97.98
73763,36.12,-98.43
73764,35.95,-97.94
73766,36.66,-97.84
73768,36.38,-98.24
73770,36.06,-98.59
73771,36.88,-97.92
73772,35.98,-98.38
73773,36.24,-97.91
73801,36.44,-99.44
73802,36.43,-99.53
73832,36.2,-99.82
73834,36.79,-99.75
73835,36.02,-99.29
73838,36.33,-98.53
73840,36.37,-99.62
73841,36.57,-99.57
73842,36.77,-99.11
73843,36.26,-99.75
73844,36.75,-100.48
73847,36.75,-100.48
73848,36.76,-99.77
73851,36.8,-99.65
73852,36.46,-99.2
73853,36.49,-99.28
73855,36.8,-99.65
73857,36.28,-99.34
73858,36.32,-99.76
73859,36.15,-99.3
73860,36.67,-98.97
73901,36.76,-101.08
73931,36.75,-100.48
73932,36.83,-100.52
73933,36.74,-102.51
73937,36.75,-102.52
73938,36.86,-100.53
73939,36.59,-101.63
73942,36.73,-101.43
73944,36.62,-101.2
73945,36.81,-101.22
73946,36.9,-102.97
73947,36.81,-102.25
73949,36.51,-101.78
73950,36.87,-100.88
73951,36.97,-101.07
74001,36.49,-96.06
74002,36.56,-96.16
74003,36.76,-95.97
74004,36.71,-95.89
74005,36.71,-95.89
74006,36.73,-95.89
74008,35.93,-95.88
74009,36.67,-96.4
74010,35.84,-96.3
74011,35.99,-95.82
74012,36.14,-95.88
74013,36.14,-96.03
74014,36.01,-95.65
74015,36.21,-95.73
74016,36.5,-95.44
74017,36.35,-95.6
74018,36.34,-95.61
74020,36.26,-96.44
74021,36.37,-95.86
74022,36.8,-95.92
74023,36.03,-96.86
74026,35.71,-96.77
74027,36.78,-95.64
74028,35.77,-96.49
74029,36.68,-95.9
74030,36.01,-96.55
74031,36.34,-95.57
74032,36.23,-96.93
74033,36.1,-96.0
74034,36.36,-96.64
74035,36.36,-96.24
74036,36.17,-95.52
74037,36.01,-95.98
74038,36.18,-96.57
74039,35.91,-96.24
74041,35.95,-96.07
74042,36.92,-95.63
74043,35.92,-95.8
74044,36.08,-96.38
74045,36.36,-96.64
74046,35.9,-96.33
74047,35.89,-96.09
74048,36.7,-95.63
74050,36.08,-96.07
74051,36.62,-95.95
74052,36.07,-96.6
74053,36.45,-95.7
74054,36.27,-96.34
74055,36.14,-95.91
74056,36.62,-96.32
74058,36.31,-96.71
74059,36.1,-97.0
74060,36.58,-96.53
74061,36.53,-95.91
74062,36.05,-96.93
74063,36.12,-96.19
74066,35.98,-96.16
74067,36.02,-96.09
74068,35.91,-96.58
74070,36.41,-96.17
74071,35.9,-96.33
74072,36.93,-95.62
74073,36.3,-95.95
74074,36.1,-97.07
74075,36.17,-97.07
74076,36.07,-97.06
74077,36.09,-96.99
74078,36.09,-96.99
74079,35.71,-96.75
74080,36.5,-95.7
74081,36.19,-96.49
74082,36.45,-95.88
74083,36.8,-95.61
74084,36.55,-96.33
74085,36.16,-96.8
74101,36.04,-95.87
74102,36.06,-95.8
74103,36.16,-95.99
74104,36.15,-95.95
74105,36.1,-95.92
74106,36.19,-95.98
74107,36.08,-95.95
74108,36.15,-95.8
74110,36.16,-95.93
74112,36.15,-95.9
74114,36.13,-95.95
74115,36.15,-95.91
74116,36.19,-95.82
74117,36.22,-95.95
74119,36.12,-95.93
74120,36.15,-95.98
74121,36.14,-96.03
74126,36.25,-95.98
74127,36.22,-96.06
74128,36.13,-95.89
74129,36.13,-95.87
74130,36.24,-95.96
74131,36.05,-96.07
74132,36.05,-95.96
74133,36.06,-95.87
74134,36.1,-95.8
74135,36.09,-95.92
74136,36.05,-95.92
74137,36.02,-95.94
74141,36.14,-96.03
74145,36.12,-95.88
74146,36.1,-95.85
74147,36.14,-96.03
74148,36.14,-96.03
74149,36.14,-96.03
74150,36.14,-96.03
74152,36.14,-96.03
74153,36.14,-96.03
74155,36.14,-96.03
74156,36.3,-95.96
74157,36.14,-96.03
74158,36.14,-96.03
74159,36.08,-96.08
74169,36.14,-96.03
74170,36.14,-96.03
74171,36.05,-95.96
74172,36.15,-95.99
74182,36.14,-96.03
74183,36.14,-96.03
74184,36.14,-96.03
74186,36.14,-96.03
74187,36.14,-96.03
74189,36.14,-96.03
74192,36.14,-96.03
74193,36.14,-96.03
74194,36.14,-96.03
74301,36.72,-95.2
74330,36.44,-95.27
74331,36.82,-94.92
74332,36.53,-95.22
74333,36.84,-95.07
74335,36.83,-94.83
74337,36.19,-95.26
74338,36.27,-94.69
74339,36.83,-94.88
74340,36.29,-95.22
74342,36.42,-94.79
74343,36.74,-94.83
74344,36.55,-94.74
74345,36.6,-94.73
74346,36.48,-94.8
74347,36.21,-94.76
74349,36.49,-95.03
74350,36.46,-95.05
74352,36.2,-95.17
74354,36.84,-94.85
74355,36.83,-94.88
74358,36.92,-94.89
74359,36.42,-94.79
74360,36.95,-94.74
74361,36.31,-95.27
74362,36.29,-95.22
74363,36.94,-94.73
74364,36.29,-95.22
74365,36.29,-95.23
74366,36.4,-95.05
74367,36.41,-95.08
74368,36.21,-94.8
74369,36.89,-95.22
74370,36.8,-94.79
74401,35.71,-95.5
74402,35.76,-95.31
74403,35.65,-95.43
74421,35.74,-96.03
74422,35.56,-95.41
74423,35.66,-95.2
74425,35.16,-95.62
74426,35.49,-95.52
74427,35.81,-95.08
74428,35.56,-95.41
74429,36.0,-95.67
74430,34.95,-95.72
74431,35.46,-95.95
74432,35.32,-95.59
74434,35.74,-95.4
74435,35.53,-95.11
74436,35.81,-95.68
74437,35.46,-96.01
74438,35.35,-95.66
74440,35.26,-95.13
74441,35.94,-95.2
74442,34.95,-95.72
74444,36.03,-94.96
74445,35.62,-95.84
74446,35.86,-95.29
74447,35.61,-95.97
74450,35.6,-95.46
74451,35.73,-95.0
74452,35.9,-95.04
74454,35.87,-95.52
74455,35.46,-95.3
74456,35.62,-95.95
74457,35.9,-94.64
74458,35.96,-95.51
74459,35.52,-95.49
74460,35.51,-95.96
74461,35.35,-95.66
74462,35.27,-95.06
74463,35.76,-95.54
74464,35.91,-94.91
74465,35.9,-95.04
74466,35.96,-95.51
74467,35.94,-95.42
74468,35.56,-95.41
74469,35.49,-95.39
74470,35.51,-95.13
74471,35.76,-94.88
74472,35.26,-95.13
74477,35.96,-95.51
74501,34.92,-95.69
74502,34.95,-95.72
74521,34.42,-95.36
74522,34.9,-95.7
74523,34.22,-95.63
74525,34.36,-96.08
74528,34.95,-95.72
74529,34.95,-95.72
74530,34.31,-96.67
74531,35.03,-96.24
74533,34.21,-96.2
74534,34.59,-96.3
74535,34.59,-96.3
74536,34.42,-95.36
74538,34.54,-96.23
74540,34.42,-96.04
74542,34.42,-96.04
74543,34.42,-95.36
74545,34.87,-95.22
74546,34.85,-95.58
74547,34.98,-95.54
74549,35.03,-94.62
74552,35.26,-95.13
74553,34.72,-95.91
74554,34.89,-95.76
74555,34.25,-95.94
74556,34.59,-96.3
74557,34.42,-95.36
74558,34.42,-95.36
74559,34.87,-95.22
74560,34.72,-95.9
74561,35.13,-95.36
74562,34.42,-95.36
74563,34.95,-95.08
74565,34.84,-95.84
74567,34.42,-95.36
74569,34.46,-96.01
74570,34.9,-96.1
74571,34.75,-95.04
74572,34.6,-96.42
74574,34.42,-95.36
74576,34.95,-95.72
74577,34.94,-94.75
74578,34.86,-95.29
74601,36.74,-97.19
74602,36.7,-97.14
74603,36.8,-97.11
74604,36.77,-97.15
74630,36.51,-97.41
74631,36.8,-97.21
74632,36.94,-97.34
74633,36.71,-96.81
74636,36.81,-97.52
74637,36.59,-96.78
74640,36.56,-97.66
74641,36.84,-96.88
74643,36.69,-97.56
74644,36.54,-97.12
74646,36.82,-97.43
74647,36.84,-97.06
74650,36.5,-96.74
74651,36.46,-97.19
74652,36.78,-96.66
74653,36.68,-97.17
74701,34.04,-96.32
74702,33.92,-96.19
74720,33.92,-96.26
74721,33.92,-96.19
74722,34.06,-94.81
74723,34.0,-96.04
74724,34.06,-94.81
74726,34.02,-96.14
74727,34.03,-95.87
74728,33.95,-94.83
74729,34.09,-96.3
74730,33.93,-96.43
74731,33.92,-96.19
74733,33.86,-96.53
74734,34.06,-94.81
74735,34.01,-95.57
74736,34.06,-94.81
74737,34.06,-94.81
74738,34.01,-95.57
74740,33.85,-94.73
74741,33.77,-96.35
74743,34.02,-95.51
74745,33.96,-94.87
74747,33.92,-96.19
74748,34.13,-96.26
74750,33.98,-95.0
74752,34.06,-94.81
74753,33.92,-96.19
74754,34.06,-94.81
74755,34.06,-94.81
74756,34.01,-95.57
74759,34.03,-95.7
74760,34.01,-95.57
74761,34.01,-95.57
74764,34.0,-95.09
74766,34.06,-95.01
74801,35.3,-96.96
74802,35.37,-96.96
74804,35.39,-96.93
74818,35.16,-96.61
74820,34.75,-96.69
74821,34.74,-96.67
74824,35.91,-96.87
74825,34.87,-96.42
74826,34.97,-96.95
74827,35.03,-96.24
74829,35.51,-96.5
74830,35.16,-96.61
74831,34.87,-97.05
74832,35.8,-97.03
74833,35.46,-96.3
74834,35.65,-96.87
74836,34.42,-96.63
74837,35.34,-96.45
74839,35.27,-96.03
74840,35.32,-96.8
74842,34.74,-96.67
74843,34.74,-96.67
74844,34.87,-96.63
74845,35.35,-95.66
74848,35.09,-96.39
74849,34.96,-96.75
74850,35.03,-96.24
74851,35.32,-97.0
74852,35.12,-97.01
74854,35.07,-96.85
74855,35.49,-96.91
74856,34.31,-96.67
74857,35.44,-97.35
74859,35.46,-96.43
74860,35.46,-96.58
74864,35.58,-96.78
74865,34.63,-96.84
74866,35.18,-96.88
74867,35.16,-96.61
74868,35.23,-96.65
74869,35.61,-96.81
74871,34.65,-96.53
74872,34.72,-96.96
74873,35.18,-96.96
74875,35.88,-96.96
74878,34.96,-97.03
74880,35.34,-96.08
74881,35.63,-97.1
74883,35.24,-96.25
74884,35.15,-96.63
74901,35.2,-94.55
74902,35.16,-94.58
74930,34.94,-94.75
74931,35.9,-94.64
74932,35.13,-94.6
74935,34.9,-94.98
74936,35.39,-94.69
74937,34.97,-94.66
74939,34.85,-94.64
74940,34.95,-94.64
74941,35.26,-95.13
74942,34.9,-94.98
74943,35.22,-95.12
74944,35.15,-94.97
74945,35.47,-94.78
74946,35.39,-94.45
74947,34.94,-94.75
74948,35.47,-94.54
74949,34.94,-94.75
74951,35.15,-94.67
74953,35.16,-94.58
74954,35.42,-94.52
74955,35.45,-94.71
74956,34.94,-94.75
74957,34.06,-94.81
74959,35.26,-94.56
74960,35.93,-94.61
74962,35.5,-94.97
74963,34.06,-94.81
74964,36.05,-94.57
74965,35.99,-94.57
74966,34.97,-94.72
75001,32.77,-96.78
75002,33.21,-96.65
75006,32.77,-96.78
75007,33.01,-96.9
75008,33.21,-97.12
75009,33.33,-96.73
75010,33.03,-96.9
75011,32.77,-96.78
75013,33.12,-96.68
75014,32.77,-96.78
75015,32.77,-96.78
75016,32.77,-96.78
75017,32.77,-96.78
75019,32.77,-96.78
75020,33.77,-96.55
75021,33.72,-96.52
75022,33.03,-97.12
75023,33.1,-96.66
75024,33.1,-96.81
75025,33.11,-96.73
75026,33.19,-96.57
75027,33.21,-97.12
75028,33.03,-97.1
75029,33.21,-97.12
75030,32.92,-96.53
75032,32.89,-96.41
75034,33.15,-96.8
75035,33.16,-96.77
75037,32.77,-96.78
75038,32.77,-96.78
75039,32.73,-96.82
75040,32.93,-96.62
75041,32.86,-96.69
75042,32.83,-96.69
75043,32.88,-96.58
75044,32.95,-96.65
75045,32.91,-96.63
75046,32.77,-96.78
75047,32.77,-96.78
75048,32.95,-96.58
75049,32.77,-96.78
75050,32.77,-96.78
75051,32.77,-96.78
75052,32.77,-96.78
75053,32.77,-96.78
75054,32.77,-96.78
75056,33.08,-96.9
75057,33.09,-96.98
75058,33.45,-96.71
75060,32.75,-96.78
75061,32.92,-96.59
75062,32.98,-96.6
75063,32.77,-96.78
75065,33.13,-97.01
75067,33.05,-97.05
75068,33.18,-96.96
75069,33.14,-96.59
75070,33.23,-96.63
75071,33.25,-96.63
75074,33.11,-96.58
75075,33.16,-96.72
75076,33.82,-96.68
75077,33.1,-97.05
75078,33.25,-96.79
75080,32.96,-96.73
75081,32.95,-96.72
75082,32.98,-96.69
75083,32.77,-96.78
75085,32.77,-96.78
75086,33.0,-96.62
75087,32.9,-96.43
75088,32.93,-96.56
75089,32.93,-96.55
75090,33.65,-96.66
75091,33.68,-96.66
75092,33.64,-96.62
75093,33.03,-96.81
75094,33.01,-96.64
75097,33.35,-96.66
75098,32.97,-96.55
75099,32.77,-96.8
75101,32.21,-96.74
75102,32.04,-96.67
75103,32.61,-95.9
75104,32.77,-96.78
75105,32.24,-96.41
75106,32.77,-96.78
75109,32.04,-96.34
75110,32.06,-96.37
75114,32.66,-96.44
75115,32.62,-96.82
75116,32.77,-96.78
75117,32.71,-95.86
75118,32.6,-96.3
75119,32.33,-96.63
75120,32.33,-96.63
75121,33.06,-96.42
75123,32.77,-96.78
75124,32.29,-95.79
75125,32.49,-96.64
75126,32.72,-96.45
75127,32.69,-95.79
75132,32.96,-96.37
75134,32.62,-96.76
75135,33.08,-96.22
75137,32.77,-96.78
75138,32.77,-96.78
75140,32.66,-95.78
75141,32.63,-96.69
75142,32.58,-96.27
75143,32.25,-96.22
75144,32.12,-96.37
75146,32.58,-96.75
75147,32.46,-96.14
75148,32.15,-96.03
75149,32.78,-96.62
75150,32.79,-96.64
75151,32.06,-96.47
75152,32.46,-96.68
75153,32.17,-96.34
75154,32.48,-96.8
75155,32.3,-96.74
75157,32.46,-96.44
75158,32.46,-96.38
75159,32.62,-96.57
75160,32.64,-96.25
75161,32.73,-96.2
75163,32.21,-96.11
75164,33.08,-96.32
75165,32.38,-96.84
75166,33.01,-96.44
75167,32.38,-96.92
75168,32.37,-96.72
75169,32.7,-95.97
75172,32.6,-96.67
75173,33.07,-96.43
75180,32.72,-96.62
75181,32.73,-96.56
75182,32.8,-96.56
75185,32.74,-96.56
75187,32.77,-96.78
75189,32.92,-96.36
75201,32.78,-96.79
75202,32.77,-96.78
75203,32.74,-96.8
75204,32.8,-96.78
75205,32.83,-96.78
75206,32.83,-96.77
75207,32.76,-96.8
75208,32.74,-96.82
75209,32.77,-96.78
75210,32.77,-96.75
75211,32.74,-96.84
75212,32.77,-96.78
75214,32.84,-96.7
75215,32.75,-96.77
75216,32.68,-96.78
75217,32.7,-96.68
75218,32.84,-96.7
75219,32.77,-96.78
75220,32.78,-96.81
75221,32.81,-96.79
75222,32.77,-96.78
75223,32.79,-96.75
75224,32.71,-96.83
75225,32.85,-96.77
75226,32.78,-96.78
75227,32.77,-96.69
75228,32.83,-96.68
75229,32.77,-96.78
75230,32.89,-96.77
75231,32.88,-96.74
75232,32.65,-96.82
75233,32.77,-96.78
75234,32.91,-96.82
75235,32.69,-96.62
75236,32.77,-96.78
75237,32.77,-96.78
75238,32.88,-96.7
75239,32.77,-96.78
75240,32.91,-96.79
75241,32.66,-96.76
75242,32.77,-96.78
75243,32.78,-96.73
75244,32.77,-96.78
75245,32.92,-96.54
75246,32.79,-96.77
75247,32.66,-96.75
75248,32.99,-96.77
75249,32.77,-96.78
75250,32.77,-96.78
75251,32.9,-96.73
75252,32.99,-96.77
75253,32.67,-96.61
75254,32.94,-96.8
75258,32.77,-96.78
75260,32.77,-96.78
75261,32.77,-96.78
75262,32.77,-96.78
75263,32.77,-96.78
75264,32.77,-96.78
75265,32.77,-96.78
75266,32.77,-96.78
75267,32.77,-96.78
75270,32.77,-96.78
75275,32.77,-96.78
75277,32.77,-96.78
75283,32.77,-96.78
75284,32.77,-96.78
75285,32.77,-96.78
75286,32.77,-96.78
75287,32.77,-96.78
75295,32.77,-96.78
75301,32.77,-96.78
75303,32.77,-96.78
75310,32.77,-96.78
75312,32.77,-96.78
75313,32.77,-96.78
75315,32.77,-96.78
75320,32.77,-96.78
75323,32.77,-96.78
75326,32.77,-96.78
75336,32.77,-96.78
75339,32.77,-96.78
75342,32.77,-96.78
75346,32.77,-96.78
75353,32.77,-96.78
75354,32.77,-96.78
75355,32.77,-96.78
75356,32.77,-96.78
75357,32.77,-96.78
75359,32.77,-96.78
75360,32.77,-96.78
75363,32.77,-96.78
75364,32.77,-96.78
75367,32.77,-96.78
75368,32.77,-96.78
75370,32.77,-96.78
75371,32.77,-96.78
75372,32.77,-96.78
75373,32.77,-96.78
75374,32.77,-96.78
75376,32.77,-96.78
75378,32.77,-96.78
75379,32.77,-96.78
75380,32.77,-96.78
75381,32.77,-96.78
75382,32.77,-96.78
75386,32.77,-96.78
75387,32.77,-96.78
75388,32.77,-96.78
75389,32.77,-96.78
75390,32.77,-96.78
75391,32.77,-96.78
75392,32.77,-96.78
75393,32.77,-96.78
75394,32.77,-96.78
75395,32.77,-96.78
75396,32.77,-96.78
75397,32.77,-96.78
75398,32.77,-96.78
75401,33.1,-96.12
75402,33.1,-96.09
75403,33.22,-96.05
75404,33.06,-96.08
75407,33.15,-96.48
75409,33.32,-96.52
75410,32.82,-95.71
75411,33.66,-95.58
75412,33.64,-95.02
75413,33.42,-96.21
75414,33.62,-96.44
75415,33.36,-95.58
75416,33.6,-95.52
75417,33.47,-95.21
75418,33.53,-96.17
75420,33.17,-95.59
75421,33.66,-95.65
75422,33.12,-95.93
75423,33.24,-96.18
75424,33.32,-96.4
75425,33.66,-95.58
75426,33.61,-95.1
75428,33.29,-95.98
75429,33.24,-95.91
75431,33.1,-95.66
75432,33.34,-95.74
75433,33.14,-95.84
75434,33.66,-95.58
75435,33.53,-95.32
75436,33.66,-95.26
75437,33.17,-95.59
75438,33.57,-96.05
75439,33.58,-96.14
75440,32.83,-95.72
75441,33.36,-95.58
75442,33.22,-96.38
75443,33.47,-96.11
75444,32.78,-95.41
75446,33.49,-96.09
75447,33.58,-95.92
75448,33.36,-95.58
75449,33.49,-96.15
75450,33.36,-95.58
75451,32.99,-94.94
75452,33.42,-96.24
75453,33.01,-95.93
75454,33.28,-96.53
75455,33.22,-94.98
75456,33.19,-94.97
75457,33.15,-95.22
75458,33.24,-96.29
75459,33.54,-96.66
75460,33.61,-95.46
75461,33.66,-95.46
75462,33.68,-95.49
75468,33.62,-95.47
75469,33.44,-95.85
75470,33.66,-95.58
75471,33.17,-95.59
75472,32.92,-95.9
75473,33.79,-95.52
75474,32.93,-96.12
75475,33.48,-96.25
75476,33.67,-96.28
75477,33.54,-95.72
75478,33.17,-95.59
75479,33.56,-96.27
75480,33.05,-95.2
75481,33.17,-95.59
75482,33.13,-95.6
75483,33.17,-95.59
75485,33.36,-96.47
75486,33.66,-95.58
75487,33.18,-95.22
75488,33.61,-96.11
75489,33.53,-96.48
75490,33.41,-96.3
75491,33.5,-96.45
75492,33.56,-96.0
75493,33.17,-95.11
75494,32.94,-95.31
75495,33.54,-96.64
75496,33.33,-96.06
75497,32.89,-95.58
75501,33.41,-94.18
75503,33.46,-94.12
75504,33.48,-94.39
75505,33.46,-94.07
75507,33.39,-94.34
75550,33.58,-94.92
75551,33.08,-94.24
75554,33.55,-94.77
75555,33.01,-94.07
75556,33.1,-94.35
75558,33.19,-94.97
75559,33.51,-94.59
75560,33.1,-94.35
75561,33.41,-94.34
75562,33.01,-94.36
75563,33.07,-94.26
75564,32.8,-94.29
75565,33.1,-94.35
75566,33.1,-94.35
75567,33.34,-94.32
75568,33.16,-94.69
75569,33.41,-94.22
75570,33.42,-94.37
75571,33.18,-94.74
75572,33.16,-94.15
75573,33.36,-94.26
75574,33.48,-94.39
75599,33.48,-94.39
75601,32.52,-94.73
75602,32.43,-94.75
75603,32.42,-94.69
75604,32.49,-94.83
75605,32.51,-94.72
75606,32.37,-94.62
75607,32.51,-94.78
75608,32.57,-94.85
75615,32.51,-94.78
75630,32.9,-94.57
75631,32.23,-94.46
75633,32.18,-94.31
75636,33.12,-94.74
75637,32.1,-94.49
75638,33.04,-94.74
75639,32.26,-94.21
75640,32.77,-94.7
75641,32.51,-94.78
75642,32.39,-94.21
75643,32.03,-94.38
75644,32.71,-94.91
75645,32.68,-94.88
75647,32.48,-94.93
75650,32.53,-94.57
75651,32.68,-94.53
75652,32.21,-94.78
75653,32.2,-94.88
75654,32.13,-94.75
75656,32.95,-94.6
75657,32.81,-94.37
75658,32.2,-94.91
75659,32.51,-94.11
75660,32.51,-94.78
75661,32.66,-94.15
75662,32.41,-94.79
75663,32.39,-94.9
75666,32.3,-94.93
75667,31.99,-94.86
75668,32.93,-94.7
75669,32.04,-94.54
75670,32.54,-94.41
75671,32.52,-94.39
75672,32.52,-94.33
75680,32.13,-94.72
75681,31.97,-94.69
75682,32.25,-94.93
75683,32.83,-94.77
75684,32.13,-94.83
75685,32.18,-94.31
75686,33.0,-94.95
75687,32.15,-94.96
75688,32.55,-94.24
75689,32.18,-94.94
75691,32.3,-94.74
75692,32.52,-94.14
75693,32.54,-94.86
75694,32.65,-94.34
75701,32.29,-95.2
75702,32.31,-95.2
75703,32.23,-95.34
75704,32.39,-95.41
75705,32.35,-95.13
75706,32.46,-95.31
75707,32.29,-95.15
75708,32.42,-95.21
75709,32.32,-95.38
75710,32.35,-95.31
75711,32.54,-95.42
75712,32.41,-95.29
75713,32.41,-95.29
75750,32.28,-95.07
75751,32.19,-95.88
75752,32.25,-95.8
75754,32.42,-95.71
75755,32.57,-95.06
75756,32.23,-95.58
75757,32.18,-95.25
75758,32.26,-95.54
75759,31.87,-95.23
75760,31.71,-94.84
75762,32.23,-95.39
75763,31.99,-95.5
75764,31.88,-95.16
75765,32.65,-95.23
75766,31.87,-95.16
75770,32.13,-95.64
75771,32.51,-95.4
75772,31.8,-95.3
75773,32.71,-95.49
75778,32.29,-95.74
75779,31.79,-95.66
75780,31.78,-95.16
75782,32.19,-95.55
75783,32.78,-95.44
75784,31.87,-95.0
75785,31.81,-95.1
75788,31.83,-94.92
75789,32.25,-95.18
75790,32.54,-95.68
75791,32.22,-95.22
75792,32.52,-95.28
75798,32.41,-95.29
75799,32.41,-95.29
75801,31.85,-95.69
75802,31.93,-95.58
75803,31.88,-95.68
75831,31.41,-95.99
75832,31.79,-95.66
75833,31.36,-95.9
75834,31.11,-95.14
75835,31.32,-95.39
75838,31.6,-96.08
75839,31.65,-95.56
75840,31.77,-96.14
75844,31.5,-95.47
75845,31.06,-95.14
75846,31.3,-96.17
75847,31.36,-95.18
75848,31.85,-96.28
75849,31.26,-95.37
75850,31.19,-95.9
75851,31.14,-95.48
75852,31.01,-95.77
75853,31.79,-95.66
75855,31.48,-95.87
75856,31.11,-95.14
75858,31.26,-95.37
75859,31.84,-96.23
75860,31.63,-96.21
75861,31.8,-95.84
75862,30.91,-95.31
75865,31.11,-95.14
75880,31.79,-95.66
75882,31.79,-95.66
75884,31.79,-95.66
75886,31.79,-95.66
75901,31.28,-94.51
75902,31.36,-94.76
75903,31.28,-94.57
75904,31.34,-94.7
75915,31.29,-94.58
75925,31.81,-95.14
75926,31.11,-95.14
75928,30.71,-93.71
75929,31.42,-94.18
75930,31.37,-93.82
75931,31.25,-93.76
75932,31.15,-93.61
75933,30.71,-93.71
75934,30.82,-94.87
75935,31.78,-94.24
75936,30.77,-94.46
75937,31.49,-94.35
75938,30.9,-94.39
75939,31.04,-94.81
75941,31.22,-94.59
75942,30.81,-94.43
75943,31.62,-94.85
75944,31.53,-94.64
75946,31.77,-94.53
75947,31.37,-93.82
75948,31.33,-93.77
75949,31.29,-94.53
75951,30.87,-94.0
75954,31.97,-94.06
75956,30.66,-93.9
75958,31.53,-94.64
75959,31.37,-93.82
75960,30.82,-94.87
75961,31.66,-94.58
75962,31.7,-94.61
75963,31.6,-94.66
75964,31.67,-94.69
75965,31.73,-94.63
75966,30.84,-93.77
75968,31.25,-93.97
75969,31.44,-94.87
75972,31.55,-94.11
75973,31.77,-94.15
75974,31.95,-94.25
75975,31.91,-94.43
75976,31.78,-95.16
75977,30.71,-93.71
75978,31.53,-94.64
75979,30.76,-94.37
75980,31.17,-94.4
75990,30.79,-94.35
76001,32.77,-97.29
76002,32.77,-97.29
76003,32.74,-97.23
76004,32.77,-97.29
76005,32.77,-97.29
76006,32.78,-97.09
76007,32.77,-97.29
76008,32.68,-97.78
76009,32.42,-97.2
76010,32.73,-97.08
76011,32.77,-97.08
76012,32.77,-97.13
76013,32.77,-97.29
76014,32.77,-97.29
76015,32.77,-97.29
76016,32.77,-97.29
76017,32.77,-97.29
76018,32.77,-97.29
76019,32.77,-97.29
76020,32.91,-97.53
76021,32.85,-97.14
76022,32.83,-97.14
76023,33.11,-97.64
76028,32.49,-97.26
76031,32.32,-97.44
76033,32.35,-97.41
76034,32.89,-97.14
76035,32.47,-97.68
76036,32.77,-97.29
76039,32.86,-97.08
76040,32.82,-97.11
76041,32.25,-96.82
76043,32.21,-97.79
76044,32.42,-97.53
76048,32.44,-97.84
76049,32.45,-97.77
76050,32.34,-97.31
76051,32.93,-97.08
76052,32.94,-97.35
76053,32.88,-97.23
76054,32.86,-97.18
76055,32.18,-97.21
76058,32.41,-97.3
76059,32.33,-97.31
76060,32.77,-97.29
76061,32.48,-97.19
76063,32.77,-97.29
76064,32.3,-97.03
76065,32.43,-96.98
76066,32.75,-97.96
76067,32.8,-98.25
76068,32.76,-98.32
76070,32.23,-97.67
76071,33.01,-97.49
76073,33.1,-97.73
76077,32.28,-97.7
76078,33.09,-97.48
76082,32.81,-97.69
76084,32.46,-97.14
76085,32.86,-97.69
76086,32.78,-97.81
76087,32.75,-97.79
76088,32.85,-97.86
76092,32.95,-97.15
76093,32.3,-97.33
76094,32.77,-97.29
76095,32.77,-97.29
76096,32.77,-97.29
76097,32.52,-97.26
76098,32.9,-97.56
76099,32.77,-97.29
76101,32.77,-97.29
76102,32.76,-97.25
76103,32.76,-97.27
76104,32.77,-97.29
76105,32.77,-97.29
76106,32.79,-97.36
76107,32.75,-97.38
76108,32.78,-97.5
76109,32.77,-97.29
76110,32.77,-97.29
76111,32.79,-97.3
76112,32.77,-97.22
76113,32.77,-97.29
76114,32.78,-97.39
76115,32.77,-97.29
76116,32.74,-97.43
76117,32.8,-97.26
76118,32.8,-97.2
76119,32.8,-97.19
76120,32.77,-97.18
76121,32.77,-97.29
76122,32.77,-97.29
76123,32.77,-97.29
76124,32.77,-97.29
76126,32.77,-97.29
76127,32.77,-97.43
76129,32.77,-97.29
76130,32.77,-97.29
76131,32.89,-97.35
76132,32.87,-97.37
76133,32.77,-97.29
76134,32.77,-97.29
76135,32.83,-97.47
76136,32.77,-97.29
76137,32.85,-97.29
76140,32.77,-97.29
76147,32.77,-97.29
76148,32.86,-97.25
76150,32.77,-97.29
76155,32.83,-97.05
76161,32.77,-97.29
76162,32.77,-97.29
76163,32.77,-97.29
76164,32.77,-97.29
76177,32.93,-97.32
76178,32.77,-97.29
76179,32.91,-97.43
76180,32.87,-97.22
76181,32.77,-97.29
76182,32.77,-97.29
76185,32.77,-97.29
76191,32.77,-97.29
76192,32.77,-97.29
76193,32.77,-97.29
76195,32.77,-97.29
76196,32.77,-97.29
76197,32.77,-97.29
76198,32.77,-97.29
76199,32.77,-97.29
76201,33.24,-97.2
76202,33.23,-97.11
76203,33.25,-97.13
76204,33.21,-97.12
76205,33.15,-97.09
76206,33.17,-97.15
76207,33.24,-97.2
76208,33.16,-97.1
76209,33.23,-97.11
76210,33.15,-97.1
76225,33.36,-97.71
76226,33.22,-97.16
76227,33.28,-97.02
76228,33.63,-98.02
76230,33.53,-97.86
76233,33.56,-96.86
76234,33.26,-97.61
76238,33.49,-97.31
76239,33.44,-97.57
76240,33.65,-97.16
76241,33.61,-97.04
76244,32.77,-97.29
76245,33.83,-96.85
76246,33.32,-97.61
76247,33.1,-97.25
76248,32.93,-97.25
76249,33.22,-97.29
76250,33.53,-97.17
76251,33.65,-97.72
76252,33.69,-97.35
76253,33.62,-97.31
76255,33.82,-97.69
76258,33.25,-97.07
76259,33.19,-97.31
76261,33.82,-97.94
76262,33.2,-97.12
76263,33.49,-97.42
76264,33.73,-96.85
76265,33.69,-97.52
76266,33.34,-97.21
76267,33.38,-97.39
76268,33.6,-96.76
76270,33.5,-97.76
76271,33.53,-96.86
76272,33.5,-97.14
76273,33.7,-96.84
76299,33.21,-97.12
76301,33.96,-98.48
76302,33.86,-98.48
76305,33.97,-98.51
76306,33.98,-98.7
76307,33.88,-98.49
76308,33.86,-98.58
76309,33.89,-98.5
76310,33.87,-98.58
76311,33.97,-98.51
76351,33.56,-98.62
76352,33.81,-98.18
76354,34.05,-98.6
76357,34.07,-98.19
76360,34.0,-98.74
76363,33.51,-99.57
76364,34.12,-99.03
76365,33.91,-98.2
76366,33.71,-98.71
76367,33.97,-98.72
76369,34.02,-98.69
76370,33.45,-98.93
76371,33.5,-99.64
76372,33.19,-98.74
76373,34.15,-99.11
76374,33.36,-98.78
76377,34.03,-98.23
76379,33.62,-98.69
76380,33.62,-99.26
76384,34.16,-99.28
76385,34.15,-99.21
76388,33.32,-99.67
76389,33.62,-98.69
76401,32.32,-98.11
76402,32.22,-98.21
76424,32.77,-98.84
76426,33.17,-97.7
76427,33.16,-98.39
76429,32.72,-98.75
76430,32.77,-99.21
76431,33.3,-97.81
76432,31.8,-98.83
76433,32.29,-98.05
76435,32.23,-98.82
76436,31.72,-98.12
76437,32.29,-98.97
76439,32.63,-97.96
76442,31.98,-98.51
76443,32.17,-99.22
76444,32.07,-98.65
76445,32.3,-98.8
76446,32.12,-98.29
76448,32.4,-98.78
76449,32.77,-98.34
76450,33.09,-98.64
76452,31.97,-98.54
76453,32.62,-98.37
76454,32.22,-98.72
76455,31.85,-98.4
76457,31.94,-98.03
76458,33.25,-98.26
76459,33.23,-98.17
76460,33.29,-98.5
76461,32.22,-98.34
76462,32.49,-97.99
76463,32.54,-98.42
76464,32.62,-99.2
76465,32.22,-98.21
76466,32.44,-98.73
76467,32.34,-97.93
76468,31.97,-98.54
76469,32.37,-99.2
76470,32.3,-98.78
76471,32.27,-98.86
76472,32.64,-98.18
76474,31.97,-98.54
76475,32.69,-98.51
76476,32.4,-97.93
76481,33.01,-98.69
76483,33.16,-99.15
76484,32.7,-98.35
76485,32.78,-97.81
76486,33.03,-98.07
76487,32.95,-97.9
76490,32.95,-97.94
76491,33.07,-99.05
76501,31.07,-97.3
76502,31.1,-97.4
76503,31.05,-97.32
76504,31.12,-97.44
76505,31.04,-97.49
76508,31.04,-97.49
76511,30.91,-97.42
76513,30.98,-97.52
76518,30.87,-97.06
76519,30.97,-96.96
76520,30.81,-96.9
76522,31.2,-97.93
76523,30.78,-96.96
76524,31.31,-97.28
76525,31.44,-98.05
76526,31.3,-97.58
76527,30.81,-97.78
76528,31.42,-97.83
76530,30.71,-97.42
76531,31.67,-98.11
76533,31.05,-97.49
76534,30.89,-97.42
76537,30.81,-97.59
76538,31.56,-97.85
76539,31.11,-97.96
76540,31.09,-97.36
76541,31.06,-97.62
76542,31.04,-97.68
76543,31.01,-97.59
76544,31.13,-97.75
76545,31.04,-97.49
76546,31.04,-97.49
76547,31.04,-97.49
76548,31.03,-97.61
76549,31.04,-97.59
76550,31.18,-98.24
76552,31.35,-97.55
76554,30.96,-97.36
76555,30.78,-96.96
76556,30.73,-96.88
76557,31.34,-97.34
76558,31.35,-97.64
76559,31.04,-97.51
76561,31.42,-97.56
76564,31.04,-97.49
76565,31.64,-98.35
76566,31.48,-97.99
76567,30.66,-97.04
76569,30.95,-97.23
76570,31.1,-97.0
76571,30.93,-97.57
76573,30.81,-97.47
76574,30.58,-97.39
76577,30.61,-97.21
76578,30.55,-97.24
76579,31.17,-97.27
76596,31.39,-97.8
76597,31.39,-97.8
76598,31.39,-97.8
76599,31.47,-97.73
76621,31.88,-97.08
76622,31.99,-97.11
76623,32.22,-96.78
76624,31.69,-96.99
76626,32.1,-96.73
76627,32.05,-97.37
76628,31.99,-97.11
76629,31.17,-96.68
76630,31.34,-97.23
76631,31.97,-97.0
76632,31.3,-97.04
76633,31.67,-97.31
76634,31.79,-97.52
76635,31.7,-96.59
76636,32.24,-97.23
76637,31.9,-97.64
76638,31.57,-97.43
76639,31.91,-96.65
76640,31.7,-97.11
76641,32.01,-96.79
76642,31.47,-96.54
76643,31.52,-97.16
76644,31.9,-97.64
76645,31.94,-97.06
76648,31.91,-97.08
76649,31.98,-97.87
76650,31.99,-97.11
76651,32.19,-96.87
76652,31.9,-97.64
76653,31.31,-96.63
76654,31.55,-97.2
76655,31.53,-97.16
76656,31.15,-97.04
76657,31.4,-97.39
76660,31.89,-96.91
76661,31.25,-96.89
76664,31.55,-96.87
76665,31.93,-97.65
76666,32.06,-96.89
76667,31.67,-96.52
76670,32.15,-96.98
76671,32.01,-97.63
76673,31.76,-96.88
76675,31.25,-96.94
76676,31.86,-96.93
76677,31.25,-96.94
76678,31.52,-96.58
76679,31.93,-96.6
76680,31.25,-96.94
76681,31.91,-96.39
76682,31.49,-96.94
76684,31.72,-97.12
76685,31.37,-97.08
76686,31.75,-96.54
76687,31.41,-96.57
76689,31.66,-97.47
76690,32.04,-97.75
76691,31.76,-97.1
76692,31.97,-97.35
76693,31.77,-96.39
76701,31.55,-97.16
76702,31.55,-97.14
76703,31.55,-97.2
76704,31.55,-97.13
76705,31.64,-97.1
76706,31.47,-97.11
76707,31.52,-97.16
76708,31.64,-97.27
76710,31.51,-97.19
76711,31.52,-97.15
76712,31.54,-97.27
76714,31.55,-97.2
76715,31.55,-97.2
76716,31.55,-97.2
76795,31.55,-97.2
76797,31.55,-97.2
76798,31.55,-97.2
76799,31.54,-97.16
76801,31.78,-98.99
76802,31.79,-98.92
76803,31.76,-98.94
76804,31.77,-99.09
76820,30.72,-99.1
76821,31.77,-99.91
76823,31.76,-99.04
76824,31.25,-98.24
76825,31.15,-99.34
76827,31.55,-99.09
76828,31.75,-99.46
76831,30.7,-98.66
76832,30.97,-98.71
76834,31.9,-99.4
76836,31.22,-99.35
76837,31.17,-99.88
76841,30.93,-99.83
76842,30.72,-99.22
76844,31.45,-98.46
76845,31.53,-99.55
76848,30.9,-99.8
76849,30.5,-99.78
76852,31.22,-99.35
76853,31.22,-98.39
76854,30.5,-99.71
76855,31.33,-99.86
76856,30.75,-99.14
76857,31.95,-98.93
76858,31.22,-99.35
76859,30.92,-99.78
76861,31.68,-100.15
76862,31.54,-99.71
76864,31.55,-98.64
76865,31.87,-100.16
76866,31.46,-100.01
76867,31.22,-99.35
76869,30.72,-99.22
76870,31.48,-98.63
76871,31.3,-98.91
76872,31.22,-99.35
76873,31.75,-99.46
76874,30.5,-99.71
76875,31.67,-100.05
76877,31.21,-98.72
76878,31.74,-99.33
76880,31.48,-98.63
76882,31.78,-99.63
76883,29.96,-100.23
76884,31.75,-99.46
76885,30.7,-98.66
76886,31.35,-100.49
76887,31.22,-99.35
76888,31.75,-99.46
76890,31.69,-98.81
76901,31.44,-100.53
76902,31.4,-100.69
76903,31.51,-100.3
76904,31.34,-100.44
76905,31.44,-100.3
76906,31.37,-100.5
76908,31.4,-100.69
76909,31.4,-100.69
76930,31.14,-101.13
76932,31.42,-101.54
76933,31.85,-100.34
76934,31.63,-100.67
76935,31.19,-100.54
76936,30.91,-100.68
76937,31.36,-100.09
76939,31.25,-100.59
76940,31.48,-100.14
76941,31.35,-100.87
76943,30.8,-101.5
76945,31.91,-100.49
76949,31.89,-100.53
76950,30.58,-100.67
76951,31.88,-101.03
76953,31.74,-100.29
76955,31.33,-100.15
76957,31.36,-100.21
76958,31.64,-100.66
77001,29.81,-95.31
77002,29.81,-95.39
77003,29.83,-95.43
77004,29.83,-95.43
77005,29.83,-95.43
77006,29.83,-95.43
77007,29.83,-95.43
77008,29.83,-95.43
77009,29.83,-95.43
77010,29.83,-95.43
77011,29.83,-95.43
77012,29.71,-95.25
77013,29.83,-95.43
77014,29.83,-95.43
77015,29.83,-95.43
77016,29.83,-95.43
77017,29.68,-95.26
77018,29.83,-95.43
77019,29.83,-95.43
77020,29.83,-95.43
77021,29.68,-95.37
77022,29.83,-95.43
77023,29.83,-95.43
77024,29.82,-95.42
77025,29.83,-95.43
77026,29.83,-95.43
77027,29.69,-95.3
77028,29.83,-95.43
77029,29.83,-95.43
77030,29.83,-95.43
77031,29.83,-95.43
77032,29.83,-95.43
77033,29.67,-95.34
77034,29.62,-95.2
77035,29.83,-95.43
77036,29.83,-95.43
77037,29.83,-95.43
77038,29.83,-95.43
77039,29.83,-95.43
77040,29.83,-95.43
77041,29.83,-95.43
77042,29.83,-95.43
77043,29.83,-95.43
77044,29.83,-95.43
77045,29.64,-95.4
77046,29.83,-95.43
77047,29.61,-95.39
77048,29.63,-95.34
77049,29.83,-95.43
77050,29.83,-95.43
77051,29.66,-95.38
77052,29.68,-95.18
77053,29.6,-95.42
77054,29.68,-95.39
77055,29.83,-95.43
77056,29.7,-95.21
77057,29.83,-95.43
77058,29.57,-95.1
77059,29.58,-95.12
77060,29.83,-95.43
77061,29.66,-95.28
77062,29.57,-95.13
77063,29.83,-95.43
77064,29.83,-95.43
77065,29.83,-95.43
77066,29.83,-95.43
77067,29.83,-95.43
77068,29.83,-95.43
77069,29.78,-95.34
77070,29.83,-95.43
77071,29.83,-95.43
77072,29.83,-95.43
77073,29.83,-95.43
77074,29.83,-95.43
77075,29.62,-95.26
77076,29.83,-95.43
77077,29.83,-95.43
77078,29.83,-95.43
77079,29.83,-95.43
77080,29.83,-95.43
77081,29.68,-95.31
77082,29.83,-95.43
77083,29.83,-95.43
77084,29.83,-95.43
77085,29.83,-95.43
77086,29.83,-95.43
77087,29.68,-95.3
77088,29.83,-95.43
77089,29.59,-95.24
77090,29.83,-95.43
77091,29.83,-95.43
77092,29.83,-95.43
77093,29.83,-95.43
77094,29.83,-95.43
77095,29.83,-95.43
77096,29.83,-95.43
77097,29.83,-95.43
77098,29.83,-95.43
77099,29.83,-95.43
77201,29.83,-95.43
77202,29.83,-95.43
77203,29.83,-95.43
77204,29.83,-95.43
77205,29.83,-95.43
77206,29.83,-95.43
77207,29.83,-95.43
77208,29.83,-95.43
77209,29.61,-95.16
77210,29.83,-95.43
77212,29.83,-95.43
77213,29.83,-95.43
77215,29.83,-95.43
77216,29.83,-95.43
77217,29.83,-95.43
77218,29.83,-95.43
77219,29.83,-95.43
77220,29.83,-95.43
77221,29.83,-95.43
77222,29.83,-95.43
77223,29.83,-95.43
77224,29.83,-95.43
77225,29.83,-95.43
77226,29.83,-95.43
77227,29.83,-95.43
77228,29.83,-95.43
77229,29.83,-95.43
77230,29.83,-95.43
77231,29.83,-95.43
77233,29.83,-95.43
77234,29.83,-95.43
77235,29.83,-95.43
77236,29.83,-95.43
77237,29.83,-95.43
77238,29.83,-95.43
77240,29.83,-95.43
77241,29.83,-95.43
77242,29.83,-95.43
77243,29.83,-95.43
77244,29.83,-95.43
77245,29.83,-95.43
77248,29.83,-95.43
77249,29.83,-95.43
77251,29.83,-95.43
77252,29.83,-95.43
77253,29.83,-95.43
77254,29.83,-95.43
77255,29.83,-95.43
77256,29.83,-95.43
77257,29.83,-95.43
77258,29.83,-95.43
77259,29.83,-95.43
77261,29.83,-95.43
77262,29.83,-95.43
77263,29.83,-95.43
77265,29.83,-95.43
77266,29.83,-95.43
77267,29.83,-95.43
77268,29.83,-95.43
77269,29.83,-95.43
77270,29.83,-95.43
77271,29.83,-95.43
77272,29.83,-95.43
77273,29.83,-95.43
77274,29.83,-95.43
77275,29.83,-95.43
77277,29.83,-95.43
77279,29.83,-95.43
77280,29.83,-95.43
77281,29.83,-95.43
77282,29.83,-95.43
77284,29.83,-95.43
77287,29.83,-95.43
77288,29.83,-95.43
77289,29.83,-95.43
77290,29.83,-95.43
77291,29.83,-95.43
77292,29.74,-95.33
77293,29.83,-95.43
77297,29.83,-95.43
77298,29.83,-95.43
77299,29.83,-95.43
77301,30.31,-95.51
77302,30.22,-95.36
77303,30.33,-95.48
77304,30.28,-95.44
77305,30.29,-95.38
77306,30.23,-95.29
77315,29.83,-95.43
77316,30.36,-95.69
77318,30.44,-95.49
77320,30.85,-95.6
77325,29.83,-95.43
77326,30.52,-94.82
77327,30.34,-94.98
77328,30.19,-94.8
77331,30.59,-95.11
77332,30.82,-94.87
77333,30.37,-95.79
77334,30.77,-95.38
77335,30.59,-94.9
77336,29.83,-95.43
77337,29.83,-95.43
77338,29.83,-95.43
77339,29.83,-95.43
77340,30.64,-95.58
77341,30.78,-95.6
77342,30.78,-95.6
77343,30.78,-95.6
77344,30.78,-95.6
77345,29.83,-95.43
77346,29.83,-95.43
77347,29.83,-95.43
77348,30.78,-95.6
77349,30.78,-95.6
77350,30.86,-94.86
77351,30.68,-94.9
77353,30.18,-95.71
77354,30.23,-95.55
77355,30.18,-95.68
77356,30.35,-95.5
77357,30.28,-95.44
77358,30.55,-95.47
77359,30.67,-95.29
77360,30.82,-95.11
77362,30.18,-95.69
77363,30.29,-95.86
77364,30.76,-95.22
77365,30.21,-95.4
77367,30.85,-95.39
77368,30.19,-94.8
77369,30.19,-94.8
77371,30.63,-95.09
77372,30.26,-95.18
77373,29.83,-95.43
77374,30.31,-94.4
77375,29.83,-95.43
77376,30.43,-94.65
77377,29.83,-95.43
77378,30.44,-95.45
77379,29.83,-95.43
77380,30.14,-95.47
77381,30.17,-95.5
77382,29.83,-95.43
77383,29.83,-95.43
77384,30.23,-95.5
77385,30.19,-95.42
77386,30.12,-95.4
77387,30.38,-95.56
77388,29.83,-95.43
77389,29.83,-95.43
77391,29.83,-95.43
77393,30.33,-95.46
77396,29.83,-95.43
77399,30.82,-94.87
77401,29.83,-95.43
77402,29.83,-95.43
77404,28.8,-95.65
77406,29.5,-95.92
77410,29.83,-95.43
77411,29.83,-95.43
77412,29.6,-96.52
77413,29.83,-95.43
77414,28.86,-95.92
77415,28.82,-95.85
77417,29.48,-95.97
77418,29.86,-96.32
77419,28.75,-95.95
77420,29.24,-95.95
77422,29.0,-95.52
77423,29.86,-95.98
77426,30.16,-96.28
77428,28.75,-95.95
77429,29.83,-95.43
77430,29.24,-95.68
77431,29.17,-95.82
77432,29.3,-96.24
77433,29.83,-95.43
77434,29.59,-96.35
77435,29.48,-96.09
77436,29.38,-96.23
77437,29.32,-96.23
77440,28.75,-95.95
77441,29.69,-95.94
77442,29.45,-96.4
77443,29.34,-96.18
77444,29.35,-95.77
77445,30.03,-96.03
77446,30.08,-96.01
77447,29.83,-95.43
77448,29.41,-96.09
77449,29.83,-95.43
77450,29.83,-95.43
77451,29.47,-95.99
77452,29.85,-96.31
77453,29.17,-96.01
77454,29.3,-96.24
77455,29.11,-96.41
77456,28.96,-96.07
77457,28.65,-95.96
77458,28.94,-96.22
77459,29.32,-95.65
77460,29.6,-96.52
77461,29.42,-95.77
77462,29.3,-96.24
77463,29.13,-95.79
77464,29.5,-95.9
77465,28.93,-96.08
77466,29.82,-96.01
77467,29.3,-96.24
77468,28.95,-96.05
77469,29.56,-95.79
77470,29.6,-96.52
77471,29.56,-95.86
77473,29.79,-96.1
77474,29.85,-96.32
77475,29.6,-96.52
77476,29.67,-95.97
77477,29.45,-96.0
77478,29.53,-95.76
77479,29.55,-95.67
77480,29.1,-95.74
77481,29.49,-95.59
77482,29.02,-95.89
77483,28.75,-95.95
77484,30.09,-95.95
77485,29.79,-96.28
77486,29.12,-95.68
77487,29.53,-95.76
77488,29.32,-96.09
77489,29.53,-95.76
77491,29.83,-95.43
77492,29.83,-95.43
77493,29.83,-95.43
77494,29.83,-95.43
77496,29.53,-95.76
77497,29.53,-95.76
77501,29.83,-95.43
77502,29.68,-95.2
77503,29.66,-95.17
77504,29.65,-95.18
77505,29.65,-95.14
77506,29.71,-95.2
77507,29.62,-95.05
77508,29.57,-95.11
77510,29.4,-95.07
77511,29.34,-95.41
77512,29.36,-95.28
77514,29.66,-94.59
77515,29.15,-95.41
77516,29.18,-95.47
77517,29.41,-95.08
77518,29.5,-94.96
77519,30.22,-94.6
77520,29.83,-95.43
77521,29.83,-95.43
77522,29.83,-95.43
77530,29.83,-95.43
77531,29.03,-95.39
77532,29.83,-95.43
77533,30.11,-94.86
77534,29.32,-95.31
77535,30.06,-94.81
77536,29.69,-95.12
77538,29.99,-94.72
77539,29.46,-95.03
77541,29.16,-95.34
77542,29.18,-95.47
77545,29.53,-95.76
77546,29.48,-95.16
77547,29.83,-95.43
77549,29.33,-94.8
77550,29.32,-94.91
77551,29.21,-94.93
77552,29.22,-94.94
77553,29.2,-94.98
77554,29.28,-94.96
77555,29.33,-94.8
77560,29.69,-94.69
77561,30.15,-94.73
77562,29.83,-95.43
77563,29.34,-94.99
77564,30.12,-94.67
77565,29.47,-95.05
77566,29.1,-95.43
77568,29.37,-95.0
77571,29.69,-95.05
77572,29.83,-95.43
77573,29.5,-95.05
77574,29.51,-95.06
77575,30.09,-94.74
77577,29.27,-95.29
77578,29.48,-95.37
77580,29.86,-94.84
77581,29.33,-95.32
77582,30.05,-94.68
77583,29.43,-95.45
77584,29.54,-95.33
77585,30.31,-94.48
77586,29.6,-95.1
77587,29.66,-95.23
77588,29.51,-95.25
77590,29.38,-94.92
77591,29.43,-94.97
77592,29.33,-94.8
77597,29.81,-94.68
77598,29.55,-95.13
77611,30.02,-93.83
77612,30.49,-93.95
77613,30.03,-94.2
77614,30.58,-93.75
77615,30.7,-94.16
77616,30.79,-94.35
77617,29.52,-94.48
77619,29.94,-93.92
77622,29.85,-94.29
77623,29.55,-94.43
77624,30.68,-94.35
77625,30.36,-94.37
77626,30.2,-93.89
77627,29.99,-94.2
77629,29.99,-94.37
77630,30.14,-93.86
77631,30.05,-93.9
77632,30.18,-93.84
77639,30.06,-93.86
77640,29.87,-93.96
77641,29.85,-94.13
77642,29.86,-93.94
77643,29.96,-93.87
77650,29.44,-94.63
77651,30.01,-94.13
77655,29.78,-94.09
77656,30.33,-94.27
77657,30.28,-94.22
77659,30.24,-94.4
77660,30.79,-94.35
77661,29.78,-94.39
77662,30.16,-93.94
77663,30.52,-94.45
77664,30.63,-94.38
77665,29.82,-94.48
77670,30.05,-93.9
77701,30.07,-94.11
77702,30.08,-94.13
77703,30.11,-94.12
77704,30.12,-94.15
77705,29.93,-94.19
77706,30.12,-94.16
77707,30.01,-94.16
77708,30.15,-94.17
77709,30.18,-94.19
77710,29.85,-94.13
77713,30.07,-94.26
77720,29.85,-94.13
77725,29.85,-94.13
77726,30.11,-94.19
77801,30.67,-96.36
77802,30.62,-96.32
77803,30.68,-96.4
77805,30.65,-96.34
77806,30.65,-96.34
77807,30.67,-96.48
77808,30.82,-96.31
77830,30.56,-95.98
77831,30.71,-95.95
77833,30.22,-96.39
77834,30.23,-96.29
77835,30.18,-96.63
77836,30.53,-96.66
77837,30.98,-96.67
77838,30.51,-96.62
77839,30.34,-96.53
77840,30.58,-96.29
77841,30.57,-96.33
77842,30.65,-96.34
77843,30.65,-96.34
77844,30.65,-96.34
77845,30.58,-96.29
77850,31.31,-95.99
77852,30.51,-96.62
77853,30.28,-96.89
77855,31.16,-96.12
77856,31.0,-96.52
77857,30.78,-96.72
77859,30.93,-96.58
77861,30.71,-96.1
77862,30.65,-96.34
77863,30.36,-96.59
77864,30.97,-95.89
77865,31.25,-96.22
77866,30.48,-96.24
77867,31.03,-96.53
77868,30.38,-96.01
77869,30.65,-96.34
77870,31.03,-96.53
77871,31.12,-96.11
77872,30.91,-96.09
77873,30.58,-95.9
77875,30.61,-95.96
77876,30.49,-96.02
77878,30.51,-96.62
77879,30.36,-96.53
77880,30.3,-96.21
77881,30.65,-96.34
77882,31.03,-96.53
77901,28.78,-97.03
77902,28.93,-97.1
77903,28.79,-96.97
77904,28.9,-97.0
77905,28.75,-97.03
77950,28.31,-97.15
77951,28.65,-96.89
77954,29.09,-97.26
77957,29.0,-96.69
77960,28.68,-97.26
77961,28.96,-96.5
77962,28.99,-96.46
77963,28.66,-97.46
77964,29.42,-96.94
77967,29.1,-97.37
77968,28.85,-96.86
77969,28.85,-96.68
77970,28.9,-96.46
77971,28.86,-96.5
77972,28.53,-96.69
77973,28.55,-97.01
77974,28.92,-97.29
77975,29.58,-97.15
77976,28.95,-97.09
77977,28.69,-96.83
77978,28.68,-96.5
77979,28.56,-96.6
77982,28.44,-96.42
77983,28.43,-96.67
77984,29.42,-97.15
77985,29.35,-96.9
77986,29.49,-96.79
77987,29.35,-96.9
77988,28.84,-96.89
77989,29.0,-97.15
77990,28.46,-96.89
77991,28.85,-96.58
77993,28.84,-97.44
77994,29.1,-97.33
77995,29.3,-97.05
78001,28.34,-99.1
78002,29.28,-98.74
78003,29.72,-99.1
78004,29.9,-98.56
78005,28.97,-98.86
78006,29.89,-98.69
78007,28.35,-98.57
78008,28.79,-98.14
78009,29.36,-98.91
78010,29.93,-99.07
78011,28.81,-98.66
78012,28.79,-98.49
78013,29.95,-98.71
78014,28.24,-99.28
78015,29.44,-98.46
78016,29.21,-98.98
78017,28.76,-99.22
78019,28.04,-99.36
78021,28.34,-99.1
78022,28.3,-98.1
78023,29.44,-98.46
78024,30.08,-99.3
78025,30.07,-99.21
78026,28.93,-98.61
78027,29.97,-98.54
78028,29.99,-99.16
78029,30.03,-99.14
78039,29.31,-98.84
78040,27.52,-99.49
78041,27.56,-99.48
78042,27.57,-99.48
78043,27.46,-99.48
78044,27.36,-99.48
78045,27.64,-99.59
78046,27.4,-99.47
78049,27.73,-99.51
78050,29.1,-98.49
78052,29.21,-98.76
78053,28.85,-98.27
78054,29.33,-98.73
78055,29.73,-99.19
78056,29.51,-98.94
78057,29.06,-99.02
78058,30.17,-99.48
78059,29.2,-98.85
78060,28.42,-98.07
78061,28.87,-99.11
78062,28.92,-98.55
78063,29.68,-98.95
78064,28.98,-98.5
78065,29.06,-98.64
78066,29.46,-98.87
78067,27.09,-99.35
78069,29.22,-98.67
78070,29.88,-98.41
78071,28.45,-98.17
78072,28.35,-98.57
78073,29.25,-98.55
78074,29.95,-98.79
78075,28.42,-98.07
78076,26.92,-99.22
78101,29.37,-98.25
78102,28.49,-97.73
78104,28.39,-97.78
78107,28.53,-97.59
78108,29.56,-98.09
78109,29.38,-98.25
78111,28.94,-97.88
78112,29.21,-98.38
78113,28.97,-98.02
78114,29.16,-98.18
78115,29.55,-98.04
78116,29.09,-97.84
78117,28.99,-97.93
78118,28.92,-97.94
78119,28.88,-97.86
78121,29.35,-98.09
78122,29.41,-97.74
78123,29.6,-98.04
78124,29.57,-98.13
78125,28.42,-97.73
78130,29.78,-98.22
78131,29.8,-98.34
78132,29.76,-98.2
78133,29.8,-98.22
78135,29.74,-98.09
78140,29.33,-97.79
78141,28.92,-97.45
78142,28.53,-97.78
78143,29.25,-97.83
78144,28.96,-97.9
78145,28.42,-97.73
78146,28.62,-97.81
78147,29.08,-98.11
78148,29.44,-98.46
78150,29.44,-98.46
78151,28.82,-97.77
78152,29.43,-98.22
78154,29.58,-98.28
78155,29.58,-97.95
78156,29.61,-97.97
78159,29.28,-97.65
78160,29.24,-97.93
78161,29.29,-98.05
78162,28.42,-97.73
78163,29.78,-98.46
78164,29.08,-97.5
78201,29.4,-98.54
78202,29.43,-98.46
78203,29.41,-98.46
78204,29.41,-98.51
78205,29.42,-98.48
78206,29.44,-98.46
78207,29.35,-98.44
78208,29.44,-98.46
78209,29.43,-98.43
78210,29.35,-98.48
78211,29.31,-98.64
78212,29.44,-98.49
78213,29.44,-98.46
78214,29.35,-98.48
78215,29.44,-98.48
78216,29.17,-98.48
78217,29.44,-98.46
78218,29.44,-98.46
78219,29.45,-98.34
78220,29.41,-98.39
78221,29.26,-98.45
78222,29.33,-98.38
78223,29.32,-98.37
78224,29.33,-98.46
78225,29.34,-98.44
78226,29.39,-98.55
78227,29.4,-98.63
78228,29.35,-98.47
78229,29.27,-98.33
78230,29.27,-98.72
78231,29.44,-98.46
78232,29.44,-98.46
78233,29.29,-98.41
78234,29.44,-98.46
78235,29.35,-98.44
78236,29.41,-98.61
78237,29.35,-98.48
78238,29.45,-98.62
78239,29.44,-98.46
78240,29.44,-98.46
78241,29.44,-98.46
78242,29.34,-98.67
78243,29.44,-98.46
78244,29.39,-98.45
78245,29.41,-98.72
78246,29.44,-98.46
78247,29.44,-98.46
78248,29.44,-98.46
78249,29.44,-98.46
78250,29.44,-98.46
78251,29.46,-98.67
78252,29.34,-98.71
78253,29.47,-98.76
78254,29.44,-98.46
78255,29.44,-98.46
78256,29.44,-98.46
78257,29.44,-98.46
78258,29.44,-98.46
78259,29.44,-98.46
78260,29.44,-98.46
78261,29.44,-98.46
78262,29.45,-98.29
78263,29.35,-98.31
78264,29.19,-98.5
78265,29.44,-98.46
78266,29.74,-98.23
78268,29.44,-98.46
78269,29.44,-98.46
78270,29.44,-98.46
78275,29.44,-98.46
78278,29.44,-98.46
78279,29.44,-98.46
78280,29.44,-98.46
78283,29.44,-98.46
78284,29.44,-98.49
78285,29.44,-98.46
78286,29.44,-98.46
78287,29.44,-98.46
78288,29.44,-98.46
78289,29.44,-98.46
78291,29.44,-98.46
78292,29.44,-98.46
78293,29.44,-98.46
78294,29.44,-98.46
78295,29.44,-98.46
78296,29.44,-98.46
78297,29.44,-98.46
78298,29.44,-98.46
78299,29.44,-98.46
78330,27.84,-97.53
78332,27.7,-98.06
78333,27.66,-98.01
78335,27.91,-97.19
78336,27.95,-97.51
78338,27.12,-97.61
78339,27.8,-97.81
78340,28.1,-97.21
78341,27.59,-98.41
78342,27.66,-98.01
78343,27.62,-97.75
78344,27.43,-98.84
78347,27.78,-97.46
78349,27.66,-98.52
78350,28.42,-98.07
78351,27.63,-97.76
78352,27.96,-97.67
78353,27.02,-98.26
78355,27.22,-98.15
78357,27.9,-98.61
78358,28.06,-97.05
78359,27.95,-97.25
78360,27.07,-98.69
78361,27.07,-98.69
78362,27.87,-97.22
78363,27.42,-97.84
78364,27.42,-97.88
78368,28.0,-97.54
78369,27.44,-99.0
78370,27.94,-97.58
78371,27.73,-99.51
78372,27.94,-98.06
78373,27.77,-97.11
78374,27.98,-97.54
78375,27.32,-98.16
78376,27.66,-98.52
78377,28.28,-97.3
78379,27.3,-97.79
78380,27.8,-97.75
78381,28.01,-97.09
78382,28.07,-97.1
78383,28.02,-97.87
78384,27.66,-98.52
78385,27.22,-97.79
78387,28.01,-97.56
78389,28.21,-97.71
78390,27.97,-97.42
78391,28.18,-97.75
78393,28.21,-97.33
78401,27.76,-97.65
78402,27.82,-97.39
78403,27.78,-97.46
78404,27.77,-97.64
78405,27.77,-97.44
78406,27.77,-97.53
78407,27.81,-97.45
78408,27.78,-97.45
78409,27.81,-97.69
78410,27.82,-97.58
78411,27.73,-97.39
78412,27.68,-97.35
78413,27.68,-97.4
78414,27.67,-97.37
78415,27.68,-97.45
78416,27.81,-97.61
78417,27.72,-97.45
78418,27.71,-97.26
78419,27.72,-97.38
78426,27.78,-97.46
78427,27.78,-97.46
78460,27.89,-97.88
78461,27.78,-97.46
78463,27.78,-97.46
78465,27.78,-97.46
78466,27.78,-97.46
78467,27.78,-97.46
78468,27.78,-97.46
78469,27.78,-97.46
78470,27.78,-97.46
78471,27.78,-97.46
78472,27.74,-97.58
78473,27.78,-97.46
78474,27.78,-97.46
78475,27.78,-97.46
78476,27.78,-97.46
78477,27.78,-97.46
78478,27.78,-97.46
78480,27.78,-97.46
78501,26.27,-98.22
78502,26.26,-98.2
78503,26.18,-98.34
78504,26.33,-98.23
78505,26.41,-98.22
78516,26.22,-98.22
78520,26.05,-97.51
78521,26.1,-97.51
78522,26.19,-97.76
78523,25.98,-97.52
78526,25.97,-97.47
78535,26.25,-97.74
78536,26.42,-98.85
78537,26.21,-98.13
78538,26.33,-97.96
78539,26.33,-98.14
78540,26.32,-98.19
78543,26.3,-97.99
78545,26.56,-99.13
78547,26.34,-98.74
78548,26.29,-98.65
78549,26.41,-98.22
78550,26.19,-97.54
78551,26.24,-97.72
78552,26.17,-97.68
78553,26.13,-97.48
78557,26.19,-98.27
78558,26.29,-98.05
78559,26.13,-97.75
78560,26.24,-98.47
78561,26.56,-97.43
78562,26.3,-97.92
78563,26.41,-98.22
78564,26.95,-99.2
78565,26.41,-98.22
78566,26.13,-97.55
78567,26.04,-97.69
78568,26.19,-97.54
78569,26.41,-97.79
78570,26.21,-98.08
78572,26.23,-98.19
78573,26.41,-98.22
78575,26.01,-97.55
78576,26.19,-98.1
78577,26.19,-98.13
78578,26.15,-97.51
78579,26.09,-97.95
78580,26.42,-97.79
78582,26.5,-98.75
78583,26.25,-97.57
78584,26.58,-99.0
78585,26.51,-98.75
78586,26.15,-97.53
78588,26.51,-98.75
78589,26.21,-98.16
78590,26.46,-97.59
78591,26.75,-98.58
78592,26.13,-97.48
78593,26.23,-97.8
78594,26.35,-97.79
78595,26.28,-98.57
78596,26.18,-98.13
78597,26.12,-97.49
78598,26.55,-97.43
78599,26.41,-98.22
78602,30.14,-97.31
78603,29.45,-97.49
78604,29.45,-97.49
78605,30.74,-98.09
78606,30.14,-98.42
78607,30.83,-98.43
78608,30.88,-97.91
78609,30.77,-98.43
78610,30.11,-97.99
78611,30.75,-98.24
78612,30.08,-97.49
78613,30.49,-97.63
78614,29.45,-97.49
78615,30.49,-97.37
78616,29.89,-97.57
78617,30.15,-97.6
78618,30.37,-99.1
78619,30.09,-98.0
78620,30.17,-98.04
78621,30.31,-97.36
78622,29.76,-97.75
78623,29.95,-98.23
78624,30.31,-98.89
78626,30.67,-97.57
78627,30.67,-97.65
78628,30.69,-97.76
78629,29.54,-97.54
78630,30.66,-97.6
78631,30.25,-99.27
78632,29.45,-97.49
78634,30.55,-97.55
78635,30.23,-98.54
78636,30.22,-98.41
78638,29.66,-97.84
78639,30.7,-98.55
78640,30.0,-97.83
78641,30.58,-97.86
78642,30.72,-97.91
78643,30.72,-98.61
78644,29.88,-97.63
78645,30.45,-97.97
78646,30.66,-97.6
78648,29.71,-97.64
78650,30.27,-97.24
78651,30.33,-97.77
78652,30.12,-97.84
78653,30.34,-97.51
78654,30.66,-98.16
78655,29.84,-97.85
78656,29.86,-97.8
78657,30.54,-98.33
78658,29.45,-97.49
78659,30.21,-97.16
78660,30.44,-97.6
78661,29.75,-97.75
78662,29.96,-97.43
78663,30.41,-98.36
78664,30.53,-97.64
78665,30.22,-98.36
78666,29.97,-98.0
78667,30.05,-98.0
78669,30.4,-97.82
78670,29.61,-97.97
78671,30.29,-98.71
78672,30.77,-98.45
78673,30.74,-97.59
78674,30.67,-97.59
78675,30.39,-98.7
78676,30.01,-98.03
78677,29.45,-97.49
78680,30.66,-97.6
78681,30.52,-97.72
78682,30.66,-97.6
78683,30.66,-97.6
78691,30.33,-97.77
78701,30.27,-97.74
78702,30.26,-97.71
78703,30.29,-97.77
78704,30.24,-97.77
78705,30.29,-97.74
78708,30.33,-97.77
78709,30.33,-97.77
78710,30.35,-97.72
78711,30.33,-97.77
78712,30.29,-97.74
78713,30.47,-97.84
78714,30.34,-97.44
78715,30.45,-97.49
78716,30.32,-97.86
78717,30.49,-97.76
78718,30.33,-97.77
78719,30.14,-97.68
78720,30.33,-97.77
78721,30.27,-97.68
78722,30.29,-97.72
78723,30.31,-97.69
78724,30.29,-97.62
78725,30.24,-97.63
78726,30.43,-97.84
78727,30.43,-97.72
78728,30.45,-97.69
78729,30.46,-97.77
78730,30.36,-97.84
78731,30.35,-97.77
78732,30.38,-97.89
78733,30.32,-97.89
78734,30.37,-97.94
78735,30.27,-97.86
78736,30.27,-97.97
78737,30.2,-97.93
78738,30.33,-98.01
78739,30.17,-97.89
78741,30.23,-97.72
78742,30.24,-97.67
78744,30.17,-97.74
78745,30.2,-97.8
78746,30.3,-97.82
78747,30.12,-97.74
78748,30.17,-97.82
78749,30.21,-97.86
78750,30.41,-97.82
78751,30.31,-97.72
78752,30.33,-97.7
78753,30.38,-97.68
78754,30.37,-97.65
78755,30.33,-97.77
78756,30.32,-97.74
78757,30.35,-97.6
78758,30.38,-97.71
78759,30.4,-97.75
78760,30.33,-97.77
78761,30.33,-97.77
78762,30.33,-97.77
78763,30.34,-97.56
78764,30.45,-97.66
78765,30.33,-97.77
78766,30.44,-97.62
78767,30.22,-97.9
78768,30.33,-97.77
78769,30.33,-97.77
78772,30.33,-97.77
78773,30.33,-97.77
78774,30.33,-97.77
78778,30.33,-97.77
78779,30.33,-97.77
78780,30.33,-97.77
78781,30.33,-97.77
78783,30.33,-97.77
78785,30.33,-97.77
78786,30.33,-97.77
78788,30.33,-97.77
78789,30.33,-97.77
78799,30.25,-97.68
78801,29.24,-99.73
78802,29.22,-99.78
78827,28.45,-99.76
78828,29.83,-100.11
78829,28.96,-99.62
78830,28.57,-99.57
78832,29.3,-100.42
78833,29.67,-100.01
78834,28.51,-99.73
78836,28.42,-99.75
78837,29.76,-101.23
78838,29.36,-99.76
78839,28.69,-99.82
78840,29.41,-100.89
78841,29.35,-100.93
78842,29.41,-100.93
78843,29.36,-100.79
78847,29.76,-101.23
78850,29.34,-99.32
78851,30.22,-102.11
78852,28.78,-100.31
78853,28.68,-100.48
78860,28.53,-100.33
78861,29.4,-99.18
78870,29.3,-99.64
78871,29.76,-101.23
78872,28.94,-99.84
78873,29.87,-99.69
78877,28.64,-100.39
78879,29.85,-99.77
78880,30.02,-100.21
78881,29.32,-99.47
78883,29.73,-99.19
78884,29.36,-99.76
78885,29.73,-99.19
78886,29.24,-99.15
78931,29.85,-96.31
78932,30.11,-96.72
78933,29.89,-96.29
78934,29.7,-96.59
78935,29.71,-96.49
78938,29.85,-96.69
78940,29.86,-96.85
78941,29.78,-97.11
78942,30.25,-96.93
78943,29.7,-96.59
78944,29.98,-96.45
78945,29.9,-96.87
78946,30.09,-96.8
78947,30.41,-97.02
78948,30.29,-96.97
78949,29.83,-97.07
78950,29.91,-96.5
78951,29.6,-96.52
78952,29.9,-96.94
78953,29.91,-97.32
78954,30.04,-96.71
78956,29.71,-96.93
78957,30.0,-97.22
78959,29.69,-97.3
78960,30.07,-96.9
78961,29.67,-97.04
78962,29.68,-96.74
78963,29.91,-97.05
79001,35.41,-102.6
79002,35.43,-100.75
79003,35.4,-100.27
79005,36.45,-100.33
79007,35.73,-101.49
79008,35.63,-101.6
79009,34.52,-102.78
79010,35.41,-102.6
79011,35.53,-100.21
79012,35.23,-102.03
79013,36.04,-102.0
79014,35.9,-100.38
79015,35.0,-101.91
79016,34.97,-101.9
79018,35.69,-102.33
79019,35.13,-101.46
79021,34.07,-101.83
79022,36.28,-102.6
79024,36.45,-100.33
79025,34.91,-102.2
79027,34.53,-102.26
79029,35.92,-101.92
79031,34.24,-102.36
79032,34.28,-101.89
79033,36.39,-100.76
79034,36.43,-100.14
79035,34.63,-102.78
79036,35.66,-101.58
79039,35.28,-101.23
79040,36.23,-101.31
79041,34.06,-101.85
79042,34.74,-101.86
79043,34.39,-102.12
79044,35.89,-102.39
79045,34.97,-102.31
79046,36.12,-100.03
79051,36.28,-102.6
79052,34.36,-101.75
79053,34.53,-102.78
79054,35.44,-100.81
79056,36.28,-100.27
79057,35.23,-100.6
79058,35.84,-101.89
79059,35.72,-100.68
79061,35.52,-100.41
79062,36.28,-101.35
79063,34.54,-102.1
79064,34.18,-102.15
79065,35.52,-100.84
79066,35.53,-100.96
79068,35.3,-101.35
79070,36.41,-100.69
79072,34.07,-101.83
79073,34.07,-101.83
79077,34.84,-100.2
79078,35.67,-101.57
79079,35.32,-100.27
79080,35.57,-101.17
79081,36.23,-101.29
79082,34.23,-102.31
79083,35.82,-101.45
79084,36.34,-102.07
79085,34.74,-102.51
79086,36.02,-101.82
79087,36.34,-102.92
79088,34.56,-101.8
79091,34.97,-101.9
79092,35.22,-102.42
79093,36.28,-100.82
79094,34.97,-101.36
79095,34.85,-100.21
79096,35.39,-100.22
79097,35.41,-101.18
79098,35.21,-102.2
79101,35.21,-101.8
79102,35.2,-101.85
79103,35.2,-101.74
79104,35.21,-101.78
79105,35.4,-101.9
79106,35.25,-101.94
79107,35.27,-101.74
79108,35.29,-101.77
79109,35.11,-101.85
79110,35.13,-101.86
79111,35.26,-101.7
79114,35.05,-101.82
79116,35.25,-102.0
79117,35.31,-101.84
79118,35.1,-101.81
79119,35.06,-102.02
79120,35.2,-101.8
79121,35.14,-101.99
79123,35.4,-101.9
79124,35.25,-101.94
79159,35.22,-102.07
79163,35.4,-101.9
79164,35.4,-101.9
79165,35.4,-101.9
79166,35.4,-101.9
79167,35.4,-101.9
79168,35.4,-101.9
79170,35.4,-101.9
79171,35.4,-101.9
79172,35.4,-101.9
79174,35.4,-101.9
79175,35.4,-101.9
79178,35.4,-101.9
79180,35.4,-101.9
79181,35.4,-101.9
79182,35.4,-101.9
79184,35.4,-101.9
79185,35.4,-101.9
79186,35.4,-101.9
79187,35.4,-101.9
79189,35.4,-101.9
79201,34.41,-100.24
79220,33.62,-100.78
79221,34.07,-101.3
79222,34.53,-100.21
79223,34.07,-100.26
79224,34.07,-100.26
79225,34.2,-99.55
79226,34.97,-100.89
79227,33.97,-99.64
79229,33.62,-100.84
79230,34.77,-100.02
79231,34.07,-101.3
79232,33.62,-100.25
79233,34.53,-100.68
79234,34.07,-100.78
79235,34.02,-101.38
79236,33.62,-100.25
79237,34.87,-100.66
79238,34.53,-100.21
79239,34.67,-100.7
79240,34.97,-100.81
79241,34.12,-101.44
79243,33.62,-100.78
79244,34.01,-100.82
79245,34.73,-100.54
79247,34.34,-99.37
79248,34.02,-100.3
79250,33.87,-101.6
79251,34.96,-100.27
79252,34.39,-99.86
79255,34.38,-101.09
79256,33.9,-100.86
79257,34.47,-101.3
79258,34.07,-101.3
79259,34.53,-100.21
79261,34.39,-100.89
79311,33.95,-101.82
79312,34.03,-102.43
79313,33.77,-102.19
79314,33.61,-102.83
79316,33.17,-102.34
79320,33.93,-102.69
79322,33.62,-101.31
79323,33.01,-102.85
79324,33.87,-102.76
79325,34.52,-102.78
79326,34.07,-102.35
79329,33.59,-101.81
79330,33.18,-101.3
79331,32.72,-101.94
79336,33.61,-102.35
79338,33.59,-102.36
79339,34.06,-102.41
79342,32.67,-102.64
79343,33.62,-101.3
79344,33.86,-102.96
79345,33.34,-102.21
79346,33.67,-102.69
79347,34.09,-102.83
79350,33.73,-101.84
79351,32.98,-101.94
79353,33.78,-102.47
79355,33.15,-102.83
79356,33.18,-101.3
79357,33.69,-101.38
79358,33.45,-102.29
79359,32.94,-102.59
79360,32.67,-102.81
79363,33.71,-102.01
79364,33.55,-101.81
79366,33.53,-101.7
79367,33.57,-102.21
79369,34.07,-102.35
79370,33.47,-100.8
79371,34.05,-102.53
79372,33.49,-102.44
79373,33.18,-101.82
79376,33.17,-102.83
79377,32.93,-102.13
79378,33.05,-102.43
79379,33.6,-102.62
79380,33.75,-102.32
79381,33.32,-101.73
79382,33.56,-102.03
79383,33.18,-101.82
79401,33.61,-101.84
79402,33.59,-101.85
79403,33.58,-101.84
79404,33.56,-101.82
79405,33.58,-101.85
79406,33.6,-101.89
79407,33.56,-101.99
79408,33.57,-101.93
79409,33.61,-101.82
79410,33.57,-101.9
79411,33.57,-101.86
79412,33.53,-101.93
79413,33.55,-101.89
79414,33.58,-101.92
79415,33.68,-101.91
79416,33.59,-101.96
79423,33.47,-101.9
79424,33.49,-101.98
79430,33.61,-101.82
79452,33.61,-101.82
79453,33.61,-101.82
79457,33.61,-101.82
79464,33.49,-102.01
79490,33.61,-101.82
79491,33.61,-101.82
79493,33.61,-101.82
79499,33.61,-101.82
79501,32.77,-99.85
79502,33.14,-100.22
79503,32.75,-99.78
79504,32.32,-99.34
79505,33.6,-99.88
79506,32.18,-100.29
79508,32.29,-99.81
79510,32.3,-99.41
79511,32.3,-101.34
79512,32.34,-100.9
79516,32.75,-100.92
79517,32.85,-101.1
79518,33.34,-100.77
79519,32.06,-99.69
79520,32.82,-99.97
79521,33.21,-99.72
79525,32.64,-99.92
79526,32.67,-100.79
79527,32.65,-101.03
79528,33.19,-100.65
79529,33.49,-99.81
79530,32.13,-99.82
79532,32.38,-100.76
79533,32.82,-99.75
79534,32.75,-100.23
79535,32.18,-100.42
79536,32.33,-99.94
79537,32.27,-100.22
79538,31.95,-99.61
79539,33.29,-99.85
79540,33.18,-100.25
79541,32.16,-99.87
79543,32.75,-100.34
79544,33.33,-99.78
79545,32.38,-100.57
79546,32.84,-100.49
79547,33.18,-99.85
79548,33.08,-99.96
79549,32.75,-100.92
79550,32.75,-100.92
79553,32.87,-99.81
79556,32.31,-100.4
79560,32.71,-100.23
79561,32.47,-100.07
79562,32.3,-99.91
79563,32.43,-99.92
79565,32.36,-101.04
79566,32.03,-100.13
79567,31.95,-99.96
79601,32.34,-99.8
79602,32.34,-99.69
79603,32.42,-99.88
79604,32.43,-99.8
79605,32.37,-99.81
79606,32.3,-99.91
79607,32.43,-99.75
79608,32.3,-99.89
79697,32.3,-99.89
79698,32.48,-99.73
79699,32.47,-99.71
79701,31.86,-102.09
79702,31.96,-102.08
79703,31.97,-102.13
79704,31.87,-102.03
79705,32.05,-102.07
79706,31.88,-102.01
79707,32.01,-102.19
79708,31.87,-102.03
79710,31.87,-102.03
79711,31.87,-102.03
79712,31.87,-102.03
79713,32.53,-101.72
79714,32.37,-102.52
79718,31.38,-103.56
79719,31.45,-103.42
79720,32.28,-101.46
79721,32.27,-101.37
79730,30.71,-102.68
79731,31.5,-102.35
79733,32.11,-101.37
79734,30.76,-104.21
79735,30.89,-102.89
79738,32.74,-101.43
79739,31.86,-101.49
79740,30.71,-102.68
79741,31.98,-102.62
79742,31.34,-102.85
79743,30.71,-102.68
79744,30.91,-101.9
79745,31.81,-103.11
79748,32.38,-101.61
79749,32.26,-101.84
79752,31.16,-102.11
79754,31.83,-103.66
79755,31.37,-102.05
79756,31.55,-102.94
79758,32.03,-102.34
79759,31.87,-102.54
79760,31.77,-102.35
79761,31.85,-102.35
79762,31.89,-102.35
79763,31.8,-102.44
79764,31.89,-102.48
79765,31.88,-102.35
79766,31.77,-102.35
79768,31.87,-102.54
79769,31.75,-102.57
79770,31.38,-103.56
79772,31.45,-103.58
79776,31.73,-102.59
79777,31.54,-103.13
79778,31.23,-101.94
79779,31.46,-103.19
79780,31.38,-103.56
79781,30.71,-102.68
79782,32.2,-101.82
79783,32.31,-101.95
79785,31.38,-103.56
79786,31.38,-103.56
79788,31.57,-103.01
79789,31.76,-103.16
79821,31.73,-106.36
79830,30.36,-103.66
79831,30.44,-103.7
79832,30.36,-103.65
79834,29.82,-103.06
79835,31.91,-106.6
79836,31.51,-106.15
79837,31.96,-105.2
79838,31.52,-106.2
79839,31.32,-105.45
79842,29.82,-103.06
79843,30.35,-104.02
79845,29.57,-104.37
79846,29.94,-104.39
79847,31.32,-105.45
79848,30.25,-102.16
79849,31.55,-106.25
79850,29.94,-104.39
79851,31.32,-105.45
79852,29.82,-103.06
79853,31.44,-106.08
79854,30.76,-104.21
79855,31.04,-104.82
79901,31.76,-106.48
79902,31.88,-106.54
79903,31.79,-106.45
79904,31.87,-106.45
79905,31.77,-106.44
79906,31.81,-106.42
79907,31.71,-106.33
79908,31.83,-106.39
79910,31.69,-106.3
79911,31.69,-106.3
79912,31.9,-106.56
79913,31.94,-106.57
79914,31.69,-106.3
79915,31.75,-106.37
79916,31.74,-106.29
79917,31.69,-106.3
79918,31.83,-106.39
79920,31.82,-106.46
79922,31.8,-106.55
79923,31.69,-106.3
79924,31.87,-106.5
79925,31.77,-106.38
79926,31.69,-106.3
79927,31.66,-106.18
79928,31.68,-106.12
79929,31.69,-106.3
79930,31.81,-106.46
79931,31.69,-106.3
79932,31.88,-106.61
79934,31.96,-106.39
79935,31.77,-106.33
79936,31.71,-106.24
79937,31.69,-106.3
79938,31.85,-106.3
79940,31.69,-106.3
79941,31.69,-106.3
79942,31.69,-106.3
79943,31.69,-106.3
79944,31.69,-106.3
79945,31.69,-106.3
79946,31.69,-106.3
79947,31.69,-106.3
79948,31.69,-106.3
79949,31.69,-106.3
79950,31.69,-106.3
79951,31.69,-106.3
79952,31.69,-106.3
79953,31.69,-106.3
79954,31.69,-106.3
79955,31.69,-106.3
79958,31.69,-106.3
79960,31.69,-106.3
79961,31.69,-106.3
79966,31.69,-106.3
79968,31.77,-106.5
79973,31.69,-106.3
79974,31.69,-106.3
79975,31.69,-106.3
79976,31.69,-106.3
79977,31.69,-106.3
79978,31.8,-106.38
79980,31.69,-106.3
79982,31.69,-106.3
79983,31.69,-106.3
79984,31.69,-106.3
79985,31.69,-106.3
79986,31.69,-106.3
79987,31.69,-106.3
79988,31.69,-106.3
79989,31.69,-106.3
79990,31.69,-106.3
79991,31.69,-106.3
79992,31.69,-106.3
79993,31.69,-106.3
79994,31.69,-106.3
79995,31.69,-106.3
79996,31.69,-106.3
79997,31.69,-106.3
79998,31.69,-106.3
79999,31.69,-106.3
80001,39.52,-105.22
80002,39.83,-105.11
80003,39.84,-105.11
80004,39.81,-105.13
80005,39.86,-105.12
80006,39.52,-105.22
80007,39.86,-105.17
80010,39.72,-104.85
80011,39.79,-104.82
80012,39.68,-104.81
80013,39.66,-104.76
80014,39.66,-104.83
80015,39.67,-104.78
80016,39.6,-104.74
80017,39.7,-104.81
80018,39.69,-104.68
80019,39.78,-104.69
80020,40.05,-105.1
80021,39.89,-105.11
80022,39.87,-104.77
80024,39.84,-104.92
80025,39.93,-105.29
80026,40.03,-105.1
80027,39.98,-105.27
80028,40.09,-105.37
80030,39.87,-105.03
80031,39.88,-105.03
80033,39.78,-105.11
80034,39.52,-105.22
80035,39.81,-104.41
80036,39.81,-104.41
80037,39.81,-104.41
80038,40.09,-105.37
80040,39.81,-104.41
80041,39.74,-104.41
80042,39.81,-104.41
80044,39.74,-104.41
80045,39.75,-104.84
80046,39.74,-104.41
80047,39.74,-104.41
80101,39.38,-104.08
80102,39.87,-104.46
80103,39.65,-104.16
80104,39.37,-104.85
80105,39.66,-103.95
80106,39.21,-104.51
80107,39.38,-104.5
80110,39.65,-104.97
80111,39.67,-104.86
80112,39.58,-104.86
80116,39.3,-104.76
80117,39.37,-104.42
80118,39.21,-104.95
80120,39.6,-105.01
80121,39.61,-104.89
80122,39.58,-104.96
80123,39.62,-105.09
80124,39.53,-104.91
80125,39.5,-105.06
80126,39.54,-104.97
80127,39.54,-105.15
80128,39.59,-105.08
80129,39.55,-105.01
80130,39.53,-104.92
80131,39.35,-104.99
80132,39.09,-104.81
80133,39.11,-104.9
80134,39.49,-104.84
80135,39.31,-105.07
80136,39.87,-104.29
80137,39.8,-104.63
80138,39.51,-104.72
80150,39.74,-104.41
80151,39.74,-104.41
80154,39.74,-104.41
80155,39.74,-104.41
80160,39.74,-104.41
80161,39.74,-104.41
80162,39.52,-105.22
80163,39.35,-104.99
80165,39.74,-104.41
80166,39.74,-104.41
80201,39.73,-104.86
80202,39.76,-105.0
80203,39.73,-104.97
80204,39.72,-105.02
80205,39.76,-104.97
80206,39.73,-104.95
80207,39.71,-104.9
80208,39.74,-104.41
80209,39.71,-104.96
80210,39.7,-104.96
80211,39.77,-105.02
80212,39.77,-105.05
80214,39.74,-105.06
80215,39.74,-105.1
80216,39.78,-104.94
80217,39.74,-104.41
80218,39.72,-104.97
80219,39.7,-105.03
80220,39.73,-104.91
80221,39.84,-105.0
80222,39.71,-104.92
80223,39.71,-105.01
80224,39.7,-104.91
80225,39.7,-105.12
80226,39.71,-105.09
80227,39.67,-105.07
80228,39.69,-105.16
80229,39.87,-104.92
80230,39.72,-104.9
80231,39.68,-104.89
80232,39.69,-105.09
80233,39.9,-104.94
80234,39.91,-105.01
80235,39.65,-105.07
80236,39.65,-105.03
80237,39.64,-104.9
80238,39.74,-104.41
80239,39.8,-104.81
80241,39.93,-104.95
80243,39.74,-104.41
80244,39.74,-104.41
80246,39.71,-104.93
80248,39.74,-104.41
80249,39.84,-104.7
80250,39.74,-104.41
80251,39.74,-104.41
80252,39.74,-104.41
80254,39.74,-104.41
80255,39.74,-104.41
80256,39.75,-104.99
80257,39.74,-104.41
80259,39.75,-104.99
80260,39.87,-105.0
80261,39.74,-104.99
80262,39.73,-104.94
80263,39.74,-104.41
80264,39.74,-104.99
80265,39.74,-104.41
80266,39.75,-104.99
80270,39.74,-104.41
80271,39.74,-104.41
80273,39.73,-104.99
80274,39.74,-104.99
80275,39.74,-104.41
80279,39.74,-104.41
80280,39.72,-104.91
80281,39.74,-104.99
80290,39.74,-104.99
80291,39.74,-104.99
80292,39.75,-104.99
80293,39.75,-104.99
80294,39.75,-104.99
80295,39.75,-104.99
80299,39.74,-104.41
80301,40.09,-105.28
80302,40.06,-105.39
80303,40.07,-105.27
80304,40.11,-105.37
80305,39.98,-105.25
80306,40.1,-105.38
80307,40.09,-105.37
80308,40.03,-105.39
80309,40.09,-105.37
80310,40.09,-105.37
80314,40.09,-105.37
80321,40.09,-105.37
80322,40.09,-105.37
80323,40.09,-105.37
80328,40.09,-105.37
80329,40.09,-105.37
80401,39.72,-105.25
80402,39.52,-105.22
80403,39.83,-105.27
80419,39.52,-105.22
80420,39.3,-106.06
80421,39.2,-105.75
80422,39.82,-105.48
80423,39.86,-106.63
80424,39.48,-106.02
80425,39.33,-105.25
80426,39.78,-106.9
80427,39.82,-105.55
80428,40.73,-106.91
80429,39.23,-106.31
80430,40.48,-106.45
80432,39.16,-105.82
80433,39.47,-105.28
80434,40.66,-106.36
80435,39.6,-105.97
80436,39.75,-105.64
80437,39.52,-105.22
80438,39.76,-105.67
80439,39.63,-105.33
80440,39.15,-105.89
80442,39.96,-105.79
80443,39.56,-106.13
80444,39.73,-105.76
80446,40.07,-105.93
80447,40.15,-105.85
80448,39.46,-105.66
80449,38.97,-105.88
80451,40.07,-106.07
80452,39.71,-105.54
80453,39.67,-105.24
80454,39.65,-105.25
80455,40.1,-105.42
80456,39.28,-105.69
80457,39.65,-105.28
80459,40.15,-106.38
80461,39.22,-106.36
80463,39.83,-106.77
80465,39.61,-105.2
80466,40.0,-105.5
80467,40.32,-106.94
80468,39.95,-106.09
80469,40.19,-106.97
80470,39.36,-105.31
80471,39.95,-105.46
80473,40.47,-106.19
80474,39.88,-105.55
80475,39.44,-105.6
80476,39.7,-105.75
80477,40.35,-106.93
80478,39.98,-105.86
80479,40.07,-106.85
80480,40.68,-106.25
80481,40.06,-105.47
80482,39.95,-105.82
80483,40.13,-106.91
80487,40.63,-106.93
80488,40.62,-106.86
80497,39.64,-106.11
80498,39.76,-106.22
80501,40.17,-105.16
80502,40.09,-105.37
80503,40.16,-105.21
80504,40.13,-104.97
80510,40.21,-105.51
80511,40.63,-105.57
80512,40.61,-105.53
80513,40.53,-105.32
80514,40.2,-104.91
80515,40.43,-105.38
80516,40.06,-104.92
80517,40.37,-105.32
80520,40.12,-104.94
80521,40.59,-105.3
80522,40.64,-105.06
80523,40.46,-105.46
80524,40.6,-105.25
80525,40.53,-105.21
80526,40.59,-105.32
80527,40.54,-105.28
80528,40.53,-105.03
80530,40.12,-104.94
80532,40.46,-105.45
80533,40.18,-105.23
80534,40.32,-104.87
80535,40.59,-105.26
80536,40.69,-105.44
80537,40.55,-105.27
80538,40.55,-105.18
80539,40.39,-105.16
80540,40.19,-105.36
80541,40.53,-105.37
80542,40.33,-104.89
80543,40.39,-104.84
80544,40.18,-105.28
80545,40.61,-105.64
80546,40.52,-104.85
80547,40.71,-105.02
80549,40.8,-105.09
80550,40.31,-104.94
80551,40.46,-104.89
80553,40.63,-105.57
80601,39.94,-104.79
80602,39.97,-104.91
80603,39.95,-104.66
80610,40.68,-104.61
80611,40.44,-104.24
80612,40.6,-104.87
80614,39.81,-104.41
80615,40.35,-104.66
80620,40.26,-104.79
80621,40.36,-104.65
80622,40.54,-104.5
80623,40.25,-104.8
80624,40.48,-104.59
80631,40.38,-104.68
80632,40.38,-104.76
80633,40.5,-104.31
80634,40.28,-104.8
80638,40.5,-104.31
80639,40.4,-104.7
80640,39.88,-104.88
80642,40.11,-104.67
80643,40.09,-104.51
80644,40.47,-104.47
80645,40.33,-104.67
80646,40.48,-104.71
80648,40.49,-104.63
80649,40.41,-104.08
80650,40.65,-104.74
80651,40.22,-104.71
80652,40.09,-104.28
80653,40.38,-103.97
80654,40.16,-104.05
80701,40.26,-103.85
80705,40.27,-103.83
80720,40.07,-103.2
80721,40.61,-102.36
80722,40.53,-103.2
80723,40.22,-103.61
80726,40.85,-103.07
80727,40.06,-102.48
80728,40.6,-102.87
80729,40.82,-104.17
80731,40.6,-102.52
80732,40.98,-104.31
80733,40.35,-103.51
80734,40.59,-102.27
80735,39.82,-102.43
80736,40.78,-102.96
80737,40.88,-102.35
80740,39.79,-103.41
80741,40.63,-103.41
80742,40.74,-103.88
80743,40.16,-103.04
80744,40.88,-102.36
80745,40.88,-103.37
80746,40.61,-102.47
80747,40.83,-103.16
80749,40.88,-102.44
80750,40.42,-103.61
80751,40.72,-103.21
80754,40.74,-104.0
80755,39.81,-102.43
80757,39.8,-103.58
80758,40.07,-102.39
80759,40.06,-102.62
80801,39.69,-103.14
80802,38.85,-102.52
80804,39.32,-103.32
80805,39.29,-102.43
80807,39.31,-102.46
80808,38.94,-104.28
80809,38.95,-104.99
80810,38.83,-102.41
80812,39.68,-102.99
80813,38.83,-105.15
80814,38.92,-105.19
80815,39.33,-102.78
80816,38.86,-105.19
80817,38.66,-104.65
80818,39.35,-103.49
80819,38.94,-105.01
80820,38.84,-105.56
80821,39.02,-103.46
80822,39.96,-102.5
80823,38.81,-103.47
80824,39.66,-102.55
80825,38.83,-102.6
80826,39.04,-103.6
80827,38.98,-105.51
80828,39.32,-103.59
80829,38.85,-104.93
80830,39.11,-103.9
80831,38.98,-104.53
80832,39.04,-104.16
80833,38.82,-104.12
80834,39.32,-102.88
80835,39.21,-104.07
80836,39.3,-102.67
80840,38.98,-104.86
80841,38.82,-104.56
80860,38.73,-105.13
80861,39.31,-102.74
80862,38.8,-103.08
80863,38.92,-105.17
80864,38.74,-104.19
80866,39.04,-105.16
80901,38.86,-104.86
80903,38.83,-104.81
80904,38.86,-104.87
80905,38.84,-104.8
80906,38.8,-104.84
80907,38.94,-104.81
80908,39.02,-104.71
80909,38.84,-104.85
80910,38.8,-104.77
80911,38.92,-104.79
80912,38.82,-104.56
80913,38.73,-104.75
80914,38.82,-104.7
80915,38.87,-104.75
80916,38.81,-104.72
80917,38.83,-104.75
80918,38.9,-104.81
80919,38.94,-104.92
80920,38.97,-104.76
80921,39.06,-104.89
80922,38.9,-104.7
80925,38.74,-104.65
80926,38.64,-104.88
80928,38.65,-104.4
80929,38.85,-104.62
80930,38.82,-104.49
80931,38.95,-104.61
80932,38.82,-104.56
80933,38.94,-105.01
80934,38.82,-104.56
80935,38.82,-104.56
80936,38.82,-104.56
80937,38.82,-104.56
80940,38.82,-104.56
80941,38.82,-104.56
80942,38.82,-104.56
80943,38.82,-104.56
80944,38.82,-104.56
80945,38.82,-104.56
80946,38.82,-104.56
80947,38.82,-104.56
80949,38.82,-104.56
80950,38.82,-104.56
80960,38.82,-104.56
80962,38.82,-104.56
80970,38.82,-104.56
80977,38.82,-104.56
80995,38.82,-104.56
80997,38.82,-104.56
81001,38.34,-104.43
81002,38.13,-104.55
81003,38.12,-104.76
81004,38.09,-104.82
81005,38.15,-104.84
81006,38.11,-104.52
81007,38.39,-104.78
81008,38.4,-104.64
81009,38.13,-104.55
81010,38.13,-104.55
81011,38.13,-104.55
81012,38.13,-104.55
81013,38.13,-104.55
81014,38.13,-104.55
81015,38.13,-104.55
81019,37.89,-104.61
81020,37.38,-104.65
81021,38.43,-103.37
81022,38.1,-104.53
81023,38.13,-104.64
81024,37.21,-104.72
81025,38.32,-104.21
81027,37.23,-103.72
81029,37.18,-102.47
81030,38.1,-103.54
81033,38.23,-103.8
81034,38.32,-103.78
81036,38.44,-102.55
81038,37.96,-103.07
81039,37.98,-103.97
81040,37.79,-105.18
81041,37.87,-102.37
81042,37.32,-104.73
81043,38.12,-102.22
81044,37.96,-103.02
81045,38.44,-103.13
81046,37.28,-104.36
81047,37.96,-102.34
81049,37.33,-103.37
81050,37.95,-103.66
81052,37.96,-102.44
81054,37.92,-103.09
81055,37.51,-105.06
81057,38.09,-102.89
81058,38.08,-103.89
81059,37.52,-104.22
81062,38.33,-103.95
81063,38.32,-103.78
81064,37.27,-102.91
81066,37.71,-105.34
81067,38.0,-103.71
81069,37.94,-104.87
81071,38.44,-102.6
81073,37.37,-102.68
81074,37.12,-104.52
81076,38.32,-103.6
81077,38.05,-103.62
81081,37.1,-104.13
81082,37.27,-104.5
81084,37.52,-102.43
81087,37.34,-102.49
81089,37.65,-104.78
81090,37.37,-102.27
81091,37.19,-104.8
81092,38.19,-102.71
81101,37.48,-105.79
81102,37.48,-105.88
81120,37.14,-106.19
81121,37.11,-107.31
81122,37.29,-107.74
81123,37.44,-105.57
81124,37.3,-106.13
81125,37.87,-106.05
81126,37.33,-105.45
81127,37.25,-107.32
81128,37.13,-106.82
81129,37.1,-106.03
81130,37.76,-106.98
81131,37.95,-105.69
81132,37.64,-106.41
81133,37.4,-105.42
81134,37.09,-105.53
81135,37.62,-106.38
81136,37.7,-105.87
81137,37.11,-107.66
81138,37.2,-105.43
81140,37.28,-106.01
81141,37.18,-105.93
81143,38.07,-105.82
81144,37.57,-106.35
81146,37.63,-105.77
81147,37.2,-107.13
81148,37.17,-105.99
81149,38.18,-106.35
81151,37.26,-105.85
81152,37.11,-105.48
81153,37.2,-105.42
81154,37.64,-106.6
81155,38.31,-106.05
81157,37.27,-107.09
81201,38.63,-106.12
81210,38.82,-106.66
81211,38.89,-106.18
81212,38.48,-105.51
81215,38.48,-105.48
81220,38.42,-107.53
81221,38.34,-105.16
81222,38.38,-105.78
81223,38.44,-105.5
81224,38.88,-106.95
81225,38.9,-106.96
81226,38.36,-105.25
81227,38.55,-106.24
81228,39.03,-106.26
81230,38.53,-107.04
81231,38.7,-106.94
81232,38.29,-105.64
81233,38.41,-105.77
81235,38.03,-107.28
81236,38.75,-106.25
81237,38.59,-106.6
81239,38.54,-106.64
81240,38.41,-105.05
81241,38.59,-106.57
81242,38.47,-106.1
81243,38.27,-107.3
81244,38.34,-105.22
81246,38.48,-105.48
81247,38.46,-107.29
81248,38.4,-106.42
81251,39.15,-106.42
81252,38.1,-105.42
81253,38.12,-105.15
81290,38.36,-105.11
81301,37.32,-107.88
81302,37.36,-107.94
81303,37.13,-107.84
81320,37.72,-108.79
81321,37.37,-108.66
81323,37.47,-108.35
81324,37.71,-108.92
81325,37.93,-108.85
81326,37.21,-108.14
81327,37.46,-108.66
81328,37.34,-108.47
81329,37.09,-108.13
81330,37.32,-108.51
81331,37.55,-108.83
81332,37.69,-108.03
81334,37.32,-108.51
81335,37.51,-108.74
81401,38.44,-108.05
81402,38.49,-107.89
81410,38.81,-107.98
81411,38.35,-108.94
81413,38.88,-107.8
81414,38.79,-107.99
81415,38.77,-107.63
81416,38.79,-107.97
81418,38.88,-107.96
81419,38.86,-107.75
81420,38.78,-107.78
81421,38.94,-107.94
81422,38.27,-108.57
81423,38.03,-108.32
81424,38.31,-108.58
81425,38.5,-108.08
81426,37.84,-107.86
81427,38.09,-107.73
81428,38.88,-107.61
81429,38.37,-108.97
81430,38.06,-107.99
81431,38.19,-108.42
81432,38.18,-107.73
81433,37.85,-107.68
81434,38.99,-107.23
81435,37.98,-107.96
81501,39.07,-108.58
81502,39.02,-108.48
81503,39.01,-108.59
81504,39.12,-108.59
81505,39.15,-108.63
81506,39.09,-108.57
81520,39.08,-108.4
81521,39.15,-108.69
81522,38.68,-108.97
81523,38.99,-108.78
81524,39.26,-108.78
81525,39.25,-108.93
81526,39.1,-108.3
81527,38.81,-108.6
81601,39.5,-107.59
81602,39.51,-107.33
81610,40.37,-108.28
81611,39.17,-106.78
81612,39.22,-106.88
81615,39.21,-106.87
81620,39.63,-106.51
81621,39.5,-106.8
81623,39.48,-107.39
81624,39.21,-107.93
81625,40.61,-108.01
81626,40.67,-107.78
81630,39.29,-108.21
81631,39.61,-106.81
81632,39.64,-106.62
81633,40.38,-108.4
81635,39.46,-107.88
81636,39.43,-108.02
81637,39.62,-106.9
81638,40.3,-107.67
81639,40.44,-107.28
81640,40.67,-108.37
81641,39.97,-108.04
81642,39.29,-106.72
81643,39.15,-108.17
81645,39.58,-106.42
81646,39.17,-108.08
81647,39.6,-107.57
81648,39.94,-108.65
81649,39.46,-106.39
81650,39.58,-107.79
81652,39.5,-107.67
81653,41.0,-107.34
81654,39.25,-106.92
81655,39.79,-106.7
81656,39.28,-106.9
81657,39.58,-106.45
81658,39.62,-106.5
82001,41.25,-104.56
82002,41.33,-104.67
82003,41.22,-104.66
82005,41.14,-104.86
82006,41.33,-104.67
82007,41.21,-104.67
82008,41.33,-104.67
82009,41.38,-104.66
82010,41.33,-104.67
82050,41.34,-104.25
82051,41.46,-105.68
82052,41.11,-105.33
82053,41.24,-104.38
82054,41.1,-104.36
82055,41.31,-105.85
82058,42.2,-105.68
82059,41.05,-105.15
82060,41.21,-104.49
82061,41.44,-105.14
82063,41.05,-106.08
82070,41.44,-105.8
82071,41.72,-105.8
82072,41.58,-105.71
82073,41.31,-105.62
82081,41.51,-104.44
82082,41.28,-104.21
82083,42.02,-105.51
82084,41.27,-105.49
82190,44.8,-110.61
82201,42.01,-104.97
82210,41.74,-104.87
82212,42.21,-104.52
82213,42.48,-104.98
82214,42.26,-104.79
82215,42.32,-104.72
82217,42.09,-104.35
82218,42.09,-104.35
82219,42.09,-104.35
82221,42.09,-104.35
82222,43.15,-104.59
82223,42.14,-104.35
82224,42.99,-104.92
82225,42.96,-104.39
82227,42.73,-104.7
82229,42.79,-105.06
82240,42.07,-104.19
82242,42.7,-104.14
82243,42.09,-104.35
82244,42.09,-104.35
82301,41.54,-106.92
82310,42.47,-107.76
82321,41.03,-107.57
82322,42.24,-107.56
82323,41.03,-107.64
82324,41.69,-106.41
82325,41.22,-106.79
82327,41.87,-106.55
82329,41.83,-106.18
82331,41.5,-106.75
82332,41.03,-107.63
82334,41.78,-107.12
82335,41.72,-107.0
82336,41.85,-107.85
82401,44.01,-108.14
82410,44.35,-108.17
82411,44.44,-108.47
82412,44.78,-108.54
82414,44.54,-109.44
82420,44.88,-108.46
82421,44.7,-108.34
82422,44.58,-107.88
82423,44.97,-108.62
82426,44.48,-108.13
82427,43.77,-108.45
82428,44.22,-107.68
82430,43.8,-108.18
82431,44.58,-108.26
82432,44.3,-107.86
82433,44.17,-108.92
82434,44.53,-108.42
82435,44.62,-108.95
82440,44.69,-108.88
82441,44.6,-107.79
82442,43.91,-107.53
82443,43.78,-108.38
82450,44.46,-109.42
82501,43.18,-108.93
82510,43.04,-108.58
82512,43.36,-109.22
82513,43.55,-109.7
82514,43.06,-108.88
82515,42.9,-108.58
82516,43.27,-108.93
82520,42.92,-108.59
82523,43.36,-108.7
82524,43.0,-108.57
82601,42.86,-106.31
82602,42.89,-106.36
82604,42.97,-106.89
82605,42.97,-106.81
82609,42.81,-106.27
82615,41.72,-107.0
82620,42.53,-106.76
82630,42.97,-106.81
82631,42.89,-105.49
82633,42.89,-105.39
82635,43.41,-106.26
82636,42.9,-106.18
82637,42.78,-105.87
82638,42.97,-106.81
82639,43.72,-106.54
82640,43.57,-106.17
82642,43.28,-107.82
82643,43.41,-106.28
82644,42.95,-106.44
82646,42.97,-106.81
82648,42.97,-106.81
82649,43.19,-108.01
82701,43.84,-104.57
82710,44.74,-104.29
82711,44.69,-104.44
82712,44.54,-104.07
82713,44.53,-104.77
82714,44.52,-104.69
82715,43.84,-104.57
82716,44.38,-105.55
82717,44.3,-105.5
82718,43.93,-105.55
82720,44.68,-104.66
82721,44.42,-104.84
82723,44.05,-104.36
82725,44.85,-105.67
82727,44.41,-105.53
82729,44.35,-104.42
82730,43.94,-104.62
82731,44.77,-105.36
82732,43.76,-105.52
82801,44.78,-106.84
82831,44.73,-106.39
82832,44.77,-106.56
82833,44.65,-107.02
82834,44.12,-106.56
82835,44.77,-106.43
82836,44.87,-107.33
82837,44.78,-106.28
82838,44.81,-107.14
82839,44.92,-107.17
82840,44.5,-106.87
82842,44.58,-106.9
82844,44.85,-107.19
82845,44.75,-106.69
82901,41.63,-109.15
82902,41.63,-108.96
82922,43.22,-110.15
82923,42.72,-109.58
82925,43.13,-109.98
82929,41.76,-109.75
82930,41.23,-110.66
82931,41.26,-110.92
82932,42.08,-109.42
82933,41.3,-110.4
82934,41.54,-109.76
82935,41.51,-109.43
82936,41.02,-110.17
82937,41.33,-110.3
82938,41.25,-109.28
82939,41.23,-110.34
82941,42.85,-109.94
82942,41.65,-108.53
82943,41.67,-109.19
82944,41.1,-110.5
82945,41.76,-108.97
83001,43.45,-110.74
83002,43.51,-110.79
83011,43.95,-110.55
83012,43.55,-110.75
83013,43.95,-110.55
83014,43.48,-110.84
83025,43.44,-110.69
83101,42.37,-110.51
83110,42.71,-110.62
83111,42.48,-110.98
83112,42.87,-110.94
83113,42.65,-110.12
83114,42.25,-110.94
83115,42.79,-110.19
83116,41.78,-110.54
83118,43.04,-111.01
83119,42.67,-111.01
83120,43.03,-111.0
83121,41.8,-110.54
83122,42.79,-110.94
83123,42.21,-110.29
83124,41.78,-110.28
83126,42.59,-110.92
83127,42.96,-110.97
83128,43.03,-110.88
83201,42.77,-112.26
83202,42.94,-112.47
83203,43.03,-112.43
83204,42.73,-112.34
83205,42.81,-112.41
83206,42.64,-112.31
83209,42.64,-112.31
83210,43.0,-112.84
83211,42.64,-112.95
83212,42.51,-112.54
83213,43.63,-113.21
83214,42.57,-112.26
83215,43.24,-112.3
83217,42.81,-111.53
83218,43.3,-112.18
83220,42.3,-111.37
83221,43.25,-112.46
83223,42.19,-111.47
83226,44.51,-114.22
83227,44.22,-114.31
83228,42.21,-112.0
83229,44.97,-113.82
83230,42.72,-111.6
83232,42.15,-111.98
83233,42.18,-111.22
83234,42.47,-112.12
83235,44.22,-114.31
83236,43.3,-112.11
83237,42.03,-111.79
83238,42.33,-111.09
83239,42.47,-111.44
83241,42.53,-111.77
83243,42.23,-112.6
83244,43.91,-113.09
83245,42.67,-112.25
83246,42.6,-112.06
83250,42.61,-112.21
83251,44.02,-113.74
83252,42.24,-112.56
83253,44.97,-113.82
83254,42.29,-111.3
83255,43.73,-113.45
83256,43.22,-112.44
83261,42.22,-111.42
83262,43.13,-112.63
83263,42.21,-111.81
83271,42.49,-112.84
83272,42.1,-111.33
83274,43.35,-112.12
83276,42.77,-111.63
83277,43.08,-112.67
83278,44.37,-114.86
83281,42.32,-111.98
83283,42.38,-111.68
83285,42.89,-111.27
83286,42.06,-112.01
83287,42.04,-111.44
83301,42.44,-114.63
83302,42.17,-114.82
83303,42.46,-114.52
83311,42.34,-113.46
83312,42.08,-113.63
83313,43.39,-114.22
83314,42.92,-114.89
83316,42.59,-114.83
83318,42.4,-113.85
83320,43.39,-114.08
83321,42.4,-114.78
83322,43.53,-114.73
83323,42.52,-113.43
83324,42.89,-114.29
83325,42.59,-114.25
83327,43.37,-114.69
83328,42.54,-114.62
83330,42.91,-114.77
83332,42.81,-114.86
83333,43.54,-114.31
83334,42.45,-114.21
83335,42.6,-114.07
83336,42.56,-113.81
83337,43.33,-114.8
83338,42.74,-114.37
83340,43.67,-114.49
83341,42.51,-114.37
83342,42.27,-113.39
83343,42.77,-113.51
83344,42.48,-114.12
83346,42.19,-113.87
83347,42.68,-113.79
83348,43.3,-114.02
83349,43.06,-114.21
83350,42.69,-113.65
83352,43.06,-114.41
83353,43.68,-114.53
83354,43.59,-114.32
83355,42.75,-114.73
83401,43.52,-111.69
83402,43.52,-112.13
83403,43.42,-111.33
83404,43.43,-111.66
83405,43.32,-111.78
83406,43.44,-111.96
83415,43.32,-111.78
83420,44.02,-111.43
83421,44.0,-111.54
83422,43.71,-111.16
83423,44.18,-112.22
83424,43.87,-111.15
83425,43.88,-112.26
83427,43.41,-111.85
83428,43.39,-111.25
83429,44.41,-111.43
83431,43.69,-112.02
83433,44.32,-111.6
83434,43.71,-112.04
83435,43.87,-112.45
83436,43.9,-111.59
83438,44.32,-111.6
83440,43.79,-111.77
83441,43.78,-111.69
83442,43.69,-111.89
83443,43.64,-111.71
83444,43.7,-112.17
83445,43.96,-111.7
83446,44.27,-112.31
83447,44.32,-111.6
83448,43.85,-111.69
83449,43.51,-111.4
83450,43.86,-112.44
83451,43.89,-111.65
83452,43.78,-111.21
83454,43.59,-111.96
83455,43.64,-111.13
83460,43.78,-111.69
83462,44.97,-113.82
83463,44.97,-113.82
83464,44.97,-113.82
83465,44.97,-113.82
83466,45.61,-113.97
83467,45.17,-113.92
83468,44.97,-113.82
83469,44.97,-113.82
83501,46.36,-116.86
83520,46.51,-116.3
83522,45.69,-115.6
83523,46.27,-116.54
83524,46.4,-116.65
83525,45.82,-115.79
83526,46.15,-116.39
83530,45.87,-116.2
83531,45.89,-115.56
83533,45.89,-115.56
83535,46.58,-116.74
83536,46.22,-116.03
83537,46.66,-116.57
83539,46.12,-115.95
83540,46.4,-116.81
83541,46.55,-116.38
83542,45.54,-116.32
83543,46.3,-116.26
83544,46.5,-116.18
83545,46.45,-116.52
83546,46.44,-115.8
83547,45.33,-116.36
83548,46.32,-116.54
83549,45.4,-116.35
83551,46.4,-116.8
83552,46.12,-115.97
83553,46.38,-115.92
83554,45.89,-115.56
83555,46.24,-116.54
83601,43.85,-115.25
83602,44.09,-116.07
83604,42.61,-115.84
83605,43.63,-116.72
83606,43.72,-116.8
83607,43.62,-116.75
83610,44.64,-116.69
83611,44.69,-115.64
83612,44.85,-116.55
83615,44.67,-116.04
83616,43.74,-116.41
83617,43.91,-116.49
83619,43.97,-116.9
83620,44.82,-116.43
83622,44.09,-115.91
83623,42.95,-115.31
83624,43.3,-116.51
83626,43.68,-116.76
83627,42.95,-115.38
83628,43.64,-116.97
83629,43.97,-116.12
83630,43.6,-116.79
83631,43.88,-115.71
83632,44.56,-116.46
83633,42.98,-115.19
83634,43.46,-116.34
83635,44.68,-115.45
83636,43.9,-116.65
83637,44.11,-115.48
83638,44.75,-116.06
83639,43.39,-116.73
83641,43.39,-116.58
83642,43.58,-116.42
83643,44.63,-116.45
83644,43.58,-116.59
83645,44.38,-116.65
83647,43.16,-115.72
83648,43.01,-115.59
83650,42.84,-116.03
83651,43.6,-116.61
83652,43.71,-116.62
83653,43.59,-116.75
83654,45.09,-116.3
83655,43.96,-116.81
83656,43.73,-116.8
83657,44.24,-116.27
83660,43.79,-116.9
83661,44.06,-116.75
83666,44.0,-115.97
83669,43.71,-116.49
83670,43.99,-116.33
83671,45.89,-115.56
83672,44.3,-116.86
83676,43.66,-116.92
83677,44.68,-115.45
83680,43.46,-116.24
83686,43.55,-116.61
83687,43.6,-116.55
83701,43.6,-116.27
83702,43.66,-116.2
83703,43.68,-116.25
83704,43.64,-116.29
83705,43.57,-116.22
83706,43.48,-116.14
83707,43.38,-116.0
83708,43.46,-116.24
83709,43.56,-116.28
83711,43.46,-116.24
83712,43.59,-116.14
83713,43.63,-116.34
83714,43.64,-116.28
83715,43.46,-116.24
83716,43.44,-116.08
83717,43.46,-116.24
83719,43.46,-116.24
83720,43.46,-116.24
83721,43.46,-116.24
83722,43.46,-116.24
83723,43.46,-116.24
83724,43.62,-116.2
83725,43.46,-116.24
83726,43.46,-116.24
83727,43.46,-116.24
83728,43.46,-116.24
83729,43.46,-116.24
83730,43.46,-116.24
83731,43.46,-116.24
83732,43.46,-116.24
83733,43.46,-116.24
83735,43.46,-116.24
83744,43.46,-116.24
83756,43.46,-116.24
83757,43.46,-116.24
83788,43.61,-116.28
83799,43.46,-116.24
83801,47.92,-116.69
83802,47.5,-115.64
83803,47.98,-116.55
83804,48.27,-116.6
83805,48.81,-116.4
83806,46.87,-116.41
83808,47.5,-115.64
83809,48.05,-116.59
83810,47.53,-116.45
83811,48.12,-116.13
83812,46.97,-116.28
83813,48.09,-116.61
83814,47.73,-116.78
83815,47.84,-116.72
83816,47.68,-116.68
83821,48.61,-116.85
83822,48.16,-116.98
83823,46.78,-116.53
83824,47.15,-116.92
83825,48.37,-116.55
83826,48.75,-116.54
83827,46.78,-116.21
83830,47.11,-116.53
83832,46.6,-116.9
83833,47.5,-116.75
83834,46.92,-116.72
83835,47.8,-116.74
83836,48.25,-116.28
83837,47.52,-116.02
83839,47.57,-116.15
83840,48.31,-116.52
83841,48.18,-116.82
83842,47.46,-116.66
83843,46.74,-116.87
83844,46.84,-116.68
83845,48.7,-116.31
83846,47.47,-115.77
83847,48.69,-116.3
83848,48.61,-116.93
83849,47.52,-116.02
83850,47.49,-116.04
83851,47.24,-116.86
83852,48.41,-116.73
83853,48.75,-116.54
83854,47.8,-116.95
83855,46.95,-116.94
83856,48.32,-116.67
83857,46.88,-116.8
83858,47.85,-116.84
83860,48.19,-116.64
83861,47.28,-116.65
83862,48.37,-116.55
83864,48.3,-116.55
83865,48.36,-116.63
83866,47.15,-116.43
83867,47.5,-115.97
83868,47.54,-116.21
83869,47.94,-116.81
83870,47.15,-116.92
83871,46.76,-116.71
83872,46.87,-116.97
83873,47.55,-116.01
83874,47.5,-115.64
83876,47.46,-116.9
83877,47.68,-116.68
83888,48.37,-116.55
84001,40.32,-110.44
84002,40.32,-110.44
84003,40.4,-111.8
84004,40.46,-111.77
84006,40.59,-112.08
84007,40.31,-110.23
84008,40.44,-109.51
84010,40.87,-111.87
84011,40.96,-112.12
84013,40.18,-111.92
84014,40.93,-111.89
84015,41.02,-112.0
84016,40.89,-111.89
84017,40.84,-111.32
84018,41.09,-111.49
84020,40.51,-111.87
84021,40.19,-110.31
84022,40.27,-112.69
84023,40.94,-109.43
84024,40.99,-111.45
84025,40.97,-111.91
84026,40.29,-109.85
84027,40.32,-110.44
84028,41.91,-111.38
84029,40.56,-112.54
84030,40.16,-109.55
84031,40.43,-110.81
84032,40.52,-111.35
84033,41.02,-111.5
84034,40.49,-113.1
84035,40.34,-109.39
84036,40.67,-111.31
84037,40.96,-111.93
84038,41.86,-111.35
84039,40.49,-109.77
84040,41.09,-111.93
84041,41.06,-111.99
84042,40.34,-111.72
84043,40.32,-111.92
84044,40.7,-112.09
84046,40.99,-109.7
84047,40.61,-111.89
84049,40.49,-111.49
84050,41.07,-111.7
84051,40.32,-110.44
84052,40.2,-110.05
84053,40.32,-110.44
84054,40.84,-111.92
84055,40.72,-111.25
84056,41.12,-111.99
84057,40.31,-111.72
84058,40.28,-111.72
84059,40.18,-111.54
84060,40.71,-111.45
84061,40.74,-111.35
84062,40.39,-111.73
84063,40.3,-109.81
84064,41.69,-111.18
84065,40.5,-112.01
84066,40.27,-110.11
84067,41.18,-112.05
84068,40.67,-111.51
84069,40.36,-112.47
84070,40.58,-111.86
84071,40.44,-112.36
84072,40.36,-110.72
84073,40.32,-110.44
84074,40.62,-113.14
84075,41.1,-112.08
84076,40.43,-109.84
84078,40.37,-109.56
84079,40.16,-109.55
84080,40.09,-112.46
84082,40.41,-111.39
84083,40.73,-113.99
84084,40.61,-111.98
84085,40.37,-109.91
84086,41.47,-111.18
84087,40.89,-111.93
84088,40.59,-111.98
84089,40.96,-112.12
84090,40.67,-111.91
84091,40.67,-111.91
84092,40.58,-111.75
84093,40.6,-111.82
84094,40.57,-111.86
84095,40.55,-111.95
84097,40.3,-111.67
84098,40.7,-111.55
84101,40.76,-111.9
84102,40.76,-111.86
84103,40.79,-111.87
84104,40.75,-111.98
84105,40.74,-111.86
84106,40.71,-111.84
84107,40.66,-111.89
84108,40.78,-111.75
84109,40.71,-111.74
84110,40.67,-111.91
84111,40.76,-111.88
84112,40.77,-111.84
84113,40.77,-111.84
84114,40.67,-111.91
84115,40.71,-111.89
84116,40.8,-112.0
84117,40.66,-111.83
84118,40.65,-112.01
84119,40.63,-111.91
84120,40.7,-112.0
84121,40.62,-111.78
84122,40.67,-111.91
84123,40.66,-111.92
84124,40.65,-111.82
84125,40.67,-111.91
84126,40.67,-111.91
84127,40.67,-111.91
84128,40.7,-112.04
84130,40.67,-111.91
84131,40.67,-111.91
84132,40.77,-111.84
84133,40.77,-111.89
84134,40.67,-111.91
84135,40.67,-111.91
84136,40.77,-111.89
84138,40.67,-111.75
84139,40.67,-111.91
84140,40.77,-111.93
84141,40.67,-111.91
84142,40.67,-111.91
84143,40.79,-111.9
84144,40.77,-111.89
84145,40.67,-111.91
84147,40.67,-111.91
84148,40.76,-111.84
84150,40.67,-111.91
84151,40.67,-111.91
84152,40.73,-111.66
84153,40.67,-111.91
84157,40.67,-111.91
84158,40.77,-111.76
84165,40.67,-111.91
84170,40.67,-111.91
84171,40.67,-111.91
84180,40.77,-111.9
84184,40.68,-111.96
84189,40.67,-111.91
84190,40.67,-111.91
84199,40.73,-111.94
84201,41.24,-112.01
84244,41.26,-111.96
84301,41.61,-112.12
84302,41.54,-112.06
84304,41.82,-112.0
84305,41.92,-112.03
84306,41.78,-112.07
84307,41.45,-112.39
84308,41.94,-111.97
84309,41.71,-112.1
84310,41.34,-111.74
84311,41.63,-112.09
84312,41.8,-112.14
84313,41.5,-112.96
84314,41.65,-112.1
84315,41.18,-112.1
84316,41.77,-112.4
84317,41.27,-111.72
84318,41.8,-111.81
84319,41.72,-111.88
84320,41.82,-111.87
84321,41.77,-111.89
84322,41.64,-111.9
84323,41.68,-111.78
84324,41.49,-111.94
84325,41.72,-111.99
84326,41.68,-111.82
84327,41.92,-112.0
84328,41.55,-111.81
84329,41.81,-113.52
84330,41.88,-112.14
84331,41.91,-112.18
84332,41.8,-111.92
84333,41.88,-111.8
84334,41.79,-112.15
84335,41.8,-111.91
84336,41.97,-112.73
84337,41.69,-112.26
84338,41.92,-111.93
84339,41.64,-111.92
84340,41.39,-112.05
84341,41.84,-111.92
84401,41.22,-111.96
84402,41.26,-111.96
84403,41.18,-111.94
84404,41.28,-112.08
84405,41.17,-111.97
84407,41.24,-111.97
84408,41.2,-111.95
84409,41.26,-111.96
84412,41.26,-111.96
84414,41.31,-111.93
84415,41.26,-111.96
84501,39.57,-110.65
84510,37.75,-110.23
84511,37.57,-109.44
84512,37.62,-109.48
84513,39.2,-111.05
84515,39.0,-109.62
84516,39.12,-111.1
84518,39.37,-110.89
84520,39.53,-110.4
84521,39.4,-110.81
84522,38.92,-111.25
84523,39.14,-111.12
84525,39.02,-110.21
84526,39.64,-110.78
84527,39.64,-110.56
84528,39.28,-110.96
84529,39.69,-110.81
84530,37.75,-110.23
84531,37.75,-110.23
84532,38.58,-109.54
84533,37.75,-110.23
84534,37.25,-109.11
84535,38.1,-109.26
84536,37.28,-109.57
84537,39.23,-111.05
84539,39.53,-110.4
84540,39.0,-109.62
84542,39.61,-110.64
84601,40.24,-111.7
84602,40.36,-111.73
84603,40.2,-111.63
84604,40.32,-111.61
84605,40.18,-111.54
84606,40.22,-111.64
84620,38.96,-111.9
84621,39.19,-111.72
84622,39.11,-111.82
84623,39.49,-111.49
84624,39.25,-112.53
84626,40.18,-111.54
84627,39.37,-111.63
84628,39.94,-112.17
84629,39.7,-111.43
84630,39.22,-111.88
84631,39.06,-112.47
84632,39.39,-111.73
84633,40.03,-111.76
84634,39.14,-111.85
84635,39.11,-113.13
84636,39.1,-112.28
84637,38.83,-112.46
84638,39.53,-112.3
84639,39.52,-111.94
84640,39.49,-112.4
84642,39.36,-111.66
84643,39.12,-111.69
84644,39.06,-113.03
84645,39.85,-111.85
84646,39.51,-111.56
84647,39.35,-111.61
84648,39.76,-111.84
84649,39.37,-112.33
84650,39.29,-112.63
84651,40.03,-111.72
84652,38.91,-111.98
84653,40.01,-111.6
84654,38.92,-111.91
84655,40.0,-111.81
84656,39.25,-112.11
84657,38.85,-111.97
84660,40.07,-111.65
84662,39.47,-111.47
84663,40.18,-111.56
84664,40.13,-111.58
84665,39.13,-111.74
84667,39.49,-111.63
84701,38.74,-112.07
84710,37.44,-112.48
84711,38.72,-112.07
84712,37.73,-110.54
84713,38.32,-112.8
84714,37.72,-113.66
84715,38.33,-111.53
84716,37.84,-111.31
84717,37.84,-111.31
84718,37.84,-111.31
84719,37.74,-112.84
84720,37.69,-113.19
84721,37.66,-113.37
84722,37.47,-113.62
84723,38.18,-112.23
84724,38.69,-112.11
84725,37.58,-113.69
84726,37.77,-111.6
84728,39.06,-113.03
84729,37.31,-112.6
84730,38.77,-111.96
84731,38.24,-112.78
84732,38.33,-112.14
84733,37.29,-113.76
84734,38.29,-110.69
84735,37.72,-112.48
84736,37.84,-111.31
84737,37.15,-113.37
84738,37.22,-113.55
84739,38.68,-112.12
84740,38.24,-112.22
84741,37.27,-111.69
84742,37.52,-113.2
84743,38.23,-112.21
84744,38.72,-111.87
84745,37.22,-113.32
84746,37.24,-113.34
84747,38.44,-111.6
84749,38.4,-111.59
84750,38.43,-112.21
84751,38.31,-113.25
84752,38.21,-112.92
84753,37.78,-113.81
84754,38.66,-112.13
84755,37.24,-112.7
84756,37.69,-113.63
84757,37.46,-113.27
84758,37.27,-112.72
84759,37.83,-112.52
84760,37.89,-112.79
84761,37.82,-112.85
84762,37.52,-112.66
84763,37.16,-113.04
84764,37.84,-111.31
84765,37.35,-113.68
84766,38.58,-112.31
84767,37.19,-113.01
84770,37.31,-113.36
84771,37.31,-113.48
84772,37.82,-112.9
84773,38.27,-111.46
84774,37.24,-113.33
84775,38.3,-111.41
84776,37.63,-112.08
84779,37.2,-113.19
84780,37.32,-113.58
84781,37.37,-113.38
84782,37.36,-113.62
84783,37.31,-113.67
84784,37.0,-112.98
84790,37.08,-113.56
84791,37.31,-113.48
85001,33.7,-112.35
85002,33.28,-112.19
85003,33.28,-112.19
85004,33.28,-112.19
85005,33.28,-112.19
85006,33.28,-112.19
85007,33.28,-112.19
85008,33.45,-111.95
85009,33.45,-111.97
85010,33.28,-112.19
85011,33.28,-112.19
85012,33.28,-112.19
85013,33.28,-112.19
85014,33.28,-112.19
85015,33.48,-112.12
85016,33.28,-112.19
85017,33.28,-112.19
85018,33.48,-111.74
85019,33.28,-112.19
85020,33.28,-112.19
85021,33.28,-112.19
85022,33.28,-112.19
85023,33.28,-112.19
85024,33.28,-112.19
85025,33.42,-111.72
85026,33.28,-112.19
85027,33.28,-112.19
85028,33.38,-111.66
85029,33.28,-112.19
85030,33.28,-112.19
85031,33.28,-112.19
85032,33.28,-112.19
85033,33.28,-112.19
85034,33.43,-111.99
85035,33.28,-112.19
85036,33.28,-112.19
85037,33.28,-112.19
85038,33.28,-112.19
85039,33.28,-112.19
85040,33.37,-112.07
85041,33.38,-112.11
85042,33.36,-112.05
85043,33.28,-112.19
85044,33.34,-111.97
85045,33.3,-112.12
85046,33.28,-112.19
85048,33.32,-112.07
85050,33.28,-112.19
85051,33.28,-112.19
85053,33.28,-112.19
85054,33.28,-112.19
85055,33.28,-112.19
85060,33.28,-112.19
85061,33.28,-112.19
85062,33.28,-112.19
85063,33.28,-112.19
85064,33.28,-112.19
85065,33.28,-112.19
85066,33.28,-112.19
85067,33.28,-112.19
85068,33.28,-112.19
85069,33.28,-112.19
85070,33.28,-112.19
85071,33.28,-112.19
85072,33.28,-112.19
85073,33.28,-112.19
85074,33.28,-112.19
85075,33.28,-112.19
85076,33.28,-112.19
85077,33.28,-112.19
85078,33.28,-112.19
85079,33.28,-112.19
85080,33.28,-112.19
85082,33.28,-112.19
85085,33.28,-112.19
85086,33.28,-112.19
85087,33.28,-112.19
85098,33.28,-112.19
85099,33.28,-112.19
85201,33.44,-111.86
85202,33.39,-111.8
85203,33.45,-111.82
85204,33.4,-111.79
85205,33.44,-111.73
85206,33.39,-111.72
85207,33.44,-111.74
85208,33.4,-111.66
85210,33.39,-111.84
85211,33.47,-111.84
85212,33.34,-111.64
85213,33.45,-111.83
85214,33.28,-112.19
85215,33.47,-111.72
85216,33.28,-112.19
85217,33.39,-111.48
85219,33.36,-111.28
85220,33.41,-111.54
85221,33.23,-111.48
85222,32.89,-111.75
85223,32.75,-111.6
85224,33.3,-111.85
85225,33.33,-111.82
85226,33.3,-111.93
85227,33.21,-111.69
85228,32.9,-111.25
85230,32.82,-111.71
85231,32.91,-111.26
85232,32.98,-111.42
85233,33.34,-111.82
85234,33.35,-111.78
85235,33.58,-110.86
85236,33.3,-111.7
85237,33.15,-111.06
85239,32.96,-112.05
85241,32.69,-111.53
85242,33.28,-111.66
85244,33.32,-111.89
85245,32.58,-111.34
85246,33.28,-112.19
85247,33.14,-111.71
85248,33.25,-111.86
85249,33.25,-111.77
85250,33.52,-111.87
85251,33.42,-111.79
85252,33.5,-111.87
85253,33.36,-111.96
85254,33.48,-111.83
85255,33.28,-112.19
85256,33.51,-111.8
85257,33.47,-111.89
85258,33.55,-111.88
85259,33.28,-112.19
85260,33.28,-112.19
85261,33.28,-112.19
85262,33.41,-111.92
85263,33.28,-112.19
85264,33.63,-111.68
85266,33.28,-112.19
85267,33.28,-112.19
85268,33.28,-112.19
85269,33.28,-112.19
85271,33.28,-112.19
85272,32.9,-111.96
85273,33.18,-111.13
85274,33.28,-112.19
85275,33.28,-112.19
85277,33.28,-112.19
85278,32.98,-111.33
85279,32.98,-111.33
85280,33.4,-111.93
85281,33.43,-111.93
85282,33.4,-111.93
85283,33.37,-111.88
85284,33.34,-111.91
85285,33.28,-112.19
85287,33.43,-111.93
85289,33.28,-112.19
85290,33.28,-112.19
85291,33.01,-111.43
85292,33.07,-110.79
85296,33.31,-111.75
85297,33.28,-111.73
85299,33.28,-112.19
85301,33.28,-112.19
85302,33.28,-112.19
85303,33.28,-112.19
85304,33.28,-112.19
85305,33.28,-112.19
85306,33.28,-112.19
85307,33.28,-112.19
85308,33.28,-112.19
85309,33.28,-112.19
85310,33.28,-112.19
85311,33.28,-112.19
85312,33.28,-112.19
85313,33.28,-112.19
85318,33.28,-112.19
85320,33.28,-112.19
85321,31.97,-111.89
85322,33.28,-112.19
85323,33.28,-112.19
85324,34.08,-112.13
85325,33.96,-114.0
85326,33.28,-112.19
85327,33.28,-112.19
85328,33.67,-114.03
85329,33.28,-112.19
85331,33.28,-112.19
85332,34.17,-112.79
85333,32.83,-113.53
85334,33.62,-114.51
85335,33.28,-112.19
85336,32.53,-114.77
85337,33.28,-112.19
85338,33.28,-112.19
85339,33.34,-112.18
85340,33.28,-112.19
85341,31.97,-111.89
85342,33.28,-112.19
85343,33.28,-112.19
85344,33.97,-114.27
85345,33.28,-112.19
85346,33.73,-114.19
85347,32.75,-113.8
85348,33.65,-113.66
85349,32.54,-114.75
85350,32.61,-114.61
85351,33.28,-112.19
85352,32.69,-113.98
85353,33.28,-112.19
85354,33.28,-112.19
85355,33.28,-112.19
85356,32.69,-114.16
85357,34.04,-113.46
85358,33.28,-112.19
85359,33.67,-114.24
85360,35.75,-113.81
85361,33.28,-112.19
85362,34.25,-112.76
85363,33.28,-112.19
85364,32.62,-114.65
85365,32.71,-114.49
85366,32.61,-114.63
85367,32.66,-114.4
85369,32.75,-114.07
85371,34.03,-114.39
85372,33.28,-112.19
85373,33.28,-112.19
85374,33.28,-112.19
85375,33.28,-112.19
85376,33.28,-112.19
85377,33.28,-112.19
85378,33.28,-112.19
85379,33.28,-112.19
85380,33.28,-112.19
85381,33.28,-112.19
85382,33.28,-112.19
85383,33.8,-112.31
85385,33.28,-112.19
85387,33.28,-112.19
85390,33.28,-112.19
85501,33.48,-110.87
85502,33.42,-110.81
85530,33.04,-109.79
85531,32.87,-109.79
85532,33.42,-110.81
85533,32.99,-109.26
85534,32.88,-109.22
85535,32.98,-109.9
85536,33.03,-109.97
85539,33.53,-110.97
85540,33.05,-109.33
85541,33.86,-111.08
85542,33.74,-110.86
85543,32.88,-109.78
85544,34.32,-111.4
85545,33.61,-111.01
85546,32.81,-109.7
85547,34.26,-111.29
85548,32.8,-109.75
85550,33.29,-110.49
85551,32.84,-109.7
85552,32.85,-109.75
85553,33.74,-110.86
85554,33.74,-110.86
85601,31.97,-111.89
85602,32.04,-110.26
85603,31.45,-109.82
85605,31.89,-109.71
85606,32.04,-109.84
85607,31.6,-109.87
85608,31.42,-109.6
85609,32.04,-109.82
85610,31.74,-109.62
85611,31.61,-110.56
85613,31.56,-110.32
85614,31.84,-110.96
85615,31.41,-110.16
85616,31.61,-110.25
85617,31.51,-109.84
85618,32.7,-110.7
85619,32.38,-110.76
85620,31.39,-109.92
85621,31.46,-110.88
85622,31.85,-110.93
85623,32.64,-110.85
85624,31.52,-110.68
85625,31.77,-109.9
85626,31.36,-109.61
85627,32.05,-110.29
85628,31.53,-110.91
85629,31.93,-110.9
85630,31.89,-110.17
85631,32.62,-110.6
85632,31.88,-109.75
85633,31.97,-111.89
85634,31.97,-110.7
85635,31.81,-110.0
85636,31.67,-110.28
85637,31.67,-110.62
85638,31.67,-110.08
85639,31.97,-111.89
85640,31.62,-111.05
85641,32.0,-110.71
85643,32.07,-109.89
85644,32.3,-109.88
85645,31.67,-111.1
85646,31.59,-111.07
85648,31.51,-111.08
85650,31.49,-110.22
85652,32.42,-111.11
85653,32.44,-111.16
85654,31.97,-111.89
85655,31.88,-109.75
85662,31.53,-110.91
85670,31.88,-109.75
85671,31.88,-109.75
85701,32.22,-110.97
85702,31.97,-111.89
85703,31.97,-111.89
85704,32.4,-111.1
85705,32.29,-110.9
85706,32.09,-110.88
85707,32.17,-110.88
85708,32.19,-110.87
85709,32.2,-110.9
85710,32.21,-110.79
85711,32.21,-110.88
85712,32.25,-110.88
85713,32.19,-110.95
85714,32.12,-110.93
85715,32.25,-110.82
85716,32.24,-110.92
85717,31.97,-111.89
85718,32.31,-110.92
85719,32.25,-110.95
85720,31.97,-111.89
85721,32.23,-110.95
85722,31.97,-111.89
85723,31.97,-111.89
85724,32.24,-110.94
85725,31.97,-111.89
85726,32.2,-110.95
85728,31.97,-111.89
85730,32.16,-110.77
85731,32.09,-110.71
85732,32.08,-110.71
85733,31.97,-111.89
85734,32.07,-110.94
85735,32.44,-110.98
85736,31.97,-111.89
85737,32.44,-110.98
85738,31.97,-111.89
85739,32.47,-110.89
85740,31.97,-111.89
85741,32.34,-111.06
85742,32.41,-111.07
85743,32.33,-111.07
85744,31.97,-111.89
85745,32.22,-110.87
85746,31.97,-111.89
85747,32.1,-110.73
85748,32.21,-110.74
85749,32.26,-110.75
85750,32.3,-110.84
85751,32.16,-110.71
85752,31.97,-111.89
85754,31.97,-111.89
85775,31.97,-111.89
85777,32.07,-110.86
85901,34.57,-110.03
85902,34.3,-110.04
85911,35.29,-110.29
85912,34.27,-110.2
85920,34.18,-109.24
85922,33.1,-109.27
85923,35.29,-110.29
85924,34.47,-109.74
85925,34.11,-109.29
85926,34.2,-110.01
85927,35.24,-109.52
85928,34.41,-110.59
85929,34.18,-109.97
85930,34.08,-109.85
85931,35.54,-111.28
85932,35.24,-109.52
85933,34.41,-110.56
85934,35.29,-110.29
85935,34.14,-109.94
85936,34.5,-109.48
85937,34.52,-110.11
85938,34.12,-109.29
85939,34.31,-110.0
85940,35.24,-109.52
85941,33.8,-109.99
85942,34.65,-110.08
86001,35.93,-111.6
86002,35.63,-112.05
86003,35.63,-112.05
86004,35.61,-111.32
86011,35.63,-112.05
86015,35.63,-112.05
86016,35.63,-112.05
86017,34.94,-111.64
86018,35.26,-111.95
86020,35.63,-112.05
86021,36.97,-112.98
86022,36.97,-112.52
86023,35.94,-112.13
86024,35.63,-112.05
86025,34.78,-110.09
86028,35.24,-109.52
86029,35.29,-110.29
86030,35.29,-110.29
86031,35.29,-110.29
86032,34.98,-110.34
86033,35.29,-110.29
86034,35.29,-110.29
86035,35.63,-112.05
86036,36.92,-111.45
86038,34.91,-111.46
86039,35.29,-110.29
86040,36.91,-111.5
86042,35.29,-110.29
86043,35.29,-110.29
86044,35.63,-112.05
86045,36.13,-111.24
86046,35.92,-112.37
86047,34.63,-110.35
86052,35.63,-112.05
86053,36.91,-111.45
86054,36.59,-110.66
86301,34.62,-112.57
86302,34.57,-112.49
86303,34.5,-112.38
86304,34.6,-112.49
86305,34.68,-112.21
86312,34.67,-112.31
86313,34.71,-112.4
86314,34.63,-112.26
86320,34.97,-112.26
86321,34.58,-113.16
86322,34.57,-111.81
86323,34.76,-112.17
86324,34.66,-112.13
86325,34.74,-111.93
86326,34.64,-112.04
86327,34.56,-112.28
86329,34.52,-112.25
86330,34.71,-112.4
86331,34.75,-112.11
86332,34.44,-112.66
86333,34.41,-112.16
86334,34.81,-112.54
86335,34.64,-111.8
86336,34.76,-111.28
86337,35.33,-112.88
86338,34.71,-112.4
86339,34.91,-111.73
86340,34.71,-112.4
86341,34.78,-111.77
86342,34.64,-111.79
86343,34.71,-112.4
86351,35.03,-111.68
86401,35.34,-114.02
86402,35.26,-114.06
86403,34.5,-114.31
86404,34.56,-114.33
86405,35.61,-113.64
86406,34.76,-114.12
86411,35.61,-113.64
86412,35.4,-113.84
86413,35.3,-114.22
86426,35.07,-114.57
86427,35.0,-114.58
86429,35.17,-114.54
86430,35.15,-114.54
86431,35.39,-114.22
86432,34.9,-114.54
86433,35.03,-114.38
86434,35.54,-113.42
86435,35.63,-112.05
86436,34.78,-114.48
86437,35.61,-113.64
86438,35.61,-113.64
86439,35.1,-114.62
86440,35.05,-114.25
86441,35.27,-114.24
86442,35.01,-114.32
86443,35.21,-114.18
86444,35.98,-114.08
86445,35.61,-113.64
86446,34.85,-114.59
86502,35.24,-109.52
86503,36.53,-109.69
86504,35.24,-109.52
86505,35.24,-109.52
86506,35.34,-109.25
86507,36.4,-109.26
86508,35.24,-109.52
86510,35.96,-110.31
86511,35.9,-109.31
86512,35.41,-109.29
86514,35.24,-109.52
86515,35.67,-109.08
86520,35.29,-110.29
86535,35.24,-109.52
86538,35.24,-109.52
86540,35.24,-109.52
86544,35.24,-109.52
86545,35.24,-109.52
86547,35.24,-109.52
86549,35.24,-109.52
86556,35.24,-109.52
87001,35.34,-106.39
87002,34.65,-106.7
87004,35.63,-106.74
87005,35.27,-107.99
87006,34.61,-106.79
87007,34.96,-108.06
87008,35.12,-106.38
87009,34.65,-105.88
87010,35.26,-106.08
87011,34.23,-107.37
87012,36.23,-107.07
87013,36.02,-106.89
87014,34.96,-108.06
87015,35.13,-106.13
87016,34.75,-106.16
87017,36.71,-106.59
87018,35.72,-106.94
87020,35.1,-107.85
87021,35.19,-107.89
87022,35.04,-106.67
87023,34.59,-106.76
87024,35.66,-106.74
87025,35.79,-106.65
87026,34.96,-108.06
87027,36.13,-106.96
87028,34.38,-106.81
87029,36.32,-107.05
87031,34.77,-106.71
87032,34.85,-106.05
87034,34.7,-106.81
87035,34.94,-106.06
87036,34.62,-106.28
87037,36.71,-107.97
87038,34.96,-108.06
87040,34.96,-108.06
87041,35.6,-106.35
87042,34.84,-106.69
87043,35.62,-106.64
87044,35.71,-106.68
87045,35.34,-108.1
87046,35.72,-106.94
87047,35.15,-106.31
87048,35.66,-106.71
87049,35.15,-107.84
87051,35.15,-107.88
87052,35.53,-106.34
87053,35.67,-106.99
87056,35.23,-105.98
87057,34.65,-105.88
87059,35.04,-106.28
87060,34.74,-106.73
87061,34.69,-106.32
87062,34.47,-106.76
87063,34.65,-105.88
87064,36.18,-106.59
87068,34.86,-106.7
87070,35.02,-105.98
87072,35.61,-106.35
87083,35.63,-106.34
87101,35.2,-106.64
87102,35.07,-106.65
87103,35.04,-106.67
87104,35.1,-106.67
87105,35.03,-106.66
87106,35.04,-106.49
87107,35.14,-106.64
87108,35.07,-106.58
87109,35.13,-106.59
87110,35.13,-106.62
87111,35.07,-106.45
87112,35.09,-106.44
87113,35.15,-106.51
87114,35.19,-106.67
87115,35.05,-106.55
87116,35.05,-106.56
87117,35.06,-106.57
87118,35.06,-106.57
87119,35.04,-106.67
87120,35.12,-106.7
87121,35.06,-106.81
87122,35.19,-106.53
87123,35.07,-106.46
87124,35.28,-106.71
87125,35.04,-106.67
87131,35.04,-106.67
87153,35.04,-106.67
87154,35.04,-106.67
87158,35.04,-106.67
87174,35.04,-106.67
87176,35.04,-106.67
87181,35.04,-106.67
87184,35.04,-106.67
87185,35.04,-106.67
87187,35.04,-106.67
87190,35.04,-106.67
87191,35.04,-106.67
87192,35.04,-106.67
87193,35.04,-106.67
87194,35.04,-106.67
87195,35.04,-106.67
87196,35.04,-106.67
87197,35.11,-106.24
87198,35.04,-106.67
87199,35.04,-106.67
87201,35.04,-106.67
87301,35.65,-108.32
87302,35.48,-108.18
87305,35.45,-108.77
87310,35.8,-108.6
87311,35.48,-108.18
87312,35.48,-108.18
87313,35.6,-108.0
87315,34.96,-108.06
87316,35.52,-108.49
87317,35.58,-108.76
87319,35.5,-108.83
87320,35.48,-108.18
87321,35.13,-108.5
87322,35.48,-108.18
87323,35.4,-108.16
87325,35.88,-108.88
87326,35.35,-108.7
87327,35.07,-108.84
87328,35.48,-108.18
87347,35.48,-108.18
87357,34.96,-108.06
87364,36.5,-108.23
87365,35.48,-108.18
87375,35.48,-108.18
87401,36.83,-108.1
87402,36.78,-108.1
87410,36.84,-107.82
87412,36.74,-108.06
87413,36.61,-108.02
87415,36.81,-108.05
87416,36.76,-108.16
87417,36.74,-108.32
87418,36.93,-108.19
87419,36.87,-107.65
87420,36.42,-108.86
87421,36.75,-108.2
87455,36.5,-108.23
87461,36.5,-108.23
87499,36.77,-108.07
87501,35.7,-105.98
87502,35.44,-106.12
87503,35.52,-105.98
87504,35.89,-106.01
87505,35.66,-105.95
87506,35.61,-106.08
87507,35.62,-106.11
87508,35.52,-105.95
87509,35.52,-105.98
87510,36.22,-106.26
87511,36.06,-106.08
87512,36.8,-105.59
87513,36.53,-105.66
87514,36.52,-105.53
87515,36.47,-106.58
87516,36.18,-106.44
87517,36.5,-105.63
87518,36.47,-106.58
87519,36.5,-105.63
87520,36.76,-106.63
87521,36.13,-105.74
87522,36.47,-106.58
87523,36.01,-105.9
87524,36.5,-105.63
87525,36.54,-105.58
87527,36.2,-105.86
87528,36.93,-107.0
87529,36.35,-105.62
87530,36.28,-106.2
87531,36.22,-105.89
87532,36.42,-106.25
87533,35.99,-106.07
87535,35.78,-105.86
87537,36.07,-106.13
87538,35.46,-104.68
87539,36.47,-106.58
87540,35.46,-105.87
87543,36.15,-105.66
87544,35.85,-106.29
87545,35.86,-106.3
87548,36.19,-106.22
87549,36.33,-106.0
87551,36.73,-106.52
87552,35.57,-105.69
87553,36.18,-105.71
87554,36.47,-106.58
87556,36.76,-105.6
87557,36.35,-105.68
87558,36.67,-105.47
87560,35.46,-104.68
87562,35.46,-104.68
87564,36.62,-105.63
87565,35.42,-105.54
87566,36.07,-106.09
87567,35.99,-106.04
87569,35.46,-104.68
87571,36.43,-105.55
87573,35.46,-104.68
87574,35.79,-105.92
87575,36.7,-106.58
87576,36.5,-105.63
87577,36.5,-105.63
87578,36.04,-105.81
87579,36.13,-105.57
87580,36.61,-105.59
87581,36.47,-106.58
87582,36.13,-106.0
87583,35.46,-104.68
87592,35.52,-105.98
87594,35.52,-105.98
87701,35.55,-104.99
87710,36.51,-104.92
87711,34.78,-104.72
87712,36.01,-105.02
87713,36.01,-105.02
87714,36.5,-104.91
87715,36.01,-105.38
87718,36.55,-105.28
87722,36.01,-105.02
87723,36.01,-105.02
87724,34.78,-104.72
87728,36.54,-104.56
87729,36.35,-104.79
87730,35.8,-103.9
87731,35.65,-105.25
87732,36.01,-105.02
87733,35.8,-103.9
87734,36.01,-105.02
87735,36.01,-105.02
87736,36.01,-105.02
87740,36.66,-104.82
87742,35.84,-105.39
87743,35.94,-104.2
87745,35.46,-104.68
87746,35.8,-103.9
87747,36.6,-104.86
87749,36.61,-104.69
87750,36.01,-105.02
87752,36.01,-104.71
87753,36.01,-105.02
87801,34.04,-107.04
87820,33.91,-108.65
87821,33.89,-108.38
87823,34.15,-106.91
87824,33.89,-108.38
87825,34.11,-107.24
87827,33.89,-108.38
87828,34.19,-106.92
87829,33.76,-108.56
87830,33.68,-108.86
87831,34.3,-106.88
87832,33.96,-106.88
87901,33.16,-107.27
87930,33.04,-107.17
87931,33.04,-107.17
87933,33.04,-107.17
87935,33.21,-107.22
87936,32.53,-107.1
87937,32.66,-107.12
87939,33.04,-107.17
87940,32.42,-106.82
87941,32.7,-107.15
87942,33.12,-107.29
87943,33.04,-107.17
88001,32.41,-106.85
88002,32.38,-106.49
88003,32.27,-106.75
88004,32.42,-106.82
88005,32.17,-106.9
88006,32.31,-106.79
88008,31.87,-106.63
88009,32.06,-108.63
88011,32.32,-106.67
88012,32.33,-106.6
88020,32.05,-108.91
88021,32.07,-106.57
88022,32.78,-108.19
88023,32.82,-107.97
88024,32.07,-106.63
88025,33.06,-108.7
88026,32.79,-108.08
88027,32.02,-106.67
88028,32.54,-108.33
88029,32.22,-107.59
88030,32.08,-107.68
88031,32.24,-107.74
88032,32.39,-106.8
88033,32.3,-106.88
88034,32.69,-107.91
88036,32.76,-108.01
88038,32.54,-108.33
88039,33.33,-108.87
88040,31.89,-108.33
88041,32.8,-107.95
88042,32.92,-107.57
88043,32.7,-108.1
88044,32.14,-106.69
88045,32.32,-108.72
88046,32.27,-106.81
88047,32.23,-106.75
88048,31.99,-106.65
88049,32.91,-108.03
88051,33.11,-108.9
88052,32.43,-106.61
88053,32.86,-108.22
88054,32.49,-106.91
88055,32.54,-108.33
88056,32.06,-108.63
88058,32.42,-106.82
88061,32.85,-108.33
88062,32.73,-108.14
88063,31.88,-106.6
88065,32.62,-108.37
88072,32.12,-106.65
88101,34.5,-103.29
88102,34.63,-103.39
88103,34.4,-103.33
88112,34.81,-103.13
88113,33.93,-103.27
88114,32.69,-103.21
88115,33.92,-103.38
88116,33.99,-103.49
88118,34.18,-103.59
88119,34.53,-104.17
88120,34.82,-103.35
88121,34.75,-103.97
88122,33.88,-103.71
88123,33.72,-103.15
88124,34.51,-103.56
88125,33.72,-103.41
88126,33.81,-103.29
88130,34.08,-103.35
88132,33.92,-103.19
88133,34.48,-103.47
88134,34.39,-104.42
88135,34.52,-103.13
88136,34.39,-104.42
88201,33.35,-104.59
88202,33.3,-104.43
88203,33.29,-104.07
88210,32.62,-104.43
88211,32.75,-104.33
88213,32.79,-103.43
88220,32.42,-104.47
88221,32.34,-104.29
88230,33.24,-104.4
88231,32.44,-103.18
88232,33.1,-104.36
88240,32.65,-103.26
88241,32.75,-103.22
88242,32.5,-103.17
88244,32.79,-103.43
88250,32.8,-104.72
88252,32.09,-103.19
88253,33.03,-104.49
88254,32.64,-104.37
88255,32.48,-104.29
88256,32.27,-104.15
88260,32.68,-103.25
88262,32.79,-103.43
88263,32.18,-104.07
88264,32.79,-103.43
88265,32.65,-103.27
88267,33.25,-103.32
88268,32.48,-104.29
88301,33.64,-105.88
88310,32.87,-105.95
88311,32.7,-105.61
88312,33.39,-105.65
88314,33.2,-105.81
88316,33.5,-105.61
88317,32.89,-105.67
88318,34.25,-105.6
88321,34.65,-105.88
88323,33.64,-105.87
88324,33.74,-105.63
88325,32.94,-105.82
88330,32.86,-106.0
88336,33.74,-105.63
88337,32.99,-105.92
88338,33.74,-105.63
88339,32.99,-105.6
88340,33.15,-105.8
88341,33.74,-105.63
88342,32.41,-106.08
88343,33.34,-105.64
88344,32.61,-105.44
88345,33.47,-105.69
88346,33.35,-105.62
88347,32.79,-105.54
88348,33.74,-105.63
88349,32.87,-105.78
88350,32.63,-105.69
88351,33.74,-105.63
88352,33.17,-105.96
88353,34.6,-105.21
88354,32.78,-105.47
88355,33.33,-105.69
88401,35.11,-103.62
88410,36.37,-103.51
88411,35.13,-103.16
88414,36.37,-103.51
88415,36.45,-103.16
88416,35.46,-104.68
88417,34.78,-104.72
88418,36.37,-103.51
88419,36.37,-103.51
88421,35.46,-104.68
88422,36.37,-103.51
88424,36.37,-103.51
88426,35.52,-103.26
88427,34.73,-103.65
88429,36.37,-103.51
88430,35.64,-103.22
88431,34.78,-104.72
88433,34.92,-103.78
88434,35.12,-103.27
88435,34.85,-104.59
88436,36.37,-103.51
88437,36.37,-103.51
88439,35.46,-104.68
88441,35.46,-104.68
88510,31.69,-106.3
88511,31.69,-106.3
88512,31.69,-106.3
88513,31.69,-106.3
88514,31.69,-106.3
88515,31.69,-106.3
88516,31.69,-106.3
88517,31.69,-106.3
88518,31.69,-106.3
88519,31.69,-106.3
88520,31.69,-106.3
88521,31.69,-106.3
88523,31.69,-106.3
88524,31.69,-106.3
88525,31.69,-106.3
88526,31.69,-106.3
88527,31.69,-106.3
88528,31.69,-106.3
88529,31.69,-106.3
88530,31.69,-106.3
88531,31.69,-106.3
88532,31.69,-106.3
88533,31.69,-106.3
88534,31.69,-106.3
88535,31.69,-106.3
88536,31.69,-106.3
88538,31.69,-106.3
88539,31.69,-106.3
88540,31.69,-106.3
88541,31.69,-106.3
88542,31.69,-106.3
88543,31.69,-106.3
88544,31.69,-106.3
88545,31.69,-106.3
88546,31.69,-106.3
88547,31.69,-106.3
88548,31.69,-106.3
88549,31.69,-106.3
88550,31.69,-106.3
88553,31.69,-106.3
88554,31.69,-106.3
88555,31.69,-106.3
88556,31.69,-106.3
88557,31.69,-106.3
88558,31.69,-106.3
88559,31.69,-106.3
88560,31.69,-106.3
88561,31.69,-106.3
88562,31.69,-106.3
88563,31.69,-106.3
88565,31.69,-106.3
88566,31.69,-106.3
88567,31.69,-106.3
88568,31.69,-106.3
88569,31.69,-106.3
88570,31.69,-106.3
88571,31.69,-106.3
88572,31.69,-106.3
88573,31.69,-106.3
88574,31.69,-106.3
88575,31.69,-106.3
88576,31.69,-106.3
88577,31.69,-106.3
88578,31.69,-106.3
88579,31.69,-106.3
88580,31.69,-106.3
88581,31.69,-106.3
88582,31.69,-106.3
88583,31.69,-106.3
88584,31.69,-106.3
88585,31.69,-106.3
88586,31.69,-106.3
88587,31.69,-106.3
88588,31.69,-106.3
88589,31.69,-106.3
88590,31.69,-106.3
88595,31.69,-106.3
88901,36.32,-114.82
88905,35.93,-114.97
89001,37.47,-115.14
89003,36.82,-116.61
89004,36.09,-115.61
89005,36.02,-114.83
89006,35.93,-114.97
89007,36.77,-114.13
89008,38.02,-114.43
89009,35.93,-114.97
89010,37.59,-117.6
89011,36.11,-114.92
89012,36.08,-115.14
89013,37.72,-117.8
89014,36.28,-114.8
89015,35.98,-115.19
89016,35.93,-114.97
89017,37.59,-115.23
89018,36.43,-115.54
89019,35.74,-115.54
89020,36.54,-116.55
89021,36.59,-114.47
89022,38.7,-116.31
89023,37.58,-116.6
89024,36.81,-114.07
89025,36.69,-114.65
89026,35.93,-114.97
89027,36.44,-114.73
89028,35.16,-114.75
89029,35.82,-114.68
89030,36.23,-115.15
89031,36.28,-115.14
89032,36.22,-115.17
89033,36.28,-115.13
89036,35.93,-114.97
89039,35.25,-114.87
89040,36.57,-114.47
89041,36.66,-116.0
89042,37.76,-114.97
89043,37.76,-114.97
89045,37.58,-116.6
89046,35.33,-114.89
89047,37.72,-117.8
89048,36.24,-116.16
89049,38.26,-116.62
89052,35.99,-115.12
89053,35.93,-114.97
89060,36.39,-116.06
89061,36.07,-115.91
89070,35.93,-114.97
89074,36.04,-115.08
89077,36.0,-115.12
89084,36.3,-115.16
89086,36.28,-115.11
89101,36.17,-115.11
89102,36.28,-115.39
89103,36.34,-114.89
89104,36.11,-115.11
89106,36.18,-115.17
89107,36.17,-115.21
89108,36.22,-115.21
89109,35.99,-115.41
89110,36.18,-115.13
89111,35.93,-114.97
89112,36.16,-115.03
89113,36.06,-115.29
89114,36.01,-115.1
89115,36.22,-115.06
89116,35.93,-114.97
89117,36.13,-115.22
89118,36.03,-115.23
89119,36.09,-115.15
89120,36.31,-115.37
89121,36.12,-115.09
89122,36.11,-114.99
89123,35.99,-115.16
89124,36.17,-115.37
89125,36.22,-115.27
89126,35.93,-114.97
89127,35.93,-114.97
89128,36.12,-115.24
89129,35.79,-115.18
89130,36.25,-115.22
89131,36.34,-115.25
89132,36.02,-115.15
89133,35.93,-114.97
89134,36.13,-115.34
89135,36.14,-115.33
89137,35.93,-114.97
89138,35.93,-114.97
89139,36.01,-115.21
89141,36.01,-115.21
89142,36.15,-115.04
89143,36.32,-115.26
89144,36.18,-115.32
89145,36.17,-115.28
89146,36.14,-115.22
89147,36.16,-115.24
89148,36.06,-115.27
89149,36.28,-115.29
89150,35.93,-114.97
89151,35.93,-114.97
89152,35.93,-114.97
89153,35.93,-114.97
89154,35.93,-114.97
89155,35.93,-114.97
89156,36.2,-115.04
89159,35.93,-114.97
89160,35.93,-114.97
89163,35.93,-114.97
89164,35.93,-114.97
89170,35.93,-114.97
89173,35.93,-114.97
89177,35.93,-114.97
89180,35.93,-114.97
89185,35.93,-114.97
89191,35.93,-114.97
89193,35.93,-114.97
89195,35.93,-114.97
89199,35.93,-114.97
89301,39.31,-114.84
89310,40.05,-117.2
89311,38.96,-114.24
89314,39.4,-114.98
89315,39.33,-114.82
89316,39.55,-115.99
89317,38.86,-115.01
89318,39.4,-114.78
89319,39.34,-114.89
89402,39.24,-119.97
89403,39.1,-119.48
89404,41.26,-118.17
89405,40.61,-119.35
89406,39.48,-118.3
89407,39.53,-118.84
89408,39.49,-119.2
89409,38.86,-117.93
89410,38.82,-119.65
89411,39.03,-119.82
89412,40.65,-119.36
89413,39.05,-119.94
89414,40.95,-117.49
89415,38.58,-118.69
89418,40.65,-118.29
89419,40.25,-118.4
89420,38.48,-118.42
89421,41.97,-117.67
89422,38.39,-118.11
89423,39.01,-119.73
89424,39.83,-119.36
89425,41.26,-118.17
89426,41.26,-118.17
89427,38.97,-118.83
89428,39.27,-119.64
89429,39.44,-119.39
89430,38.77,-119.3
89431,40.04,-119.64
89432,40.54,-119.59
89433,39.75,-119.8
89434,39.59,-119.72
89435,40.54,-119.59
89436,39.65,-119.66
89438,41.26,-118.17
89439,39.52,-119.98
89440,39.33,-119.61
89442,39.64,-119.3
89444,38.84,-119.35
89445,41.21,-117.71
89446,41.08,-117.76
89447,39.08,-119.23
89448,39.02,-119.91
89449,38.86,-119.73
89450,39.26,-119.95
89451,39.25,-119.94
89452,39.26,-119.96
89496,39.54,-118.34
89501,39.66,-119.7
89502,39.58,-119.75
89503,39.55,-119.9
89504,40.54,-119.59
89505,39.52,-119.84
89506,39.7,-119.81
89507,39.54,-119.82
89509,39.41,-119.86
89510,39.91,-119.6
89511,39.36,-119.81
89512,39.55,-119.88
89513,39.63,-119.29
89515,40.54,-119.59
89520,40.54,-119.59
89523,39.55,-119.64
89533,39.54,-119.91
89557,40.54,-119.59
89570,40.54,-119.59
89595,40.54,-119.59
89599,40.54,-119.59
89701,39.15,-119.73
89702,39.14,-119.76
89703,39.16,-119.8
89704,39.45,-119.72
89705,39.06,-119.81
89706,39.2,-119.75
89711,39.17,-119.78
89712,39.17,-119.78
89713,39.17,-119.78
89714,39.17,-119.78
89721,39.17,-119.78
89801,40.91,-115.53
89802,41.06,-115.53
89803,41.06,-115.53
89815,40.75,-115.6
89820,40.04,-116.97
89821,40.41,-116.58
89822,40.72,-116.1
89823,41.06,-115.53
89824,41.06,-115.53
89825,41.06,-115.53
89826,41.06,-115.53
89828,40.74,-115.55
89830,41.06,-115.53
89831,41.06,-115.53
89832,41.75,-116.01
89833,41.06,-115.53
89834,41.06,-115.53
89835,41.54,-114.82
89883,40.5,-114.41
90001,33.97,-118.25
90002,33.95,-118.25
90003,33.95,-118.27
90004,33.79,-118.3
90005,33.79,-118.3
90006,33.79,-118.3
90007,33.79,-118.3
90008,33.79,-118.3
90009,33.79,-118.3
90010,33.79,-118.3
90011,33.99,-118.25
90012,33.79,-118.3
90013,33.79,-118.3
90014,33.79,-118.3
90015,33.79,-118.3
90016,33.79,-118.3
90017,33.79,-118.3
90018,33.79,-118.3
90019,33.79,-118.3
90020,33.79,-118.3
90021,33.79,-118.3
90022,33.9,-118.18
90023,34.01,-118.2
90024,33.79,-118.3
90025,33.79,-118.3
90026,33.79,-118.3
90027,33.79,-118.3
90028,34.01,-118.23
90029,33.79,-118.3
90030,33.79,-118.3
90031,33.79,-118.3
90032,33.79,-118.3
90033,33.79,-118.3
90034,33.79,-118.3
90035,33.79,-118.3
90036,33.79,-118.3
90037,33.79,-118.3
90038,33.79,-118.3
90039,33.79,-118.3
90040,33.99,-118.15
90041,33.79,-118.3
90042,33.79,-118.3
90043,33.79,-118.3
90044,33.94,-118.29
90045,33.79,-118.3
90046,33.79,-118.3
90047,33.79,-118.3
90048,33.79,-118.3
90049,33.79,-118.3
90050,33.79,-118.3
90051,33.79,-118.3
90052,33.79,-118.3
90053,33.79,-118.3
90054,33.79,-118.3
90055,33.79,-118.3
90056,33.79,-118.3
90057,33.79,-118.3
90058,34.0,-118.21
90059,33.92,-118.24
90060,33.79,-118.3
90061,33.92,-118.28
90062,33.79,-118.3
90063,33.79,-118.3
90064,33.79,-118.3
90065,33.79,-118.3
90066,33.79,-118.3
90067,33.79,-118.3
90068,33.79,-118.3
90069,33.79,-118.3
90070,33.79,-118.3
90071,33.79,-118.3
90072,33.79,-118.3
90073,33.79,-118.3
90074,33.79,-118.3
90075,33.79,-118.3
90076,33.79,-118.3
90077,33.79,-118.3
90078,33.79,-118.3
90079,33.79,-118.3
90080,33.79,-118.3
90081,33.79,-118.3
90082,33.79,-118.3
90083,33.79,-118.3
90084,33.79,-118.3
90086,33.79,-118.3
90087,33.79,-118.3
90088,33.79,-118.3
90089,33.79,-118.3
90091,33.79,-118.3
90093,33.79,-118.3
90094,33.79,-118.3
90095,33.79,-118.3
90096,33.79,-118.3
90097,33.79,-118.3
90099,33.79,-118.3
90101,33.79,-118.3
90102,33.79,-118.3
90103,33.79,-118.3
90174,33.79,-118.3
90185,33.79,-118.3
90201,33.98,-118.17
90202,33.79,-118.3
90209,33.79,-118.3
90210,33.79,-118.3
90211,33.79,-118.3
90212,33.79,-118.3
90213,33.79,-118.3
90220,33.87,-118.24
90221,33.88,-118.22
90222,33.91,-118.24
90223,33.79,-118.3
90224,33.79,-118.3
90230,33.79,-118.3
90231,33.79,-118.3
90232,33.79,-118.3
90233,33.79,-118.3
90239,33.79,-118.3
90240,33.95,-118.12
90241,33.94,-118.13
90242,33.92,-118.14
90245,33.79,-118.3
90247,33.89,-118.3
90248,33.88,-118.27
90249,33.86,-118.3
90250,33.79,-118.3
90251,33.79,-118.3
90254,33.79,-118.3
90255,33.98,-118.21
90260,33.79,-118.3
90261,33.79,-118.3
90262,33.92,-118.2
90263,33.79,-118.3
90264,33.79,-118.3
90265,33.79,-118.3
90266,33.79,-118.3
90267,33.79,-118.3
90270,33.99,-118.19
90272,33.79,-118.3
90274,33.79,-118.3
90275,33.79,-118.3
90277,33.79,-118.3
90278,33.99,-118.18
90280,33.94,-118.19
90290,33.79,-118.3
90291,33.79,-118.3
90292,33.79,-118.3
90293,33.79,-118.3
90294,33.79,-118.3
90295,33.79,-118.3
90296,33.79,-118.3
90301,33.79,-118.3
90302,33.79,-118.3
90303,33.79,-118.3
90304,33.79,-118.3
90305,33.79,-118.3
90306,33.79,-118.3
90307,33.79,-118.3
90308,33.79,-118.3
90309,33.79,-118.3
90310,33.79,-118.3
90311,33.79,-118.3
90312,33.79,-118.3
90313,33.79,-118.3
90397,33.79,-118.3
90398,33.79,-118.3
90401,33.79,-118.3
90402,33.79,-118.3
90403,33.79,-118.3
90404,33.79,-118.3
90405,33.79,-118.3
90406,33.79,-118.3
90407,33.79,-118.3
90408,33.79,-118.3
90409,33.79,-118.3
90410,33.79,-118.3
90411,33.79,-118.3
90501,33.84,-118.3
90502,33.83,-118.29
90503,33.79,-118.3
90504,33.79,-118.3
90505,33.79,-118.3
90506,33.79,-118.3
90507,33.79,-118.3
90508,33.79,-118.3
90509,33.79,-118.3
90510,33.79,-118.3
90601,34.0,-118.04
90602,33.97,-118.04
90603,33.95,-118.0
90604,33.93,-118.01
90605,33.94,-118.02
90606,33.97,-118.04
90607,33.79,-118.3
90608,33.79,-118.3
90609,33.79,-118.3
90610,33.79,-118.3
90612,33.79,-118.3
90620,33.64,-117.77
90621,33.64,-117.77
90622,33.64,-117.77
90623,33.64,-117.77
90624,33.64,-117.77
90630,33.64,-117.77
90631,33.64,-117.77
90632,33.64,-117.77
90633,33.64,-117.77
90637,33.79,-118.3
90638,33.9,-118.01
90639,33.91,-118.02
90640,33.79,-118.3
90650,33.91,-118.08
90651,33.79,-118.3
90652,33.79,-118.3
90659,33.79,-118.3
90660,33.99,-118.09
90661,33.79,-118.3
90662,33.79,-118.3
90665,33.79,-118.3
90670,33.93,-118.06
90671,33.79,-118.3
90680,33.64,-117.77
90701,33.87,-118.07
90702,33.79,-118.3
90703,33.87,-118.07
90704,33.79,-118.3
90706,33.89,-118.13
90707,33.79,-118.3
90710,33.79,-118.25
90711,33.79,-118.3
90712,33.85,-118.15
90713,33.85,-118.11
90714,33.85,-118.13
90715,33.84,-118.08
90716,33.83,-118.07
90717,33.79,-118.3
90720,33.64,-117.77
90721,33.64,-117.77
90723,33.9,-118.17
90731,33.75,-118.25
90732,33.79,-118.3
90733,33.79,-118.3
90734,33.79,-118.3
90740,33.64,-117.77
90742,33.64,-117.77
90743,33.64,-117.77
90744,33.78,-118.25
90745,33.81,-118.26
90746,33.86,-118.26
90747,33.87,-118.25
90748,33.79,-118.3
90749,33.79,-118.3
90801,33.8,-118.2
90802,33.76,-118.2
90803,33.76,-118.13
90804,33.79,-118.14
90805,33.84,-118.16
90806,33.8,-118.17
90807,33.83,-118.18
90808,33.8,-118.11
90809,33.79,-118.3
90810,33.82,-118.23
90813,33.78,-118.18
90814,33.77,-118.14
90815,33.79,-118.11
90822,33.79,-118.16
90831,33.77,-118.2
90832,33.79,-118.3
90833,33.77,-118.2
90834,33.77,-118.2
90835,33.77,-118.2
90840,33.78,-118.12
90842,33.79,-118.3
90844,33.79,-118.3
90845,33.79,-118.3
90846,33.82,-118.15
90847,33.79,-118.3
90848,33.79,-118.3
90853,33.79,-118.3
90888,33.79,-118.3
90899,33.77,-118.2
91001,33.79,-118.3
91003,33.79,-118.3
91006,33.79,-118.3
91007,33.79,-118.3
91009,33.79,-118.3
91010,33.79,-118.3
91011,33.79,-118.3
91012,33.79,-118.3
91016,33.79,-118.3
91017,33.79,-118.3
91020,33.79,-118.3
91021,33.79,-118.3
91023,33.79,-118.3
91024,33.79,-118.3
91025,33.79,-118.3
91030,33.79,-118.3
91031,33.79,-118.3
91040,33.79,-118.3
91041,33.79,-118.3
91042,33.79,-118.3
91043,33.79,-118.3
91046,33.79,-118.3
91050,33.79,-118.3
91051,33.79,-118.3
91066,33.79,-118.3
91077,33.79,-118.3
91101,33.79,-118.3
91102,33.79,-118.3
91103,33.79,-118.3
91104,33.79,-118.3
91105,33.79,-118.3
91106,33.79,-118.3
91107,33.79,-118.3
91108,33.79,-118.3
91109,33.79,-118.3
91110,33.79,-118.3
91114,33.79,-118.3
91115,33.79,-118.3
91116,33.79,-118.3
91117,33.79,-118.3
91118,33.79,-118.3
91121,33.79,-118.3
91123,33.79,-118.3
91124,33.79,-118.3
91125,33.79,-118.3
91126,33.79,-118.3
91129,33.79,-118.3
91131,33.79,-118.3
91175,33.79,-118.3
91182,33.79,-118.3
91184,33.79,-118.3
91185,33.79,-118.3
91186,33.79,-118.3
91187,33.79,-118.3
91188,33.79,-118.3
91189,33.79,-118.3
91191,33.79,-118.3
91201,33.79,-118.3
91202,33.79,-118.3
91203,33.79,-118.3
91204,33.79,-118.3
91205,33.79,-118.3
91206,33.79,-118.3
91207,33.79,-118.3
91208,33.79,-118.3
91209,33.79,-118.3
91210,33.79,-118.3
91214,33.79,-118.3
91221,33.79,-118.3
91222,33.79,-118.3
91224,33.79,-118.3
91225,33.79,-118.3
91226,33.79,-118.3
91301,33.79,-118.3
91302,33.79,-118.3
91303,33.79,-118.3
91304,33.79,-118.3
91305,33.79,-118.3
91306,33.79,-118.3
91307,33.79,-118.3
91308,33.79,-118.3
91309,33.79,-118.3
91310,33.79,-118.3
91311,33.79,-118.3
91312,33.79,-118.3
91313,33.79,-118.3
91316,33.79,-118.3
91319,34.03,-119.13
91320,34.18,-118.91
91321,33.79,-118.3
91322,33.79,-118.3
91324,33.79,-118.3
91325,33.79,-118.3
91326,33.79,-118.3
91327,33.79,-118.3
91328,33.79,-118.3
91329,33.79,-118.3
91330,33.79,-118.3
91331,33.79,-118.3
91333,33.79,-118.3
91334,33.79,-118.3
91335,33.79,-118.3
91337,33.79,-118.3
91340,33.79,-118.3
91341,33.79,-118.3
91342,33.79,-118.3
91343,33.79,-118.3
91344,33.79,-118.3
91345,33.79,-118.3
91346,33.79,-118.3
91350,33.79,-118.3
91351,33.79,-118.3
91352,33.79,-118.3
91353,33.79,-118.3
91354,33.79,-118.3
91355,33.79,-118.3
91356,33.79,-118.3
91357,33.79,-118.3
91358,34.03,-119.13
91359,34.03,-119.13
91360,34.21,-118.8
91361,34.14,-118.85
91362,34.19,-118.82
91363,33.79,-118.3
91364,33.79,-118.3
91365,33.79,-118.3
91367,33.79,-118.3
91371,33.79,-118.3
91372,33.79,-118.3
91376,33.79,-118.3
91377,34.03,-119.13
91380,33.79,-118.3
91381,33.79,-118.3
91382,33.79,-118.3
91383,33.79,-118.3
91384,33.79,-118.3
91385,33.79,-118.3
91386,33.79,-118.3
91387,34.4,-118.36
91388,33.79,-118.3
91390,34.58,-118.49
91392,33.79,-118.3
91393,33.79,-118.3
91394,33.79,-118.3
91395,33.79,-118.3
91396,33.79,-118.3
91399,33.79,-118.3
91401,33.79,-118.3
91402,33.79,-118.3
91403,33.79,-118.3
91404,33.79,-118.3
91405,33.79,-118.3
91406,33.79,-118.3
91407,33.79,-118.3
91408,33.79,-118.3
91409,33.79,-118.3
91410,33.79,-118.3
91411,33.79,-118.3
91412,33.79,-118.3
91413,33.79,-118.3
91416,33.79,-118.3
91423,33.79,-118.3
91426,33.79,-118.3
91436,33.79,-118.3
91470,33.79,-118.3
91482,33.79,-118.3
91495,33.79,-118.3
91496,33.79,-118.3
91497,33.79,-118.3
91499,33.79,-118.3
91501,33.79,-118.3
91502,33.79,-118.3
91503,33.79,-118.3
91504,33.79,-118.3
91505,33.79,-118.3
91506,33.79,-118.3
91507,33.79,-118.3
91508,33.79,-118.3
91510,33.79,-118.3
91521,33.79,-118.3
91522,33.79,-118.3
91523,33.79,-118.3
91526,33.79,-118.3
91601,33.79,-118.3
91602,33.79,-118.3
91603,33.79,-118.3
91604,33.79,-118.3
91605,33.79,-118.3
91606,33.79,-118.3
91607,33.79,-118.3
91608,33.79,-118.3
91609,33.79,-118.3
91610,33.79,-118.3
91611,33.79,-118.3
91612,33.79,-118.3
91614,33.79,-118.3
91615,33.79,-118.3
91616,33.79,-118.3
91617,33.79,-118.3
91618,33.79,-118.3
91701,34.84,-115.97
91702,33.79,-118.3
91706,33.79,-118.3
91708,34.84,-115.97
91709,34.84,-115.97
91710,34.16,-114.3
91711,33.79,-118.3
91714,33.79,-118.3
91715,33.79,-118.3
91716,33.79,-118.3
91722,33.79,-118.3
91723,33.79,-118.3
91724,33.79,-118.3
91729,34.84,-115.97
91730,34.84,-115.97
91731,33.79,-118.3
91732,33.79,-118.3
91733,33.79,-118.3
91734,33.79,-118.3
91735,33.79,-118.3
91737,34.84,-115.97
91739,34.12,-116.25
91740,33.79,-118.3
91741,33.79,-118.3
91743,34.84,-115.97
91744,33.79,-118.3
91745,33.98,-117.98
91746,33.79,-118.3
91747,33.79,-118.3
91748,33.97,-117.92
91749,33.79,-118.3
91750,33.79,-118.3
91752,33.75,-116.06
91754,33.79,-118.3
91755,33.79,-118.3
91756,33.79,-118.3
91758,34.84,-115.97
91759,33.79,-118.3
91761,34.84,-115.97
91762,34.84,-115.97
91763,34.84,-115.97
91764,34.84,-115.97
91765,33.79,-118.3
91766,33.79,-118.3
91767,33.79,-118.3
91768,33.79,-118.3
91769,33.79,-118.3
91770,33.79,-118.3
91771,33.79,-118.3
91772,33.79,-118.3
91773,33.79,-118.3
91775,33.79,-118.3
91776,33.79,-118.3
91778,33.79,-118.3
91780,33.79,-118.3
91784,34.13,-116.25
91785,34.84,-115.97
91786,34.84,-115.97
91788,33.79,-118.3
91789,33.79,-118.3
91790,33.79,-118.3
91791,33.79,-118.3
91792,33.79,-118.3
91793,33.79,-118.3
91795,33.79,-118.3
91797,33.79,-118.3
91798,34.84,-115.97
91799,33.79,-118.3
91801,33.79,-118.3
91802,33.79,-118.3
91803,33.79,-118.3
91804,33.79,-118.3
91841,33.79,-118.3
91896,33.79,-118.3
91899,33.79,-118.3
91901,32.74,-116.98
91902,32.67,-117.02
91903,33.02,-116.85
91905,33.02,-116.85
91906,33.02,-116.85
91908,33.02,-116.85
91909,33.02,-116.85
91910,32.64,-117.05
91911,32.62,-117.03
91912,33.02,-116.85
91913,32.64,-116.98
91914,32.66,-116.97
91915,32.63,-116.95
91916,33.02,-116.85
91917,33.02,-116.85
91921,33.02,-116.85
91931,33.02,-116.85
91932,32.58,-117.12
91933,33.02,-116.85
91934,33.02,-116.85
91935,33.02,-116.85
91941,32.76,-117.0
91942,32.78,-117.02
91943,33.02,-116.85
91944,33.02,-116.85
91945,32.73,-117.04
91946,33.02,-116.85
91947,33.02,-116.85
91948,33.02,-116.85
91950,32.67,-117.08
91951,33.02,-116.85
91962,33.02,-116.85
91963,33.02,-116.85
91976,33.02,-116.85
91977,32.72,-117.0
91978,32.73,-116.96
91979,33.02,-116.85
91980,33.02,-116.85
91987,33.02,-116.85
91990,33.02,-116.85
92003,33.02,-116.85
92004,33.02,-116.85
92007,33.02,-117.27
92008,33.02,-116.85
92009,33.08,-117.27
92013,33.02,-116.85
92014,32.97,-117.22
92018,33.02,-116.85
92019,32.87,-117.04
92020,32.79,-116.96
92021,32.82,-116.89
92022,33.02,-116.85
92023,33.02,-116.85
92024,33.05,-117.25
92025,33.06,-117.08
92026,33.02,-116.85
92027,33.02,-116.85
92028,33.02,-116.85
92029,33.07,-117.16
92030,33.02,-116.85
92033,33.02,-116.85
92036,33.02,-116.85
92037,32.9,-117.23
92038,33.02,-116.85
92039,33.02,-116.85
92040,32.89,-116.9
92046,33.02,-116.85
92049,33.02,-116.85
92051,33.02,-116.85
92052,33.02,-116.85
92054,33.02,-116.85
92055,33.02,-116.85
92056,33.02,-116.85
92057,33.02,-116.85
92058,33.02,-116.85
92059,33.02,-116.85
92060,33.02,-116.85
92061,33.02,-116.85
92064,32.99,-117.03
92065,33.03,-116.98
92066,33.02,-116.85
92067,33.01,-117.22
92068,33.02,-116.85
92069,33.1,-117.22
92070,33.02,-116.85
92071,32.84,-116.99
92072,33.02,-116.85
92074,33.02,-116.85
92075,33.01,-117.26
92078,33.02,-116.85
92079,33.02,-116.85
92082,33.02,-116.85
92083,33.02,-116.85
92084,33.02,-116.85
92085,33.02,-116.85
92086,33.02,-116.85
92088,33.02,-116.85
92090,33.02,-116.85
92091,32.96,-117.05
92092,33.02,-116.85
92093,33.02,-116.85
92096,33.02,-116.85
92101,32.72,-117.17
92102,32.72,-117.12
92103,32.75,-117.17
92104,32.74,-117.13
92105,32.74,-117.09
92106,32.71,-117.23
92107,32.73,-117.2
92108,32.77,-117.15
92109,32.79,-117.24
92110,32.78,-117.21
92111,32.8,-117.17
92112,33.02,-116.85
92113,32.69,-117.12
92114,32.71,-117.05
92115,32.76,-117.07
92116,32.77,-117.13
92117,32.82,-117.2
92118,32.66,-117.16
92119,32.82,-117.03
92120,32.79,-117.08
92121,32.9,-117.21
92122,32.86,-117.21
92123,32.81,-117.14
92124,32.82,-117.08
92126,32.9,-117.14
92127,33.02,-117.12
92128,33.0,-117.07
92129,32.97,-117.13
92130,32.95,-117.16
92131,32.87,-117.09
92132,32.64,-117.14
92133,32.73,-117.22
92134,32.56,-117.07
92135,33.02,-116.85
92136,32.68,-117.12
92137,32.85,-117.12
92138,33.02,-116.85
92139,32.68,-117.05
92140,32.74,-117.2
92142,33.02,-116.85
92143,33.02,-116.85
92145,32.89,-117.1
92147,33.02,-116.85
92149,33.02,-116.85
92150,33.02,-116.85
92152,33.02,-116.85
92153,33.02,-116.85
92154,32.63,-117.04
92155,32.67,-117.17
92158,33.02,-116.85
92159,33.02,-116.85
92160,33.02,-116.85
92161,32.87,-117.23
92162,33.02,-116.85
92163,33.02,-116.85
92164,33.02,-116.85
92165,33.02,-116.85
92166,33.02,-116.85
92167,33.02,-116.85
92168,33.02,-116.85
92169,33.02,-116.85
92170,33.02,-116.85
92171,33.02,-116.85
92172,33.02,-116.85
92173,32.57,-117.0
92174,33.02,-116.85
92175,33.02,-116.85
92176,33.02,-116.85
92177,33.02,-116.85
92178,33.02,-116.85
92179,32.57,-116.92
92182,32.78,-117.08
92184,33.02,-116.85
92186,33.02,-116.85
92187,33.02,-116.85
92190,33.02,-116.85
92191,33.02,-116.85
92192,33.02,-116.85
92193,33.02,-116.85
92194,33.02,-116.85
92195,33.02,-116.85
92196,33.02,-116.85
92197,33.02,-116.85
92198,33.02,-116.85
92199,32.75,-117.19
92201,33.73,-116.04
92202,33.75,-116.06
92203,33.75,-116.27
92210,33.7,-116.3
92211,33.76,-116.34
92220,33.92,-116.86
92222,32.78,-114.56
92223,33.93,-116.95
92225,33.76,-115.72
92226,33.6,-114.65
92227,33.1,-115.28
92230,33.84,-116.61
92231,32.95,-115.52
92232,33.03,-115.28
92233,33.16,-115.51
92234,33.65,-116.28
92235,33.75,-116.06
92236,33.65,-116.14
92239,33.81,-115.37
92240,33.9,-116.4
92241,33.88,-116.35
92242,34.2,-115.65
92243,32.9,-115.5
92244,32.79,-115.69
92249,32.72,-115.44
92250,32.87,-115.37
92251,33.01,-115.64
92252,34.18,-116.27
92253,33.67,-116.26
92254,33.55,-116.02
92255,33.75,-116.06
92256,34.15,-116.37
92257,33.12,-115.64
92258,33.92,-116.55
92259,32.98,-115.82
92260,33.68,-116.4
92261,33.66,-116.41
92262,33.84,-116.53
92263,33.76,-116.54
92264,33.8,-116.51
92266,33.37,-114.74
92267,34.25,-114.21
92268,34.19,-116.5
92270,33.7,-116.43
92273,32.79,-115.69
92274,33.56,-116.16
92275,33.31,-115.96
92276,33.84,-116.39
92277,34.23,-116.24
92278,34.31,-115.28
92280,34.2,-115.29
92281,33.04,-115.59
92282,33.95,-116.65
92283,32.98,-114.69
92284,34.45,-115.9
92285,34.31,-116.52
92286,34.18,-116.35
92292,33.75,-116.06
92301,34.84,-115.97
92304,34.61,-115.8
92305,34.15,-116.51
92307,34.84,-115.97
92308,34.45,-116.73
92309,35.45,-116.14
92310,35.26,-116.7
92311,34.69,-115.85
92312,34.2,-116.91
92313,34.84,-115.97
92314,34.51,-116.11
92315,34.22,-116.85
92316,34.25,-116.85
92317,34.21,-117.08
92318,34.84,-115.97
92320,33.98,-117.04
92321,34.84,-115.97
92322,34.84,-115.97
92323,34.84,-115.97
92324,34.15,-116.9
92325,34.85,-116.7
92326,34.84,-115.97
92327,34.9,-116.77
92328,36.24,-117.14
92329,34.84,-115.97
92332,34.59,-115.58
92333,34.26,-116.95
92334,34.84,-115.97
92335,34.16,-114.3
92336,34.12,-116.25
92337,34.84,-115.97
92338,34.93,-115.8
92339,34.13,-116.91
92340,34.84,-115.97
92341,34.24,-116.94
92342,34.5,-116.38
92345,34.84,-115.97
92346,34.16,-117.14
92347,35.01,-116.19
92350,34.84,-115.97
92352,34.21,-117.13
92354,34.84,-115.97
92356,34.77,-116.21
92357,34.84,-115.97
92358,34.84,-115.97
92359,34.47,-115.97
92363,34.64,-115.56
92364,35.34,-115.63
92365,34.91,-115.93
92366,34.84,-115.97
92368,34.84,-115.97
92369,34.84,-115.97
92371,34.84,-115.97
92372,34.24,-116.86
92373,34.24,-116.89
92374,34.15,-116.9
92375,34.84,-115.97
92376,34.2,-115.57
92377,34.14,-116.98
92378,34.84,-115.97
92382,34.21,-117.11
92384,35.98,-116.27
92385,34.84,-115.97
92386,34.25,-116.82
92389,36.63,-117.22
92391,34.84,-115.97
92392,34.49,-114.75
92393,34.84,-115.97
92394,34.53,-115.17
92397,34.84,-115.97
92398,34.93,-116.71
92399,34.06,-116.97
92401,34.84,-115.97
92402,34.21,-117.13
92403,34.84,-115.97
92404,34.16,-116.71
92405,34.13,-116.23
92406,34.84,-115.97
92407,34.27,-116.94
92408,34.84,-115.97
92410,34.1,-116.48
92411,34.84,-115.97
92412,34.84,-115.97
92413,34.84,-115.97
92414,34.84,-115.97
92415,34.84,-115.97
92418,34.84,-115.97
92420,34.84,-115.97
92423,34.84,-115.97
92424,34.84,-115.97
92427,34.26,-116.86
92501,33.75,-116.06
92502,33.75,-116.06
92503,33.75,-116.06
92504,33.75,-116.06
92505,33.75,-116.06
92506,33.75,-116.06
92507,33.75,-116.06
92508,33.75,-116.06
92509,33.75,-116.06
92513,33.75,-116.06
92514,33.75,-116.06
92515,33.75,-116.06
92516,33.75,-116.06
92517,33.75,-116.06
92518,33.75,-116.06
92519,33.75,-116.06
92521,33.75,-116.06
92522,33.75,-116.06
92530,33.66,-116.65
92531,33.75,-116.06
92532,33.75,-116.06
92536,33.52,-116.8
92539,33.52,-116.68
92543,33.65,-116.78
92544,33.62,-116.79
92545,33.75,-116.06
92546,33.75,-116.06
92548,33.75,-116.06
92549,33.74,-116.72
92551,33.75,-116.06
92552,33.75,-116.06
92553,33.86,-116.72
92554,33.52,-115.92
92555,33.86,-116.92
92556,33.75,-116.06
92557,33.75,-116.06
92561,33.64,-116.56
92562,33.44,-116.86
92563,33.75,-116.06
92564,33.75,-116.06
92567,33.63,-116.41
92570,33.75,-116.06
92571,33.75,-116.06
92572,33.75,-116.06
92581,33.75,-116.06
92582,33.75,-116.06
92583,33.75,-116.06
92584,33.75,-116.06
92585,33.75,-116.06
92586,33.49,-116.78
92587,33.75,-116.06
92589,33.75,-116.06
92590,33.75,-116.06
92591,33.75,-116.06
92592,33.75,-116.06
92593,33.75,-116.06
92595,33.75,-116.06
92596,33.75,-116.06
92599,33.75,-116.06
92602,33.72,-117.72
92603,33.65,-117.76
92604,33.69,-117.79
92605,33.64,-117.77
92606,33.7,-117.82
92607,33.64,-117.77
92609,33.62,-117.7
92610,33.66,-117.73
92612,33.62,-117.78
92614,33.69,-117.83
92615,33.64,-117.77
92616,33.64,-117.77
92618,33.64,-117.73
92619,33.67,-117.77
92620,33.69,-117.77
92623,33.69,-117.83
92624,33.46,-117.66
92625,33.6,-117.87
92626,33.68,-117.78
92627,33.69,-117.76
92628,33.64,-117.77
92629,33.49,-117.7
92630,33.64,-117.69
92637,33.61,-117.73
92646,33.64,-117.77
92647,33.64,-117.77
92648,33.64,-117.77
92649,33.64,-117.77
92650,33.64,-117.77
92651,33.52,-117.74
92652,33.64,-117.77
92653,33.6,-117.72
92654,33.6,-117.72
92655,33.64,-117.77
92656,33.6,-117.75
92657,33.6,-117.84
92658,33.64,-117.77
92659,33.61,-117.89
92660,33.64,-117.88
92661,33.56,-117.83
92662,33.61,-117.89
92663,33.62,-117.92
92672,33.57,-117.62
92673,33.46,-117.63
92674,33.44,-117.62
92675,33.53,-117.62
92676,33.74,-117.73
92677,33.53,-117.71
92678,33.67,-117.59
92679,33.61,-117.6
92683,33.64,-117.77
92684,33.64,-117.77
92685,33.64,-117.77
92688,33.6,-117.6
92690,33.64,-117.77
92691,33.61,-117.67
92692,33.58,-117.66
92693,33.56,-117.56
92694,33.64,-117.77
92697,33.64,-117.77
92698,33.64,-117.77
92701,33.64,-117.77
92702,33.64,-117.77
92703,33.64,-117.77
92704,33.64,-117.77
92705,33.71,-117.85
92706,33.64,-117.77
92707,33.68,-117.88
92708,33.64,-117.77
92709,33.64,-117.77
92710,33.71,-117.81
92711,33.64,-117.77
92712,33.64,-117.77
92728,33.64,-117.77
92735,33.64,-117.77
92780,33.58,-117.73
92781,33.64,-117.77
92782,33.71,-117.82
92799,33.64,-117.77
92801,33.64,-117.77
92802,33.64,-117.77
92803,33.64,-117.77
92804,33.64,-117.77
92805,33.64,-117.77
92806,33.64,-117.77
92807,33.64,-117.77
92808,33.64,-117.77
92809,33.87,-117.74
92811,33.64,-117.77
92812,33.64,-117.77
92814,33.64,-117.77
92815,33.64,-117.77
92816,33.64,-117.77
92817,33.64,-117.77
92821,33.64,-117.77
92822,33.64,-117.77
92823,33.64,-117.77
92825,33.64,-117.77
92831,33.64,-117.77
92832,33.64,-117.77
92833,33.64,-117.77
92834,33.64,-117.77
92835,33.64,-117.77
92836,33.64,-117.77
92837,33.64,-117.77
92838,33.64,-117.77
92840,33.64,-117.77
92841,33.64,-117.77
92842,33.64,-117.77
92843,33.64,-117.77
92844,33.64,-117.77
92845,33.64,-117.77
92846,33.64,-117.77
92850,33.64,-117.77
92856,33.64,-117.77
92857,33.64,-117.77
92859,33.64,-117.77
92860,33.75,-116.06
92861,33.64,-117.77
92862,33.64,-117.77
92863,33.64,-117.77
92864,33.64,-117.77
92865,33.64,-117.77
92866,33.64,-117.77
92867,33.64,-117.77
92868,33.64,-117.77
92869,33.64,-117.77
92870,33.64,-117.77
92871,33.64,-117.77
92877,33.75,-116.06
92878,33.75,-116.06
92879,33.75,-116.06
92880,33.75,-116.06
92881,33.75,-116.06
92882,33.75,-116.06
92883,33.75,-116.06
92885,33.64,-117.77
92886,33.67,-117.59
92887,33.64,-117.77
92899,33.64,-117.77
93001,34.33,-119.36
93002,34.03,-119.13
93003,34.23,-119.22
93004,34.28,-119.17
93005,34.03,-119.13
93006,34.03,-119.13
93007,34.03,-119.13
93009,34.36,-119.15
93010,34.31,-119.08
93011,34.03,-119.13
93012,34.2,-118.97
93013,34.41,-119.52
93014,34.26,-119.85
93015,34.39,-118.86
93016,34.03,-119.13
93020,34.03,-119.13
93021,34.3,-118.9
93022,34.41,-119.29
93023,34.48,-119.26
93024,34.03,-119.13
93030,34.22,-119.18
93031,34.03,-119.13
93032,34.03,-119.13
93033,34.15,-119.13
93034,34.03,-119.13
93035,34.22,-119.2
93040,34.44,-118.79
93041,34.15,-119.15
93042,34.11,-119.11
93043,34.16,-119.21
93044,34.03,-119.13
93060,34.36,-119.09
93061,34.03,-119.13
93062,34.03,-119.13
93063,34.29,-118.82
93064,34.26,-118.71
93065,34.27,-118.73
93066,34.3,-119.04
93067,34.42,-119.59
93093,34.03,-119.13
93094,34.03,-119.13
93099,34.03,-119.13
93101,34.42,-119.71
93102,34.26,-119.85
93103,34.43,-119.63
93105,34.51,-119.87
93106,34.43,-119.84
93107,34.42,-119.86
93108,34.44,-119.62
93109,34.41,-119.72
93110,34.54,-119.91
93111,34.45,-119.8
93116,34.26,-119.85
93117,34.5,-120.04
93118,34.26,-119.85
93120,34.26,-119.85
93121,34.26,-119.85
93130,34.26,-119.85
93140,34.26,-119.85
93150,34.26,-119.85
93160,34.26,-119.85
93190,34.26,-119.85
93199,34.26,-119.85
93201,35.86,-119.3
93202,36.32,-119.7
93203,35.31,-118.66
93204,36.0,-120.13
93205,35.57,-118.49
93206,35.29,-118.91
93207,35.88,-118.66
93208,36.14,-118.69
93210,36.25,-120.38
93212,36.07,-119.62
93215,35.29,-118.91
93216,35.29,-118.91
93218,36.08,-119.04
93219,35.88,-119.26
93220,35.36,-118.81
93221,36.34,-119.09
93222,35.29,-118.91
93223,36.3,-119.2
93224,35.29,-118.91
93225,35.67,-118.48
93226,35.73,-118.71
93227,36.36,-119.43
93230,36.22,-119.72
93232,36.14,-119.89
93234,36.21,-120.1
93235,36.38,-119.13
93237,36.47,-118.9
93238,35.71,-118.41
93239,36.01,-120.03
93240,35.67,-118.46
93241,35.41,-118.7
93242,36.45,-119.7
93243,34.88,-118.86
93244,36.5,-118.99
93245,36.27,-119.82
93246,36.14,-119.89
93247,36.07,-119.13
93249,35.29,-118.91
93250,35.67,-118.49
93251,35.29,-118.91
93252,35.29,-118.91
93254,34.92,-119.59
93255,35.64,-117.99
93256,35.96,-119.14
93257,35.97,-118.7
93258,36.03,-119.01
93260,35.82,-118.73
93261,35.81,-119.13
93262,36.36,-118.72
93263,35.76,-118.44
93265,36.13,-118.93
93266,36.19,-119.85
93267,36.14,-119.04
93268,35.7,-118.41
93270,35.9,-119.04
93271,36.44,-118.83
93272,36.01,-119.33
93274,36.13,-119.3
93275,36.27,-118.78
93276,35.29,-118.91
93277,36.13,-119.36
93278,36.13,-118.82
93279,36.39,-119.12
93280,35.47,-118.7
93282,36.13,-119.52
93283,35.54,-118.58
93285,35.47,-118.55
93286,36.47,-119.12
93287,35.61,-118.8
93291,36.18,-119.36
93292,36.19,-119.23
93301,35.48,-119.01
93302,35.29,-118.91
93303,35.29,-118.91
93304,35.33,-119.02
93305,35.39,-118.99
93306,35.41,-118.87
93307,35.11,-118.72
93308,35.57,-118.89
93309,35.29,-118.91
93311,35.29,-118.91
93312,35.24,-118.92
93313,35.28,-119.01
93380,35.29,-118.91
93381,35.29,-118.91
93382,35.29,-118.91
93383,35.29,-118.91
93384,35.29,-118.91
93385,35.29,-118.91
93386,35.29,-118.91
93387,35.29,-118.91
93388,35.29,-118.91
93389,35.29,-118.91
93390,35.29,-118.91
93401,35.27,-120.62
93402,35.3,-120.79
93403,35.35,-120.46
93405,35.36,-120.7
93406,35.35,-120.46
93407,35.35,-120.46
93408,35.35,-120.46
93409,35.22,-120.64
93410,35.35,-120.46
93412,35.35,-120.46
93420,35.29,-120.66
93421,35.35,-120.46
93422,35.46,-120.71
93423,35.43,-120.77
93424,35.19,-120.72
93426,35.91,-120.94
93427,34.64,-120.2
93428,35.59,-120.95
93429,34.85,-120.53
93430,35.47,-120.91
93432,35.48,-120.44
93433,35.38,-120.5
93434,34.94,-120.57
93435,35.49,-120.98
93436,34.63,-120.34
93437,34.74,-120.53
93438,34.26,-119.85
93440,34.75,-120.2
93441,34.69,-120.07
93442,35.4,-120.79
93443,35.35,-120.46
93444,35.05,-120.49
93445,35.11,-120.61
93446,35.64,-120.7
93447,35.76,-120.69
93448,35.35,-120.46
93449,35.39,-120.55
93450,35.98,-120.83
93451,35.71,-120.65
93452,35.58,-120.89
93453,35.36,-120.26
93454,34.88,-120.34
93455,34.88,-120.38
93456,35.03,-120.2
93457,34.84,-120.53
93458,34.95,-120.5
93460,34.65,-120.09
93461,35.61,-120.29
93463,34.65,-120.17
93464,34.67,-120.11
93465,35.52,-120.65
93483,35.35,-120.46
93501,35.04,-118.32
93502,35.07,-118.22
93504,35.19,-117.89
93505,35.14,-117.9
93510,33.79,-118.3
93512,37.5,-118.62
93513,37.17,-118.29
93514,37.03,-118.33
93515,36.63,-117.22
93516,35.22,-118.06
93517,38.25,-119.2
93518,35.49,-118.61
93519,35.18,-118.04
93522,36.63,-117.22
93523,35.26,-118.13
93524,35.29,-118.91
93526,36.83,-118.24
93527,35.64,-117.86
93528,35.37,-117.64
93529,37.71,-119.05
93530,36.49,-117.87
93531,35.23,-118.58
93532,33.79,-118.3
93534,33.79,-118.3
93535,33.79,-118.3
93536,33.79,-118.3
93539,33.79,-118.3
93541,37.98,-119.13
93542,36.63,-117.22
93543,33.79,-118.3
93544,33.79,-118.3
93545,36.55,-117.98
93546,37.61,-118.87
93549,36.23,-117.96
93550,33.79,-118.3
93551,33.79,-118.3
93552,33.79,-118.3
93553,33.79,-118.3
93554,35.39,-117.72
93555,35.54,-117.79
93556,35.29,-118.91
93558,34.84,-115.97
93560,34.94,-118.4
93561,35.04,-118.5
93562,34.84,-115.97
93563,33.79,-118.3
93581,35.29,-118.91
93584,33.79,-118.3
93586,33.79,-118.3
93590,33.79,-118.3
93591,33.79,-118.3
93592,34.84,-115.97
93596,35.29,-118.91
93599,33.79,-118.3
93601,37.38,-119.74
93602,37.08,-119.25
93603,36.57,-119.02
93604,37.3,-119.55
93605,37.21,-119.25
93606,36.8,-120.02
93607,36.59,-119.9
93608,36.61,-120.25
93609,36.53,-120.05
93610,37.01,-120.27
93611,36.83,-119.59
93612,36.88,-119.59
93613,37.04,-119.51
93614,37.16,-119.72
93615,36.52,-119.24
93616,36.65,-119.59
93618,36.51,-119.4
93620,37.07,-120.62
93621,36.72,-119.05
93622,36.77,-120.21
93623,37.51,-119.65
93624,36.34,-120.11
93625,36.62,-119.69
93626,36.84,-119.67
93627,36.57,-120.07
93628,36.75,-118.96
93630,36.68,-120.22
93631,36.52,-119.6
93633,36.73,-118.96
93634,37.17,-119.24
93635,37.1,-120.85
93637,36.93,-120.18
93638,37.02,-119.98
93639,37.16,-119.95
93640,36.68,-120.39
93641,36.7,-119.05
93642,36.75,-119.64
93643,37.21,-119.5
93644,37.38,-119.65
93645,37.16,-119.67
93646,36.68,-119.78
93647,36.56,-119.17
93648,36.66,-119.82
93649,36.84,-119.35
93650,36.84,-119.8
93651,37.01,-119.51
93652,36.59,-119.9
93653,37.24,-119.86
93654,36.67,-119.4
93656,36.47,-119.98
93657,36.9,-119.83
93660,36.46,-120.2
93661,37.19,-120.65
93662,36.64,-119.99
93664,37.1,-119.17
93665,37.01,-120.74
93666,36.52,-119.35
93667,36.96,-119.37
93668,36.63,-120.28
93669,37.27,-119.54
93670,36.47,-119.26
93673,36.44,-119.47
93675,36.75,-119.35
93701,36.78,-119.82
93702,36.77,-119.81
93703,36.77,-119.76
93704,36.93,-119.67
93705,36.8,-119.85
93706,36.65,-120.0
93707,36.75,-119.64
93708,36.75,-119.64
93709,36.75,-119.64
93710,36.9,-119.75
93711,36.83,-119.83
93712,36.75,-119.64
93714,36.75,-119.64
93715,36.75,-119.64
93716,36.75,-119.64
93717,36.75,-119.64
93718,36.75,-119.64
93720,36.85,-119.8
93721,36.73,-119.77
93722,36.79,-119.93
93724,36.75,-119.64
93725,36.62,-119.73
93726,36.73,-119.76
93727,36.76,-119.67
93728,36.76,-119.82
93729,36.75,-119.64
93740,36.75,-119.64
93741,36.75,-119.64
93744,36.75,-119.64
93745,36.75,-119.64
93747,36.75,-119.64
93750,36.75,-119.64
93755,36.75,-119.64
93760,36.75,-119.64
93761,36.75,-119.64
93762,36.75,-119.64
93764,36.75,-119.64
93765,36.75,-119.64
93771,36.75,-119.64
93772,36.75,-119.64
93773,36.75,-119.64
93774,36.75,-119.64
93775,36.75,-119.64
93776,36.75,-119.64
93777,36.75,-119.64
93778,36.75,-119.64
93779,36.75,-119.64
93780,36.75,-119.64
93784,36.75,-119.64
93786,36.75,-119.64
93790,36.75,-119.64
93791,36.75,-119.64
93792,36.75,-119.64
93793,36.75,-119.64
93794,36.75,-119.64
93844,36.75,-119.64
93888,36.75,-119.64
93901,36.44,-121.42
93902,36.35,-121.13
93905,36.68,-121.61
93906,36.62,-121.49
93907,36.76,-121.67
93908,36.64,-121.64
93912,36.35,-121.13
93915,36.35,-121.13
93920,36.05,-121.61
93921,36.55,-121.92
93922,36.54,-121.93
93923,36.62,-121.8
93924,36.45,-121.67
93925,36.58,-121.45
93926,36.5,-121.41
93927,36.32,-121.32
93928,36.02,-121.21
93930,36.2,-121.05
93932,35.95,-121.06
93933,36.64,-121.81
93940,36.52,-121.69
93942,36.35,-121.13
93943,36.35,-121.13
93944,36.61,-121.91
93950,36.41,-121.54
93953,36.58,-121.94
93954,36.46,-121.29
93955,36.43,-121.5
93960,36.45,-121.37
93962,36.63,-121.66
94002,37.52,-122.29
94003,37.38,-122.33
94005,37.69,-122.4
94010,37.57,-122.37
94011,37.38,-122.33
94012,37.38,-122.33
94014,37.69,-122.44
94015,37.68,-122.48
94016,37.38,-122.33
94017,37.38,-122.33
94018,37.51,-122.47
94019,37.39,-122.42
94020,37.27,-122.25
94021,37.28,-122.31
94022,37.24,-121.89
94023,37.19,-121.71
94024,37.19,-121.71
94025,37.44,-122.19
94026,37.38,-122.33
94027,37.45,-122.2
94028,37.37,-122.22
94029,37.38,-122.33
94030,37.6,-122.4
94031,37.38,-122.33
94035,37.19,-121.71
94037,37.54,-122.51
94038,37.52,-122.5
94039,37.19,-121.71
94040,37.19,-121.71
94041,37.19,-121.71
94042,37.19,-121.71
94043,37.19,-121.71
94044,37.62,-122.48
94045,37.38,-122.33
94059,37.38,-122.33
94060,37.21,-122.34
94061,37.46,-122.24
94062,37.42,-122.3
94063,37.49,-122.21
94064,37.38,-122.33
94065,37.53,-122.25
94066,37.62,-122.44
94067,37.38,-122.33
94070,37.5,-122.3
94071,37.38,-122.33
94074,37.33,-122.36
94080,37.66,-122.42
94083,37.38,-122.33
94085,37.39,-122.02
94086,37.19,-121.71
94087,37.19,-121.71
94088,37.19,-121.71
94089,37.19,-121.71
94090,37.19,-121.71
94096,37.38,-122.33
94098,37.38,-122.33
94099,37.38,-122.33
94101,37.78,-122.73
94102,37.78,-122.42
94103,37.78,-122.41
94104,37.79,-122.4
94105,37.79,-122.4
94106,37.78,-122.73
94107,37.77,-122.39
94108,37.79,-122.41
94109,37.8,-122.42
94110,37.75,-122.42
94111,37.77,-122.41
94112,37.72,-122.44
94114,37.76,-122.44
94115,37.79,-122.44
94116,37.74,-122.48
94117,37.77,-122.44
94118,37.78,-122.46
94119,37.78,-122.73
94120,37.78,-122.73
94121,37.78,-122.49
94122,37.76,-122.48
94123,37.8,-122.44
94124,37.73,-122.38
94125,37.78,-122.73
94126,37.78,-122.73
94127,37.73,-122.46
94128,37.62,-122.39
94129,37.8,-122.47
94130,37.82,-122.37
94131,37.74,-122.44
94132,37.72,-122.48
94133,37.8,-122.41
94134,37.72,-122.41
94135,37.78,-122.73
94136,37.78,-122.73
94137,37.78,-122.73
94138,37.78,-122.73
94139,37.78,-122.73
94140,37.78,-122.73
94141,37.78,-122.73
94142,37.78,-122.73
94143,37.76,-122.46
94144,37.78,-122.73
94145,37.78,-122.73
94146,37.78,-122.73
94147,37.78,-122.73
94150,37.78,-122.73
94151,37.78,-122.73
94152,37.78,-122.73
94153,37.78,-122.73
94154,37.78,-122.73
94155,37.78,-122.73
94156,37.78,-122.73
94157,37.78,-122.73
94159,37.78,-122.73
94160,37.78,-122.73
94161,37.78,-122.73
94162,37.78,-122.73
94163,37.78,-122.73
94164,37.78,-122.73
94165,37.78,-122.73
94166,37.78,-122.73
94167,37.78,-122.73
94168,37.78,-122.73
94169,37.78,-122.73
94170,37.78,-122.73
94171,37.78,-122.73
94172,37.78,-122.73
94175,37.78,-122.73
94177,37.78,-122.73
94188,37.78,-122.73
94203,38.38,-121.56
94204,38.38,-121.44
94205,38.38,-121.44
94206,38.38,-121.44
94207,38.38,-121.44
94208,38.38,-121.44
94209,38.38,-121.44
94211,38.38,-121.44
94229,38.38,-121.44
94230,38.38,-121.44
94232,38.38,-121.44
94234,38.38,-121.44
94235,38.38,-121.44
94236,38.38,-121.44
94237,38.38,-121.44
94239,38.38,-121.44
94240,38.38,-121.44
94243,38.38,-121.44
94244,38.38,-121.44
94245,38.38,-121.44
94246,38.38,-121.44
94247,38.38,-121.44
94248,38.38,-121.44
94249,38.38,-121.44
94250,38.38,-121.44
94252,38.38,-121.44
94253,38.38,-121.44
94254,38.38,-121.44
94256,38.38,-121.44
94257,38.38,-121.44
94258,38.38,-121.44
94259,38.38,-121.44
94261,38.38,-121.44
94262,38.38,-121.44
94263,38.38,-121.44
94267,38.38,-121.44
94268,38.38,-121.44
94269,38.38,-121.44
94271,38.38,-121.44
94273,38.38,-121.44
94274,38.38,-121.44
94277,38.38,-121.44
94278,38.38,-121.44
94279,38.38,-121.44
94280,38.38,-121.44
94282,38.38,-121.44
94283,38.38,-121.44
94284,38.38,-121.44
94285,38.38,-121.44
94286,38.38,-121.44
94287,38.38,-121.44
94288,38.38,-121.44
94289,38.38,-121.44
94290,38.38,-121.44
94291,38.38,-121.44
94293,38.38,-121.44
94294,38.38,-121.44
94295,38.38,-121.44
94296,38.38,-121.44
94297,38.38,-121.44
94298,38.38,-121.44
94299,38.38,-121.44
94301,37.19,-121.71
94302,37.19,-121.71
94303,37.47,-122.14
94304,37.19,-121.71
94305,37.19,-121.71
94306,37.19,-121.71
94307,37.38,-122.33
94308,37.38,-122.33
94309,37.19,-121.71
94310,37.19,-121.71
94401,37.57,-122.32
94402,37.54,-122.33
94403,37.54,-122.3
94404,37.55,-122.27
94405,37.38,-122.33
94406,37.38,-122.33
94407,37.38,-122.33
94408,37.38,-122.33
94409,37.38,-122.33
94497,37.53,-122.33
94501,37.77,-122.26
94502,37.74,-122.24
94503,38.19,-122.22
94506,37.83,-121.92
94507,37.94,-122.07
94508,38.57,-122.45
94509,37.93,-121.91
94510,38.1,-122.03
94511,38.03,-121.64
94512,38.13,-121.83
94513,37.91,-121.84
94514,37.86,-121.62
94515,38.62,-122.51
94516,37.78,-121.96
94517,37.9,-121.78
94518,37.95,-122.02
94519,37.98,-122.01
94520,37.99,-122.01
94521,37.95,-121.96
94522,37.78,-121.96
94523,37.96,-122.08
94524,37.78,-121.96
94525,37.96,-122.15
94526,37.91,-122.05
94527,37.95,-121.96
94528,37.84,-121.97
94529,37.78,-121.96
94530,37.92,-122.3
94531,37.92,-121.72
94533,38.28,-122.02
94535,38.27,-121.94
94536,37.57,-121.98
94537,37.68,-121.92
94538,37.51,-121.96
94539,37.52,-121.91
94540,37.68,-121.92
94541,37.68,-121.97
94542,37.66,-122.05
94543,37.68,-121.92
94544,37.61,-122.06
94545,37.64,-122.09
94546,37.73,-122.07
94547,38.01,-122.26
94548,37.97,-121.67
94549,37.9,-122.12
94550,37.68,-121.92
94551,37.68,-121.92
94552,37.69,-121.93
94553,37.99,-122.13
94555,37.57,-122.06
94556,37.84,-122.1
94557,37.68,-121.92
94558,38.52,-122.31
94559,38.26,-122.31
94560,37.53,-122.03
94561,38.0,-121.69
94562,38.44,-122.4
94563,37.89,-122.14
94564,37.99,-122.24
94565,38.0,-121.92
94566,37.65,-121.86
94567,38.65,-122.45
94568,37.71,-121.91
94569,38.05,-122.19
94570,37.78,-121.96
94571,38.21,-121.78
94572,38.03,-122.25
94573,38.47,-122.41
94574,38.54,-122.4
94575,37.78,-121.96
94576,38.45,-122.44
94577,37.72,-122.16
94578,37.7,-122.12
94579,37.69,-122.15
94580,37.68,-122.13
94581,38.51,-122.35
94583,37.77,-121.98
94585,38.2,-121.99
94586,37.59,-121.88
94587,37.59,-121.97
94588,37.69,-121.9
94589,38.16,-122.28
94590,38.1,-122.25
94591,38.11,-122.21
94592,38.1,-122.27
94595,37.87,-122.07
94596,37.95,-121.86
94597,37.78,-121.96
94598,37.91,-122.04
94599,38.42,-122.36
94601,37.79,-122.22
94602,37.8,-122.2
94603,37.76,-122.2
94604,37.68,-121.92
94605,37.76,-122.16
94606,37.79,-122.24
94607,37.81,-122.3
94608,37.83,-122.3
94609,37.83,-122.26
94610,37.81,-122.24
94611,37.85,-122.22
94612,37.81,-122.27
94613,37.78,-122.19
94614,37.73,-122.2
94615,37.81,-122.3
94617,37.81,-122.27
94618,37.84,-122.24
94619,37.78,-122.17
94620,37.68,-121.92
94621,37.74,-122.2
94623,37.68,-121.92
94624,37.68,-121.92
94625,37.8,-122.32
94626,37.82,-122.3
94627,37.68,-121.92
94643,37.68,-121.92
94649,37.68,-121.92
94659,37.68,-121.92
94660,37.68,-121.92
94661,37.68,-121.92
94662,37.68,-121.92
94666,37.68,-121.92
94701,37.86,-122.3
94702,37.86,-122.29
94703,37.87,-122.28
94704,37.87,-122.26
94705,37.86,-122.24
94706,37.89,-122.3
94707,37.89,-122.28
94708,37.89,-122.26
94709,37.88,-122.27
94710,37.87,-122.3
94712,37.68,-121.92
94720,37.87,-122.25
94801,37.95,-122.38
94802,37.78,-121.96
94803,37.97,-122.21
94804,37.93,-122.34
94805,37.93,-122.3
94806,37.96,-122.33
94807,37.78,-121.96
94808,37.78,-121.96
94820,37.78,-121.96
94850,37.78,-121.96
94901,37.97,-122.5
94903,38.03,-122.59
94904,37.95,-122.54
94912,38.07,-122.74
94913,38.07,-122.74
94914,38.07,-122.74
94915,38.07,-122.56
94920,37.94,-122.56
94922,38.35,-122.97
94923,38.37,-123.05
94924,38.0,-122.78
94925,37.93,-122.51
94926,38.46,-122.99
94927,38.46,-122.99
94928,38.35,-122.7
94929,38.25,-122.96
94930,37.98,-122.61
94931,38.32,-122.71
94933,38.02,-122.69
94937,38.11,-122.89
94938,38.02,-122.7
94939,37.94,-122.53
94940,38.17,-122.82
94941,37.89,-122.56
94942,38.07,-122.74
94945,38.03,-122.54
94946,38.01,-122.69
94947,38.1,-122.62
94948,38.15,-122.57
94949,38.06,-122.54
94950,38.05,-122.77
94951,38.32,-122.65
94952,38.27,-122.82
94953,38.46,-122.99
94954,38.23,-122.57
94955,38.46,-122.99
94956,38.06,-122.85
94957,38.02,-122.56
94960,37.99,-122.59
94963,38.02,-122.66
94964,37.94,-122.48
94965,37.85,-122.53
94966,38.07,-122.74
94970,37.91,-122.65
94971,38.24,-122.91
94972,38.31,-122.86
94973,38.01,-122.66
94974,38.07,-122.74
94975,38.46,-122.99
94976,38.07,-122.74
94977,38.07,-122.74
94978,38.07,-122.74
94979,38.07,-122.74
94998,38.12,-122.57
94999,38.27,-122.66
95001,37.05,-121.95
95002,37.19,-121.71
95003,37.02,-121.88
95004,36.86,-121.65
95005,37.1,-122.1
95006,37.18,-122.13
95007,37.11,-122.11
95008,37.19,-121.71
95009,37.19,-121.71
95010,37.01,-122.0
95011,37.19,-121.71
95012,36.78,-121.74
95013,37.19,-121.71
95014,37.19,-121.71
95015,37.19,-121.71
95017,37.1,-122.24
95018,37.1,-122.07
95019,36.94,-121.78
95020,37.02,-121.49
95021,36.99,-121.5
95023,36.83,-121.39
95024,36.85,-121.41
95026,37.19,-121.71
95030,37.11,-121.84
95031,37.19,-121.71
95032,37.07,-121.66
95033,37.19,-121.71
95035,37.44,-121.86
95036,37.46,-121.91
95037,37.13,-121.68
95038,37.23,-121.62
95039,36.8,-121.76
95041,37.05,-122.06
95042,37.19,-121.71
95043,36.59,-121.15
95044,37.19,-121.71
95045,36.83,-121.44
95046,37.09,-121.61
95050,37.19,-121.71
95051,37.19,-121.71
95052,37.19,-121.71
95053,37.19,-121.71
95054,37.19,-121.71
95055,37.19,-121.71
95056,37.19,-121.71
95060,37.05,-122.11
95061,37.01,-122.08
95062,36.97,-121.99
95063,36.96,-121.97
95064,36.99,-122.06
95065,37.03,-121.98
95066,37.07,-122.01
95067,37.05,-121.95
95070,37.19,-121.71
95071,37.19,-121.71
95073,37.03,-121.95
95075,36.76,-121.27
95076,36.98,-121.75
95077,37.05,-121.95
95101,37.19,-121.71
95102,37.19,-121.71
95103,37.19,-121.71
95106,37.19,-121.71
95108,37.19,-121.71
95109,37.19,-121.71
95110,37.19,-121.71
95111,37.27,-121.8
95112,37.37,-121.89
95113,37.19,-121.71
95114,37.19,-121.71
95115,37.19,-121.71
95116,37.36,-121.84
95117,37.19,-121.71
95118,37.19,-121.71
95119,37.19,-121.71
95120,37.38,-121.9
95121,37.3,-121.8
95122,37.33,-121.83
95123,37.19,-121.71
95124,37.19,-121.71
95125,37.19,-121.71
95126,37.19,-121.71
95127,37.37,-121.8
95128,37.19,-121.71
95129,37.19,-121.71
95130,37.19,-121.71
95131,37.39,-121.89
95132,37.43,-121.83
95133,37.37,-121.86
95134,37.19,-121.71
95135,37.27,-121.72
95136,37.19,-121.71
95137,37.19,-121.71
95138,37.26,-121.75
95139,37.22,-121.74
95140,37.3,-121.63
95141,37.18,-121.74
95142,37.19,-121.71
95148,37.34,-121.78
95150,37.19,-121.71
95151,37.19,-121.76
95152,37.19,-121.71
95153,37.22,-121.74
95154,37.19,-121.71
95155,37.19,-121.71
95156,37.19,-121.71
95157,37.19,-121.71
95158,37.19,-121.71
95159,37.19,-121.71
95160,37.19,-121.71
95161,37.19,-121.71
95164,37.19,-121.71
95170,37.19,-121.71
95171,37.19,-121.71
95172,37.19,-121.71
95173,37.19,-121.71
95190,37.19,-121.71
95191,37.19,-121.71
95192,37.19,-121.71
95193,37.19,-121.71
95194,37.19,-121.71
95196,37.19,-121.71
95201,37.67,-121.3
95202,37.96,-121.29
95203,37.95,-121.32
95204,37.98,-121.32
95205,37.95,-121.26
95206,37.91,-121.39
95207,38.02,-121.33
95208,37.89,-121.25
95209,37.99,-121.34
95210,38.03,-121.29
95211,37.98,-121.31
95212,38.04,-121.22
95213,37.9,-121.23
95215,37.96,-121.13
95219,38.0,-121.46
95220,38.2,-121.23
95221,38.09,-120.54
95222,38.05,-120.62
95223,38.33,-120.22
95224,38.22,-120.38
95225,38.19,-120.91
95226,38.21,-120.85
95227,38.21,-121.04
95228,37.97,-120.65
95229,38.11,-120.45
95230,37.92,-120.97
95231,37.88,-121.29
95232,38.35,-120.57
95233,38.18,-120.39
95234,37.89,-121.25
95236,38.02,-121.04
95237,38.14,-121.15
95240,38.11,-121.17
95241,37.89,-121.25
95242,38.14,-121.42
95245,38.29,-120.57
95246,38.28,-120.54
95247,38.13,-120.45
95248,38.33,-120.49
95249,38.19,-120.62
95250,38.24,-120.44
95251,38.09,-120.47
95252,38.19,-120.73
95253,38.11,-121.2
95254,38.16,-120.94
95255,38.4,-120.48
95257,38.39,-120.49
95258,38.16,-121.31
95267,37.89,-121.25
95269,37.89,-121.25
95290,37.95,-121.29
95296,37.89,-121.25
95297,37.89,-121.25
95298,37.89,-121.25
95301,37.32,-120.65
95303,37.47,-120.62
95304,37.89,-121.25
95305,37.82,-120.24
95306,37.41,-120.12
95307,37.56,-120.97
95309,37.81,-120.44
95310,38.06,-120.36
95311,37.7,-120.16
95312,37.42,-120.63
95313,37.43,-121.05
95314,38.03,-119.93
95315,37.43,-120.76
95316,37.55,-120.72
95317,37.13,-120.5
95318,37.62,-119.86
95319,37.64,-120.91
95320,37.82,-121.03
95321,37.87,-120.09
95322,37.15,-120.99
95323,37.6,-120.66
95324,37.4,-120.89
95325,37.56,-120.23
95326,37.55,-120.97
95327,37.88,-120.42
95328,37.56,-120.91
95329,37.65,-120.51
95330,37.81,-121.29
95333,37.26,-120.23
95334,37.36,-120.75
95335,38.11,-120.13
95336,37.81,-121.18
95337,37.74,-121.23
95338,37.57,-120.02
95340,37.34,-120.48
95341,37.19,-120.65
95342,37.37,-120.57
95343,37.19,-120.65
95344,37.38,-120.62
95345,37.56,-119.96
95346,38.08,-120.14
95347,37.81,-120.38
95348,37.41,-120.51
95350,37.67,-121.02
95351,37.64,-121.08
95352,37.6,-120.94
95353,37.6,-120.94
95354,37.53,-121.09
95355,37.69,-120.95
95356,37.72,-121.04
95357,37.68,-120.88
95358,37.61,-121.1
95360,37.34,-121.21
95361,37.84,-120.7
95363,37.52,-121.24
95364,38.0,-119.99
95365,37.29,-120.32
95366,37.77,-121.12
95367,37.69,-120.87
95368,37.7,-121.08
95369,37.48,-120.46
95370,37.96,-120.34
95372,38.01,-120.23
95373,37.99,-120.24
95374,37.32,-120.86
95375,38.18,-120.02
95376,37.69,-121.41
95377,37.67,-121.52
95378,37.89,-121.25
95379,37.92,-120.27
95380,37.54,-120.84
95381,37.6,-120.94
95382,37.53,-120.85
95383,38.09,-120.18
95385,37.89,-121.25
95386,37.66,-120.78
95387,37.56,-121.25
95388,37.41,-120.55
95389,37.64,-119.69
95390,37.6,-120.94
95391,37.78,-121.6
95397,37.6,-120.94
95401,38.45,-122.78
95402,38.44,-122.71
95403,38.48,-122.81
95404,38.45,-122.66
95405,38.44,-122.79
95406,38.46,-122.72
95407,38.39,-122.74
95408,38.46,-122.99
95409,38.46,-122.63
95410,39.17,-123.39
95412,38.71,-123.39
95415,39.05,-123.42
95416,38.46,-122.99
95417,39.68,-123.65
95418,39.21,-123.28
95419,38.42,-122.96
95420,39.37,-123.8
95421,38.56,-123.19
95422,38.95,-122.66
95423,38.95,-122.62
95424,38.99,-122.66
95425,38.64,-122.91
95426,38.83,-122.73
95427,39.24,-123.59
95428,39.84,-123.15
95429,39.67,-123.39
95430,38.44,-123.07
95431,38.46,-122.99
95432,39.08,-123.62
95433,38.31,-122.51
95435,39.01,-122.86
95436,38.51,-122.92
95437,39.5,-123.64
95439,38.49,-122.78
95441,38.71,-123.01
95442,38.38,-122.56
95443,39.03,-122.75
95444,38.43,-122.87
95445,38.84,-123.53
95446,38.5,-122.98
95448,38.51,-122.79
95449,38.97,-123.14
95450,38.55,-123.23
95451,38.93,-122.79
95452,38.41,-122.55
95453,39.05,-122.92
95454,39.77,-123.57
95456,39.27,-123.7
95457,38.9,-122.63
95458,39.16,-122.81
95459,38.95,-123.66
95460,39.32,-123.73
95461,39.04,-122.72
95462,38.46,-123.0
95463,39.13,-123.49
95464,39.28,-122.87
95465,38.41,-123.02
95466,39.06,-123.53
95468,38.92,-123.54
95469,39.36,-123.11
95470,39.3,-123.46
95471,38.52,-122.98
95472,38.41,-122.87
95473,38.33,-122.51
95476,38.26,-122.48
95480,38.68,-123.37
95481,39.13,-123.16
95482,39.4,-123.32
95485,39.25,-122.86
95486,38.46,-123.04
95487,38.46,-122.99
95488,39.66,-123.79
95490,39.53,-123.37
95492,38.53,-122.8
95493,39.19,-122.97
95494,38.93,-123.27
95497,38.72,-123.46
95501,40.65,-124.03
95502,40.73,-123.94
95503,40.79,-123.94
95511,40.13,-123.6
95514,40.32,-123.67
95518,40.88,-123.98
95519,40.71,-123.98
95521,40.56,-123.94
95524,40.82,-124.04
95525,40.96,-123.89
95526,40.48,-123.75
95527,40.48,-123.11
95528,40.5,-123.95
95531,41.74,-124.06
95532,41.85,-124.16
95534,40.73,-123.94
95536,40.47,-124.27
95537,40.73,-124.22
95538,41.89,-124.15
95540,40.82,-123.9
95542,40.65,-123.86
95543,41.91,-123.81
95545,40.26,-124.15
95546,40.79,-123.75
95547,40.55,-124.1
95548,41.61,-124.05
95549,40.65,-123.91
95550,40.77,-123.86
95551,40.67,-124.24
95552,40.45,-123.51
95553,40.24,-123.85
95554,40.26,-123.81
95555,41.29,-124.06
95556,41.3,-123.56
95558,40.3,-124.21
95559,40.2,-123.79
95560,40.51,-123.81
95562,40.31,-123.98
95563,40.67,-123.03
95564,40.8,-124.2
95565,40.44,-124.02
95567,41.93,-124.16
95568,41.45,-123.47
95569,40.37,-123.9
95570,40.98,-124.13
95571,40.32,-123.88
95573,40.87,-123.91
95585,39.87,-123.72
95587,39.95,-123.69
95589,40.48,-123.85
95595,40.67,-123.03
95601,38.42,-120.83
95602,39.01,-121.07
95603,38.97,-121.07
95604,39.11,-120.54
95605,38.59,-121.54
95606,38.8,-122.18
95607,38.79,-122.14
95608,38.62,-121.33
95609,38.65,-121.33
95610,38.69,-121.27
95611,38.38,-121.44
95612,38.43,-121.59
95613,38.81,-120.9
95614,38.88,-120.99
95615,38.34,-121.54
95616,38.52,-121.75
95617,38.62,-121.96
95618,38.54,-121.69
95619,38.63,-120.82
95620,38.4,-121.76
95621,38.69,-121.31
95623,38.68,-120.85
95624,38.44,-121.31
95625,38.35,-121.9
95626,38.7,-121.45
95627,38.78,-122.1
95628,38.66,-121.26
95629,38.51,-120.71
95630,38.59,-121.31
95631,39.02,-120.86
95632,38.29,-121.31
95633,38.85,-120.83
95634,38.92,-120.7
95635,38.91,-120.89
95636,38.64,-120.55
95637,38.85,-122.21
95638,38.32,-121.15
95639,38.36,-121.54
95640,38.34,-120.91
95641,38.18,-121.6
95642,38.37,-120.76
95644,38.46,-120.55
95645,38.86,-121.77
95646,38.58,-120.29
95648,38.93,-121.33
95650,38.81,-121.18
95651,38.89,-120.84
95652,38.67,-121.39
95653,38.67,-121.97
95654,38.46,-120.55
95655,38.55,-121.28
95656,38.55,-120.71
95658,39.04,-120.97
95659,38.84,-121.55
95660,38.67,-121.39
95661,38.74,-121.26
95662,38.69,-121.23
95663,38.85,-121.18
95664,38.75,-120.98
95665,38.4,-120.67
95666,38.56,-120.35
95667,38.73,-120.8
95668,38.83,-121.53
95669,38.49,-120.86
95670,38.6,-121.27
95671,38.38,-121.44
95672,38.72,-120.99
95673,38.48,-121.46
95674,38.93,-121.49
95675,38.54,-120.74
95676,38.87,-121.71
95677,38.8,-121.23
95678,38.91,-121.13
95679,38.87,-122.22
95680,38.23,-121.57
95681,38.99,-121.35
95682,38.62,-120.79
95683,38.52,-121.13
95684,38.64,-120.6
95685,38.44,-120.74
95686,38.19,-121.45
95687,38.35,-121.91
95688,38.41,-122.01
95689,38.45,-120.71
95690,38.18,-121.58
95691,38.61,-121.61
95692,39.08,-121.4
95693,38.41,-121.24
95694,38.62,-121.92
95695,38.74,-121.92
95696,38.35,-121.91
95697,38.75,-121.83
95698,38.78,-121.9
95699,38.44,-120.85
95701,39.21,-120.8
95703,39.0,-120.99
95709,38.75,-120.69
95712,39.17,-120.96
95713,39.13,-120.86
95714,39.2,-120.83
95715,39.25,-120.72
95717,39.17,-120.8
95720,38.89,-120.25
95721,38.83,-120.06
95722,39.0,-121.03
95724,39.27,-120.64
95726,38.77,-120.48
95728,39.32,-120.44
95735,38.8,-120.14
95736,39.02,-120.96
95741,38.38,-121.44
95742,38.58,-121.2
95743,38.38,-121.44
95746,38.76,-121.18
95747,38.78,-121.34
95758,38.35,-121.43
95759,38.38,-121.44
95762,38.69,-121.04
95763,38.38,-121.44
95765,38.82,-121.28
95776,38.7,-121.71
95798,38.62,-121.96
95799,38.62,-121.96
95812,38.38,-121.44
95813,38.38,-121.44
95814,38.58,-121.48
95815,38.59,-121.45
95816,38.57,-121.47
95817,38.55,-121.45
95818,38.56,-121.5
95819,38.57,-121.44
95820,38.54,-121.45
95821,38.63,-121.44
95822,38.51,-121.5
95823,38.48,-121.44
95824,38.52,-121.44
95825,38.59,-121.4
95826,38.55,-121.39
95827,38.55,-121.32
95828,38.49,-121.42
95829,38.5,-121.32
95830,38.49,-121.26
95831,38.5,-121.53
95832,38.44,-121.5
95833,38.62,-121.51
95834,38.58,-121.52
95835,38.67,-121.53
95836,38.71,-121.52
95837,38.69,-121.6
95838,38.65,-121.44
95840,38.38,-121.44
95841,38.67,-121.35
95842,38.69,-121.36
95843,38.72,-121.37
95851,38.38,-121.44
95852,38.38,-121.44
95853,38.38,-121.44
95857,38.38,-121.44
95860,38.38,-121.44
95864,38.59,-121.38
95865,38.38,-121.44
95866,38.38,-121.44
95867,38.38,-121.44
95873,38.38,-121.44
95887,38.38,-121.44
95894,38.38,-121.44
95899,38.38,-121.44
95901,39.26,-121.37
95903,39.11,-121.36
95910,39.47,-120.83
95912,39.01,-122.0
95913,39.7,-122.17
95914,39.41,-121.41
95915,39.91,-120.83
95916,39.65,-121.38
95917,39.41,-121.75
95918,39.32,-121.37
95919,39.43,-121.27
95920,39.46,-121.93
95922,39.41,-121.11
95923,40.21,-121.12
95924,39.27,-120.64
95925,39.47,-121.2
95926,39.75,-121.84
95927,39.81,-121.68
95928,39.69,-121.8
95929,39.73,-121.8
95930,39.54,-121.22
95931,39.17,-122.29
95932,39.2,-122.22
95934,40.09,-120.92
95935,39.38,-121.19
95936,39.56,-120.85
95937,38.84,-122.06
95938,39.63,-121.78
95939,39.55,-122.57
95940,39.59,-121.26
95941,39.53,-121.27
95942,39.95,-121.58
95943,39.6,-122.03
95944,39.49,-120.9
95945,39.2,-120.96
95946,39.22,-121.12
95947,40.12,-120.88
95948,39.36,-121.72
95949,39.11,-121.13
95950,39.07,-121.91
95951,39.73,-122.05
95953,39.24,-121.77
95954,39.87,-121.6
95955,39.28,-122.21
95956,39.9,-121.1
95957,39.07,-121.85
95958,39.56,-121.8
95959,39.3,-120.89
95960,39.33,-121.08
95961,39.21,-121.39
95962,39.21,-121.35
95963,39.63,-122.33
95965,39.58,-121.58
95966,39.46,-121.42
95967,39.72,-121.57
95968,39.44,-121.55
95969,39.65,-121.71
95970,39.38,-122.1
95971,40.01,-121.02
95972,39.44,-121.32
95973,39.84,-121.87
95974,39.5,-121.75
95975,39.23,-121.15
95976,39.72,-121.57
95977,39.19,-121.31
95978,40.0,-121.48
95979,39.28,-122.43
95980,39.92,-121.34
95981,39.58,-121.1
95982,39.17,-121.8
95983,39.96,-120.78
95984,39.95,-121.09
95986,39.35,-120.79
95987,39.14,-122.24
95988,39.52,-122.29
95991,39.05,-121.61
95992,39.02,-121.68
95993,39.13,-121.74
96001,40.68,-122.46
96002,40.62,-122.31
96003,40.72,-122.28
96006,41.24,-120.93
96007,40.47,-122.28
96008,40.72,-122.12
96009,41.13,-121.13
96010,40.67,-123.03
96011,40.97,-121.83
96013,40.94,-121.69
96014,41.28,-122.88
96015,41.46,-120.8
96016,40.93,-121.57
96017,41.11,-122.32
96019,40.7,-122.37
96020,40.28,-121.2
96021,40.13,-122.14
96022,40.44,-122.43
96023,41.92,-121.97
96024,40.67,-122.94
96025,41.46,-122.39
96027,41.45,-123.01
96028,41.03,-121.47
96029,39.9,-122.49
96031,41.22,-123.24
96032,41.58,-122.82
96033,40.69,-122.59
96034,41.44,-122.7
96035,40.05,-122.21
96037,41.54,-122.94
96038,41.63,-122.47
96039,41.67,-123.42
96040,40.81,-121.5
96041,40.5,-123.17
96044,41.94,-122.53
96046,40.61,-123.45
96047,40.48,-122.72
96048,40.74,-123.07
96049,40.71,-122.31
96050,41.87,-122.98
96051,40.91,-122.41
96052,40.74,-122.84
96054,41.23,-121.22
96055,40.04,-122.13
96056,41.1,-121.44
96057,41.25,-122.11
96058,41.79,-121.91
96059,40.42,-121.86
96061,40.34,-121.5
96062,40.57,-122.07
96063,40.36,-121.57
96064,41.76,-122.2
96065,40.9,-121.92
96067,41.43,-122.47
96068,41.13,-121.13
96069,40.69,-122.04
96070,40.74,-122.19
96071,40.66,-121.45
96073,40.57,-122.2
96074,39.88,-122.58
96075,40.36,-121.84
96076,40.38,-122.94
96078,40.13,-122.2
96079,40.69,-122.33
96080,40.14,-122.34
96084,40.76,-122.17
96085,41.73,-123.03
96086,41.83,-123.24
96087,40.6,-122.49
96088,40.49,-121.96
96089,40.66,-122.43
96090,40.02,-122.12
96091,41.05,-122.69
96092,39.93,-122.03
96093,40.7,-122.96
96094,41.67,-122.41
96095,40.74,-122.19
96096,40.58,-121.86
96097,41.62,-122.44
96099,40.7,-122.39
96101,41.43,-120.64
96103,39.81,-120.64
96104,41.42,-120.11
96105,39.79,-120.13
96106,39.75,-120.6
96107,38.53,-119.49
96108,41.59,-120.73
96109,39.96,-120.2
96110,41.59,-120.73
96111,39.39,-120.02
96112,41.59,-120.73
96113,40.1,-120.24
96114,40.3,-120.51
96115,41.76,-120.18
96116,41.23,-120.51
96117,40.41,-120.41
96118,39.61,-120.29
96119,40.98,-120.55
96120,38.77,-119.83
96121,40.2,-120.37
96122,39.8,-120.54
96123,40.78,-120.33
96124,39.61,-120.4
96125,39.59,-120.63
96126,39.58,-120.37
96127,40.45,-120.66
96128,40.34,-120.42
96129,39.77,-120.41
96130,40.55,-120.72
96132,40.95,-120.61
96133,38.62,-119.51
96134,41.94,-121.59
96135,40.02,-120.8
96136,40.34,-120.28
96137,40.3,-121.02
96140,39.23,-120.07
96141,39.12,-120.18
96142,39.0,-120.11
96143,39.2,-120.08
96145,39.16,-120.13
96146,39.18,-120.2
96148,39.22,-120.07
96150,38.93,-120.04
96151,38.9,-120.0
96152,38.93,-120.0
96154,38.88,-120.02
96155,38.84,-120.04
96156,38.94,-119.97
96157,38.93,-119.98
96158,38.9,-120.0
96160,39.38,-120.19
96161,39.38,-120.41
96162,39.27,-120.64
96701,21.39,-157.93
96703,22.06,-159.45
96704,19.27,-155.76
96705,21.94,-159.65
96706,21.34,-158.01
96707,21.34,-158.09
96708,20.85,-156.17
96709,23.57,-164.7
96710,19.91,-155.15
96712,21.63,-158.04
96713,20.73,-156.02
96714,22.21,-159.48
96715,21.98,-159.51
96716,22.02,-159.62
96717,21.58,-157.88
96718,19.59,-155.44
96719,20.22,-155.82
96720,19.56,-155.26
96721,19.59,-155.44
96722,22.22,-159.49
96725,19.62,-155.95
96726,19.28,-155.85
96727,20.08,-155.51
96728,19.59,-155.44
96729,21.16,-157.08
96730,21.59,-157.88
96731,21.63,-157.94
96732,20.86,-156.26
96733,20.87,-156.65
96734,21.6,-158.04
96737,19.1,-155.73
96738,19.97,-155.82
96739,19.59,-155.44
96740,19.67,-155.94
96741,21.93,-159.53
96742,20.87,-156.65
96743,19.89,-155.75
96744,21.67,-157.94
96745,19.59,-155.44
96746,22.07,-159.41
96747,21.95,-159.92
96748,21.09,-157.01
96749,19.58,-155.03
96750,19.34,-155.87
96751,22.11,-159.31
96752,21.97,-159.71
96753,20.72,-156.47
96754,22.21,-159.4
96755,20.23,-155.78
96756,22.03,-159.43
96757,21.16,-157.03
96759,21.46,-158.06
96760,19.57,-155.03
96761,20.92,-156.72
96762,21.61,-157.9
96763,20.81,-156.95
96764,19.99,-155.25
96765,21.93,-159.5
96766,22.07,-159.43
96767,20.87,-156.65
96768,20.83,-156.32
96769,21.95,-159.92
96770,21.18,-157.26
96771,19.53,-155.13
96772,19.05,-155.62
96773,19.94,-155.17
96774,20.02,-155.28
96775,19.59,-155.44
96776,20.04,-155.38
96777,19.59,-155.44
96778,19.39,-155.15
96779,20.9,-156.37
96780,19.96,-155.2
96781,19.8,-155.12
96782,21.51,-157.99
96783,19.82,-155.11
96784,20.87,-156.65
96785,19.44,-155.25
96786,21.53,-158.05
96788,20.86,-156.33
96789,21.46,-158.01
96790,20.75,-156.33
96791,21.55,-158.16
96792,21.44,-158.18
96793,20.9,-156.57
96795,24.86,-168.02
96796,21.97,-159.69
96797,21.4,-158.02
96799,-7.21,-170.77
96801,24.86,-168.02
96802,24.86,-168.02
96803,24.86,-168.02
96804,24.86,-168.02
96805,24.86,-168.02
96806,24.86,-168.02
96807,24.86,-168.02
96808,24.86,-168.02
96809,24.86,-168.02
96810,24.86,-168.02
96811,24.86,-168.02
96812,24.86,-168.02
96813,24.86,-168.02
96814,24.86,-168.02
96815,24.86,-168.02
96816,24.86,-168.02
96817,21.65,-157.92
96818,21.35,-157.94
96819,21.37,-157.9
96820,24.86,-168.02
96821,24.86,-168.02
96822,21.67,-157.94
96823,24.86,-168.02
96824,24.86,-168.02
96825,21.67,-157.94
96826,24.86,-168.02
96827,24.86,-168.02
96828,24.86,-168.02
96830,24.86,-168.02
96835,24.86,-168.02
96836,24.86,-168.02
96837,24.86,-168.02
96838,24.86,-168.02
96839,24.86,-168.02
96840,24.86,-168.02
96841,24.86,-168.02
96842,24.86,-168.02
96843,24.86,-168.02
96844,24.86,-168.02
96845,24.86,-168.02
96846,24.86,-168.02
96847,24.86,-168.02
96848,24.86,-168.02
96849,24.86,-168.02
96850,24.86,-168.02
96853,24.86,-168.02
96854,24.86,-168.02
96857,24.86,-168.02
96858,24.86,-168.02
96859,24.86,-168.02
96860,24.86,-168.02
96861,24.86,-168.02
96862,21.32,-158.07
96863,24.86,-168.02
96898,24.86,-168.02
96910,13.44,144.79
96911,13.44,144.79
96912,13.44,144.79
96913,13.44,144.79
96914,13.44,144.79
96915,13.44,144.79
96916,13.44,144.79
96917,13.44,144.79
96918,13.44,144.79
96919,13.44,144.79
96921,13.44,144.79
96922,13.44,144.79
96923,13.44,144.79
96925,13.44,144.79
96926,13.44,144.79
96927,13.44,144.79
96928,13.44,144.79
96929,13.44,144.79
96930,13.44,144.79
96931,13.44,144.79
96932,13.44,144.79
96940,7.23,134.36
96941,7.14,151.5
96942,7.14,151.5
96943,7.14,151.5
96944,7.14,151.5
96950,15.19,145.74
96951,15.19,145.74
96952,15.19,145.74
96960,11.14,166.41
96970,11.14,166.41
97001,45.26,-121.09
97002,45.22,-122.82
97004,45.25,-122.47
97005,45.5,-122.8
97006,45.52,-122.86
97007,45.45,-122.87
97008,45.46,-122.8
97009,45.41,-122.38
97010,45.58,-122.1
97011,45.36,-122.0
97013,45.21,-122.66
97014,45.67,-121.87
97015,45.42,-122.5
97016,46.07,-123.21
97017,45.19,-122.4
97018,45.89,-122.81
97019,45.52,-122.23
97020,45.22,-122.84
97021,45.39,-121.14
97022,45.35,-122.31
97023,45.23,-122.25
97024,45.54,-122.54
97026,45.12,-122.94
97027,45.39,-122.59
97028,45.3,-121.74
97029,45.31,-120.8
97030,45.51,-122.43
97031,45.64,-121.68
97032,45.2,-122.81
97033,45.24,-120.63
97034,45.41,-122.69
97035,45.41,-122.72
97036,45.17,-122.26
97037,45.16,-121.34
97038,45.08,-122.57
97039,45.5,-120.68
97040,45.65,-121.38
97041,45.49,-121.6
97042,45.2,-122.54
97044,45.64,-121.54
97045,45.32,-122.52
97048,46.04,-122.97
97049,45.35,-121.92
97050,45.65,-120.76
97051,45.89,-122.92
97053,45.82,-122.87
97054,45.94,-122.92
97055,45.39,-122.17
97056,45.81,-122.97
97057,45.26,-121.09
97058,45.55,-121.19
97060,45.53,-122.39
97062,45.37,-122.78
97063,45.3,-121.23
97064,45.89,-123.21
97065,45.4,-120.71
97067,45.33,-121.97
97068,45.34,-122.66
97070,45.31,-122.79
97071,45.15,-122.88
97075,45.55,-123.11
97076,45.55,-123.11
97077,45.55,-123.11
97078,45.45,-122.79
97080,45.48,-122.39
97101,45.12,-123.19
97102,45.81,-123.96
97103,46.14,-123.8
97106,45.59,-123.14
97107,45.61,-123.89
97108,45.28,-123.75
97109,45.73,-123.18
97110,45.95,-123.93
97111,45.28,-123.22
97112,45.22,-123.88
97113,45.6,-122.92
97114,45.19,-123.08
97115,45.27,-123.02
97116,45.6,-123.18
97117,45.6,-123.27
97118,45.56,-123.9
97119,45.47,-123.15
97121,46.18,-123.95
97122,45.18,-123.85
97123,45.46,-122.98
97124,45.62,-122.95
97125,45.66,-123.19
97127,45.23,-123.11
97128,45.19,-123.24
97130,45.74,-123.92
97131,45.65,-123.85
97132,45.33,-122.98
97133,45.67,-123.03
97134,45.45,-123.97
97135,45.2,-123.96
97136,45.64,-123.91
97137,45.21,-122.95
97138,45.98,-123.86
97140,45.37,-122.87
97141,45.46,-123.74
97143,45.43,-123.95
97144,45.74,-123.3
97145,45.87,-123.96
97146,46.13,-123.91
97147,45.4,-123.92
97148,45.35,-123.23
97149,45.1,-123.94
97201,45.5,-122.69
97202,45.48,-122.64
97203,45.6,-122.74
97204,45.52,-122.68
97205,45.52,-122.69
97206,45.48,-122.6
97207,45.48,-122.71
97208,45.53,-122.56
97209,45.53,-122.68
97210,45.55,-122.73
97211,45.58,-122.62
97212,45.54,-122.64
97213,45.54,-122.6
97214,45.51,-122.64
97215,45.52,-122.6
97216,45.52,-122.56
97217,45.59,-122.7
97218,45.58,-122.61
97219,45.46,-122.7
97220,45.56,-122.56
97221,45.51,-122.73
97222,45.44,-122.61
97223,45.45,-122.8
97224,45.41,-122.8
97225,45.5,-122.78
97227,45.55,-122.68
97228,45.58,-122.37
97229,45.55,-122.83
97230,45.55,-122.5
97231,45.65,-122.84
97232,45.52,-122.64
97233,45.52,-122.5
97236,45.48,-122.5
97238,45.58,-122.37
97240,45.58,-122.37
97242,45.58,-122.37
97251,45.58,-122.37
97253,45.58,-122.37
97254,45.6,-122.59
97255,45.58,-122.37
97256,45.58,-122.37
97258,45.58,-122.37
97259,45.58,-122.37
97266,45.48,-122.56
97267,45.4,-122.61
97268,45.17,-122.26
97269,45.17,-122.26
97271,45.58,-122.37
97272,45.58,-122.37
97280,45.58,-122.37
97281,45.55,-123.11
97282,45.58,-122.37
97283,45.58,-122.37
97286,45.58,-122.37
97290,45.58,-122.37
97291,45.55,-123.11
97292,45.58,-122.37
97293,45.58,-122.37
97294,45.58,-122.37
97296,45.58,-122.37
97298,45.55,-123.11
97299,45.58,-122.37
97301,44.9,-122.92
97302,44.89,-123.08
97303,44.99,-123.02
97304,44.99,-123.11
97305,45.0,-122.91
97306,44.86,-123.09
97307,44.98,-122.46
97308,44.98,-122.46
97309,44.98,-122.46
97310,44.93,-122.99
97311,44.94,-123.03
97312,44.94,-123.04
97313,44.98,-123.0
97314,44.97,-123.01
97321,44.59,-122.58
97324,44.38,-123.59
97325,44.8,-122.9
97326,44.64,-123.54
97327,44.38,-122.94
97329,44.4,-122.36
97330,44.64,-123.28
97331,44.57,-123.28
97333,44.47,-123.34
97335,44.63,-122.89
97336,44.36,-122.85
97338,44.93,-123.34
97339,44.5,-123.45
97341,44.83,-124.05
97342,44.74,-122.07
97343,44.6,-123.74
97344,44.87,-123.47
97345,44.43,-122.4
97346,44.76,-122.37
97347,45.05,-123.65
97348,44.39,-123.12
97350,44.7,-122.07
97351,44.84,-123.17
97352,44.77,-123.0
97355,44.53,-122.83
97357,44.71,-123.81
97358,44.75,-122.59
97359,44.98,-122.46
97360,44.62,-122.58
97361,44.81,-123.33
97362,44.93,-122.66
97364,45.0,-123.97
97365,44.55,-124.02
97366,44.57,-124.04
97367,44.91,-123.99
97368,45.0,-123.91
97369,44.76,-124.06
97370,44.56,-123.44
97371,44.99,-123.21
97372,44.66,-123.89
97373,44.98,-122.46
97374,44.69,-122.75
97375,44.99,-122.62
97376,44.49,-123.96
97377,44.44,-123.11
97378,45.15,-123.39
97380,44.75,-123.84
97381,44.95,-122.75
97383,44.81,-122.73
97384,44.79,-122.62
97385,44.89,-122.74
97386,44.38,-122.7
97388,44.88,-123.99
97389,44.53,-123.08
97390,44.36,-123.89
97391,44.66,-123.93
97392,44.8,-122.94
97394,44.4,-123.98
97396,45.15,-123.52
97401,44.12,-123.07
97402,44.03,-123.07
97403,44.03,-123.1
97404,44.1,-123.17
97405,43.94,-123.17
97406,42.66,-124.13
97407,43.25,-124.23
97408,44.14,-123.13
97409,44.13,-123.27
97410,42.83,-123.13
97411,43.09,-124.39
97412,44.17,-123.57
97413,44.18,-122.12
97414,43.14,-124.13
97415,42.14,-124.25
97416,43.04,-123.65
97417,42.95,-123.26
97419,44.21,-123.37
97420,43.22,-124.2
97423,43.23,-124.22
97424,43.73,-123.05
97425,43.52,-121.95
97426,43.9,-123.04
97427,43.66,-122.79
97428,43.75,-123.2
97429,42.97,-123.09
97430,44.15,-123.68
97431,43.97,-123.42
97432,43.11,-123.42
97434,43.74,-122.89
97435,43.72,-123.33
97436,43.57,-123.56
97437,44.1,-123.39
97438,43.98,-122.77
97439,44.06,-124.0
97440,43.86,-123.0
97441,43.75,-124.12
97442,42.76,-123.39
97443,43.27,-123.02
97444,42.41,-124.33
97446,44.27,-123.11
97447,43.07,-122.87
97448,44.19,-123.27
97449,43.58,-124.12
97450,42.89,-124.41
97451,43.82,-123.27
97452,43.89,-122.69
97453,44.01,-123.9
97454,44.21,-122.81
97455,43.97,-122.92
97456,44.35,-123.33
97457,43.3,-123.23
97458,43.02,-124.14
97459,43.24,-124.16
97460,43.14,-124.13
97461,44.1,-123.47
97462,43.5,-123.41
97463,43.74,-122.44
97464,42.74,-124.51
97465,42.7,-124.45
97466,42.88,-124.07
97467,43.45,-123.75
97469,43.27,-123.43
97470,43.05,-123.36
97472,43.86,-123.0
97473,43.67,-123.83
97476,42.8,-124.43
97477,43.94,-123.44
97478,44.1,-122.87
97479,43.35,-123.21
97480,44.1,-123.73
97481,43.11,-123.53
97482,43.86,-123.0
97484,42.92,-122.91
97486,43.39,-123.52
97487,44.0,-123.37
97488,44.16,-122.87
97489,44.13,-122.64
97490,44.0,-123.62
97491,42.61,-124.39
97492,43.76,-122.48
97493,43.92,-124.03
97494,43.33,-123.33
97495,43.33,-123.33
97496,43.31,-123.45
97497,42.65,-123.43
97498,44.33,-124.02
97499,43.31,-123.17
97501,42.48,-122.72
97502,42.42,-122.92
97503,42.54,-122.88
97504,42.32,-122.79
97520,42.15,-122.54
97522,42.53,-122.55
97523,42.27,-123.55
97524,42.48,-122.64
97525,42.44,-123.03
97526,42.4,-123.42
97527,42.35,-123.44
97528,42.4,-123.54
97530,42.18,-123.02
97531,42.21,-123.62
97532,42.4,-123.53
97533,42.31,-123.33
97534,42.09,-123.69
97535,42.26,-122.81
97536,42.79,-122.51
97537,42.53,-123.1
97538,42.27,-123.55
97539,42.62,-122.76
97540,42.22,-122.77
97541,42.7,-122.77
97543,42.29,-123.55
97544,42.36,-123.32
97601,42.29,-121.82
97602,42.8,-121.58
97603,42.61,-121.69
97604,42.73,-121.99
97620,42.81,-120.36
97621,42.46,-121.26
97622,42.4,-121.08
97623,42.19,-121.33
97624,42.72,-121.88
97625,42.29,-121.51
97626,42.64,-122.04
97627,42.12,-122.01
97630,42.18,-120.37
97632,42.1,-121.39
97633,42.06,-121.52
97634,42.13,-121.87
97635,42.81,-120.36
97636,42.78,-120.33
97637,42.81,-120.36
97638,42.81,-120.36
97639,42.49,-121.53
97640,42.94,-120.79
97641,43.16,-120.72
97701,44.08,-121.23
97702,44.0,-121.26
97707,43.84,-121.58
97708,44.0,-120.95
97709,44.0,-120.95
97710,43.02,-119.07
97711,44.54,-121.32
97712,43.67,-120.23
97720,43.55,-118.87
97721,43.02,-119.07
97722,43.02,-119.07
97730,44.44,-121.66
97731,42.8,-121.58
97732,43.02,-119.07
97733,43.44,-121.71
97734,44.5,-121.27
97735,42.81,-120.36
97736,43.56,-119.08
97737,43.37,-121.66
97738,43.56,-119.08
97739,43.69,-121.57
97740,43.02,-119.07
97741,44.63,-121.13
97750,44.64,-120.01
97751,44.13,-119.86
97752,44.09,-120.28
97753,44.23,-121.01
97754,44.17,-120.66
97756,44.27,-121.27
97758,43.02,-119.07
97759,44.32,-121.51
97760,44.35,-121.25
97761,44.77,-121.33
97801,45.71,-118.64
97810,45.72,-118.49
97812,45.57,-120.28
97813,45.82,-118.52
97814,44.75,-117.74
97817,44.48,-118.95
97818,45.42,-119.66
97819,44.49,-117.77
97820,44.39,-118.95
97821,45.68,-118.46
97823,45.26,-120.14
97824,45.34,-117.87
97825,44.47,-119.53
97826,45.69,-119.2
97827,45.61,-117.91
97828,45.65,-117.17
97830,44.93,-120.13
97831,44.48,-118.95
97833,44.94,-117.99
97834,44.95,-117.12
97835,45.91,-118.76
97836,45.3,-119.58
97837,44.53,-118.03
97838,45.7,-119.1
97839,45.49,-119.64
97840,44.96,-116.84
97841,45.47,-117.96
97842,45.5,-116.81
97843,45.46,-119.84
97844,45.71,-119.63
97845,44.55,-118.91
97846,45.41,-117.07
97848,44.48,-118.95
97850,45.3,-118.16
97856,44.71,-119.09
97857,45.47,-117.46
97859,45.52,-118.43
97861,45.44,-120.21
97862,45.74,-118.5
97864,44.82,-119.42
97865,44.45,-119.1
97867,45.04,-117.98
97868,45.42,-118.86
97869,44.46,-118.7
97870,44.79,-117.23
97872,44.48,-118.95
97873,44.12,-119.12
97874,44.78,-119.91
97875,45.81,-119.18
97876,45.3,-118.0
97877,44.73,-118.18
97880,45.5,-118.7
97882,45.87,-118.96
97883,45.16,-117.85
97884,44.46,-118.2
97885,45.66,-117.51
97886,45.79,-118.3
97901,43.79,-117.37
97902,42.92,-117.5
97903,44.25,-117.56
97904,43.02,-119.07
97905,44.5,-117.41
97906,43.83,-117.63
97907,44.43,-117.39
97908,44.34,-117.82
97909,44.22,-117.48
97910,42.95,-117.47
97911,43.82,-118.04
97913,43.63,-117.21
97914,44.09,-117.08
97917,43.51,-118.1
97918,44.05,-117.28
97920,43.97,-117.71
98001,47.47,-121.82
98002,47.32,-122.2
98003,47.43,-121.8
98004,47.62,-122.21
98005,47.62,-122.18
98006,47.55,-122.14
98007,47.62,-122.14
98008,47.61,-122.11
98009,47.43,-121.8
98010,47.31,-122.0
98011,47.75,-122.21
98012,47.84,-122.2
98013,47.43,-121.8
98014,47.66,-121.93
98015,47.43,-121.8
98019,47.73,-121.93
98020,47.81,-122.37
98021,47.79,-122.19
98022,47.23,-121.9
98023,47.78,-122.24
98024,47.48,-121.99
98025,47.59,-122.06
98026,47.84,-122.33
98027,47.5,-122.01
98028,47.75,-122.12
98029,47.57,-122.03
98031,47.38,-122.17
98032,47.43,-121.8
98033,47.67,-122.19
98034,47.73,-122.21
98035,47.43,-121.8
98036,47.8,-122.29
98037,47.86,-122.28
98038,47.41,-121.97
98039,47.63,-122.23
98040,47.56,-122.23
98041,47.43,-121.8
98042,47.35,-122.09
98043,47.79,-122.31
98045,47.47,-121.69
98046,48.04,-121.68
98047,47.43,-121.8
98050,47.54,-121.93
98051,47.27,-121.93
98052,47.68,-122.12
98053,47.65,-122.02
98054,47.43,-121.8
98055,47.49,-122.03
98056,47.51,-122.19
98057,47.43,-121.8
98058,47.43,-122.12
98059,47.51,-122.12
98061,47.68,-122.58
98062,47.43,-121.8
98063,47.43,-121.8
98064,47.43,-121.8
98065,47.53,-121.82
98068,47.45,-121.43
98070,47.43,-121.8
98071,47.43,-121.8
98072,47.74,-122.09
98073,47.43,-121.8
98074,47.62,-122.04
98075,47.59,-122.04
98082,47.43,-121.8
98083,47.43,-121.8
98092,47.29,-122.1
98093,47.31,-122.11
98101,47.43,-121.8
98102,47.43,-121.8
98103,47.43,-121.8
98104,47.43,-121.8
98105,47.43,-121.8
98106,47.43,-121.8
98107,47.43,-121.8
98108,47.43,-121.8
98109,47.58,-122.05
98110,47.65,-122.54
98111,47.43,-121.8
98112,47.43,-121.8
98114,47.43,-121.8
98115,47.43,-121.8
98116,47.43,-121.8
98117,47.43,-121.8
98118,47.43,-121.8
98119,47.43,-121.8
98121,47.43,-121.8
98122,47.43,-121.8
98124,47.43,-121.8
98125,47.43,-121.8
98126,47.43,-121.8
98129,47.43,-121.8
98131,47.43,-121.8
98132,47.43,-121.8
98133,47.43,-121.8
98134,47.43,-121.8
98136,47.43,-121.8
98138,47.43,-121.8
98144,47.43,-121.8
98145,47.43,-121.8
98146,47.43,-121.8
98148,47.43,-121.8
98151,47.43,-121.8
98154,47.43,-121.8
98155,47.77,-122.26
98158,47.43,-121.8
98160,47.43,-121.8
98161,47.43,-121.8
98164,47.43,-121.8
98166,47.43,-121.8
98168,47.43,-121.8
98170,47.61,-122.34
98171,47.43,-121.8
98174,47.43,-121.8
98177,47.43,-121.8
98178,47.49,-122.24
98181,47.43,-121.8
98184,47.43,-121.8
98185,47.43,-121.8
98188,47.43,-121.8
98190,47.43,-121.8
98191,47.43,-121.8
98195,47.43,-121.8
98198,47.43,-121.8
98199,47.78,-122.26
98201,47.99,-122.2
98203,47.95,-122.23
98204,47.9,-122.26
98205,47.95,-122.12
98206,47.86,-122.28
98207,48.04,-121.68
98208,47.9,-122.19
98220,48.69,-122.19
98221,48.5,-122.61
98222,48.61,-122.92
98223,48.18,-121.96
98224,47.77,-121.48
98225,48.75,-122.45
98226,48.77,-122.49
98227,48.81,-121.99
98228,48.81,-121.99
98230,48.94,-122.37
98231,48.81,-121.99
98232,48.57,-122.45
98233,48.53,-122.36
98235,48.47,-122.24
98236,47.96,-122.42
98237,48.51,-121.7
98238,48.34,-122.35
98239,48.19,-122.67
98240,48.94,-122.63
98241,48.24,-121.59
98243,48.56,-122.98
98244,48.8,-122.09
98245,48.66,-122.87
98247,48.9,-122.32
98248,48.86,-122.61
98249,48.02,-122.54
98250,48.54,-123.07
98251,47.83,-121.64
98252,48.07,-121.8
98253,48.1,-122.58
98255,48.53,-121.99
98256,47.81,-121.55
98257,48.41,-122.51
98258,48.05,-122.06
98259,48.04,-121.68
98260,48.03,-122.46
98261,48.5,-122.87
98262,48.71,-122.68
98263,48.53,-122.06
98264,48.93,-122.44
98266,48.85,-122.25
98267,48.54,-121.47
98270,48.05,-122.16
98271,48.08,-122.23
98272,47.86,-121.88
98273,48.44,-122.21
98274,48.36,-122.14
98275,47.91,-122.3
98276,48.83,-122.34
98277,48.32,-122.63
98278,48.31,-122.66
98279,48.56,-122.98
98280,48.59,-122.94
98281,48.99,-123.06
98282,48.21,-122.5
98283,48.43,-121.61
98284,48.49,-122.14
98286,48.56,-122.98
98287,48.04,-121.68
98288,47.72,-121.37
98290,47.95,-122.01
98291,47.91,-122.05
98292,48.08,-122.11
98293,47.87,-121.77
98294,47.87,-121.73
98295,48.95,-122.2
98296,47.86,-122.09
98297,48.56,-122.98
98303,47.16,-122.71
98304,46.75,-122.06
98305,48.01,-124.36
98310,47.61,-122.63
98311,47.63,-122.64
98312,47.58,-122.8
98314,47.56,-122.65
98315,47.69,-122.71
98320,47.7,-122.94
98321,47.15,-122.08
98322,47.69,-122.73
98323,47.05,-122.03
98324,48.18,-123.87
98325,47.92,-122.82
98326,48.2,-124.39
98327,47.09,-122.66
98328,46.9,-122.3
98329,47.37,-122.72
98330,46.78,-122.2
98331,47.98,-124.37
98332,47.36,-122.6
98333,47.25,-122.63
98335,47.29,-122.62
98336,46.54,-122.1
98337,47.57,-122.64
98338,46.97,-122.38
98339,47.96,-122.79
98340,47.87,-122.56
98342,47.75,-122.57
98343,48.18,-123.87
98344,46.99,-122.22
98345,47.7,-122.63
98346,47.83,-122.55
98348,47.07,-122.11
98349,47.29,-122.78
98350,47.91,-124.63
98351,47.21,-122.77
98352,47.07,-122.11
98353,47.6,-122.62
98354,47.25,-122.31
98355,46.71,-122.09
98356,46.59,-122.07
98357,48.33,-124.62
98358,48.06,-122.69
98359,47.44,-122.58
98360,47.01,-122.12
98361,46.62,-121.65
98362,48.05,-123.36
98363,48.06,-123.92
98364,47.83,-122.59
98365,47.91,-122.71
98366,47.54,-122.59
98367,47.47,-122.65
98368,48.02,-122.85
98370,47.75,-122.61
98371,47.21,-122.32
98372,47.2,-122.16
98373,47.15,-122.31
98374,47.14,-122.26
98375,47.1,-122.36
98376,47.83,-122.84
98377,46.52,-121.89
98378,47.69,-122.73
98380,47.59,-122.87
98381,48.29,-124.4
98382,48.07,-123.08
98383,47.67,-122.71
98384,47.52,-122.54
98385,47.14,-122.1
98386,47.51,-122.5
98387,47.06,-122.42
98388,47.13,-122.33
98390,47.18,-122.16
98392,47.73,-122.56
98393,47.63,-122.65
98394,47.31,-122.77
98395,47.27,-122.83
98396,47.11,-122.04
98397,47.07,-122.11
98398,47.07,-122.11
98401,47.25,-122.44
98402,47.26,-122.46
98403,47.27,-122.46
98404,47.21,-122.4
98405,47.25,-122.47
98406,47.26,-122.51
98407,47.29,-122.5
98408,47.21,-122.45
98409,47.21,-122.32
98411,47.07,-122.11
98412,47.07,-122.11
98413,47.07,-122.11
98415,47.07,-122.11
98416,47.26,-122.48
98418,47.07,-122.11
98421,47.25,-122.4
98422,47.28,-122.39
98424,47.23,-122.36
98430,47.07,-122.11
98431,47.07,-122.11
98433,47.13,-122.49
98438,47.15,-122.57
98439,47.13,-122.51
98442,47.31,-122.42
98443,47.21,-122.37
98444,47.15,-122.46
98445,47.13,-122.41
98446,47.13,-122.37
98447,47.07,-122.11
98450,47.07,-122.11
98455,47.07,-122.11
98460,47.07,-122.11
98464,47.07,-122.11
98465,47.25,-122.53
98466,47.24,-122.54
98467,47.19,-122.53
98471,47.07,-122.11
98477,47.07,-122.11
98481,47.07,-122.11
98492,47.07,-122.11
98493,47.07,-122.11
98497,47.07,-122.11
98498,47.16,-122.55
98499,47.17,-122.5
98501,46.98,-122.87
98502,47.1,-123.06
98503,47.03,-122.8
98504,46.98,-122.7
98505,47.07,-122.98
98506,47.1,-122.87
98507,46.98,-122.7
98508,46.98,-122.7
98509,46.98,-122.7
98511,46.99,-122.9
98512,46.95,-123.02
98513,46.99,-122.74
98516,47.11,-122.78
98520,47.0,-123.67
98522,46.57,-123.3
98524,47.32,-122.98
98526,47.49,-123.92
98527,46.64,-123.88
98528,47.43,-122.93
98530,46.8,-122.87
98531,46.71,-123.01
98532,46.62,-123.02
98533,46.58,-122.57
98535,47.15,-124.14
98536,47.16,-124.14
98537,46.88,-123.65
98538,46.5,-123.15
98539,46.64,-123.28
98540,46.98,-122.7
98541,47.16,-123.74
98542,46.53,-122.72
98544,46.73,-123.03
98546,47.33,-122.92
98547,46.83,-124.09
98548,47.45,-123.2
98550,47.1,-123.73
98552,47.34,-123.93
98554,46.56,-123.55
98555,47.53,-123.05
98556,46.9,-123.02
98557,47.03,-123.27
98558,46.96,-122.56
98559,46.96,-123.33
98560,47.26,-123.44
98561,46.51,-123.77
98562,47.16,-123.79
98563,47.02,-123.72
98564,46.5,-122.47
98565,46.58,-122.91
98566,47.39,-123.89
98568,46.87,-123.28
98569,47.07,-124.15
98570,46.56,-122.69
98571,47.22,-124.19
98572,46.58,-123.31
98575,47.46,-123.83
98576,46.87,-122.66
98577,46.65,-123.66
98579,46.83,-123.06
98580,46.94,-122.47
98581,46.38,-123.06
98582,46.51,-122.65
98583,47.0,-123.48
98584,47.26,-123.16
98585,46.55,-122.49
98586,46.59,-123.83
98587,47.23,-124.23
98588,47.43,-123.1
98589,46.84,-122.85
98590,46.73,-124.03
98591,46.46,-122.79
98592,47.34,-123.07
98593,46.42,-122.97
98595,46.89,-123.97
98596,46.49,-122.88
98597,46.88,-122.56
98599,46.98,-122.7
98601,45.92,-122.45
98602,45.85,-121.31
98603,46.0,-122.44
98604,45.8,-122.53
98605,45.72,-121.45
98606,45.73,-122.48
98607,45.66,-122.4
98609,46.07,-122.86
98610,45.78,-121.84
98611,46.22,-122.67
98612,46.21,-123.33
98613,45.74,-120.99
98614,46.26,-123.93
98616,46.03,-122.36
98617,45.63,-121.17
98619,45.99,-121.28
98620,45.84,-120.77
98621,46.36,-123.6
98622,45.8,-122.52
98623,45.81,-121.49
98624,46.32,-124.0
98625,46.0,-122.72
98626,46.15,-122.83
98628,45.86,-121.04
98629,45.88,-122.62
98631,46.38,-124.0
98632,46.18,-123.06
98635,45.82,-121.21
98637,46.51,-123.77
98638,46.34,-123.8
98639,45.64,-122.01
98640,46.5,-124.04
98641,46.54,-124.04
98642,45.76,-122.62
98643,46.31,-123.61
98644,46.33,-124.05
98645,46.31,-122.73
98647,46.3,-123.46
98648,45.67,-121.91
98649,46.33,-122.65
98650,45.96,-121.54
98651,45.76,-121.58
98660,45.74,-122.71
98661,45.77,-122.64
98662,45.69,-122.58
98663,45.65,-122.66
98664,45.62,-122.58
98665,45.69,-122.66
98666,45.8,-122.52
98667,45.8,-122.52
98668,45.8,-122.52
98670,45.81,-121.3
98671,45.61,-122.32
98672,45.83,-121.41
98673,45.64,-121.07
98674,45.94,-122.69
98675,45.82,-122.5
98682,45.68,-122.48
98683,45.6,-122.51
98684,45.64,-122.52
98685,45.75,-122.7
98686,45.71,-122.57
98687,45.8,-122.52
98801,47.57,-120.35
98802,47.5,-120.21
98807,47.91,-120.52
98811,47.71,-120.33
98812,48.37,-119.83
98813,47.74,-119.89
98814,48.55,-119.81
98815,47.63,-120.35
98816,47.88,-120.08
98817,47.84,-119.96
98819,48.55,-119.75
98821,47.58,-120.6
98822,47.77,-120.36
98823,47.18,-119.4
98824,47.08,-119.86
98826,47.7,-120.8
98827,48.89,-119.72
98828,47.32,-120.17
98829,48.25,-119.75
98830,47.85,-119.53
98831,47.82,-120.08
98832,47.3,-119.06
98833,48.62,-120.46
98834,48.14,-120.05
98836,47.49,-120.42
98837,47.18,-119.3
98840,48.58,-119.96
98841,48.43,-119.56
98843,47.73,-120.05
98844,48.68,-119.58
98845,47.39,-119.9
98846,48.41,-119.74
98847,47.55,-120.6
98848,47.18,-119.75
98849,48.52,-119.43
98850,47.31,-120.1
98851,47.4,-119.44
98852,47.91,-120.52
98853,47.4,-119.31
98855,48.5,-119.54
98856,48.45,-119.81
98857,47.01,-119.09
98858,47.7,-119.86
98859,48.8,-119.03
98860,47.47,-119.18
98862,48.5,-120.37
98901,46.64,-120.73
98902,46.42,-120.3
98903,46.54,-120.74
98904,46.56,-120.69
98907,46.63,-120.57
98908,46.53,-120.69
98909,46.64,-120.79
98920,46.56,-120.69
98921,46.42,-120.32
98922,47.16,-120.81
98923,46.68,-120.75
98925,47.23,-121.18
98926,47.03,-120.49
98929,46.92,-121.24
98930,46.46,-120.31
98932,46.34,-120.15
98933,46.32,-120.38
98934,46.98,-120.42
98935,46.17,-120.05
98936,46.41,-120.23
98937,46.81,-120.99
98938,46.37,-120.12
98939,46.56,-120.69
98940,47.25,-121.05
98941,47.22,-121.0
98942,46.54,-120.4
98943,47.19,-120.95
98944,46.37,-120.01
98946,47.07,-120.76
98947,46.74,-120.69
98948,46.33,-120.37
98950,46.87,-119.99
98951,46.52,-120.51
98952,46.45,-120.67
98953,46.42,-120.23
99001,47.64,-117.59
99003,47.92,-117.26
99004,47.61,-117.5
99005,47.85,-117.34
99006,47.74,-117.44
99008,47.61,-118.4
99009,47.99,-117.27
99011,47.63,-117.65
99012,47.41,-117.17
99013,47.91,-117.8
99014,47.56,-117.6
99015,47.65,-117.43
99016,47.62,-117.14
99017,46.96,-117.69
99018,47.3,-117.14
99019,47.65,-117.09
99020,47.62,-117.59
99021,47.83,-117.24
99022,47.62,-117.7
99023,47.56,-117.18
99025,47.77,-117.09
99026,47.8,-117.62
99027,47.73,-117.11
99029,47.7,-117.76
99030,47.67,-117.26
99031,47.44,-117.37
99032,47.3,-117.98
99033,47.23,-117.1
99034,47.89,-117.75
99036,47.52,-117.27
99037,47.64,-117.2
99039,47.33,-117.24
99040,47.88,-117.93
99101,48.34,-117.96
99102,46.93,-117.41
99103,47.53,-118.6
99104,47.08,-117.18
99105,46.86,-118.16
99107,48.84,-118.18
99109,48.29,-117.74
99110,48.01,-117.56
99111,46.96,-117.51
99113,46.58,-117.21
99114,48.68,-117.81
99115,47.74,-119.23
99116,48.04,-118.94
99117,47.64,-118.45
99118,48.89,-118.67
99119,48.51,-117.35
99121,48.95,-118.51
99122,47.71,-118.12
99123,47.91,-119.04
99124,48.02,-118.95
99125,46.91,-117.7
99126,48.74,-117.97
99127,46.84,-117.64
99128,47.07,-117.36
99129,48.01,-118.23
99130,46.93,-117.17
99131,48.27,-118.11
99133,47.82,-119.04
99134,47.48,-118.25
99135,47.61,-119.08
99136,46.7,-117.94
99137,48.15,-118.08
99138,48.27,-118.31
99139,48.74,-117.36
99140,48.89,-118.22
99141,48.7,-117.97
99143,46.76,-117.73
99144,47.61,-118.4
99146,48.98,-118.22
99147,47.61,-118.4
99148,48.11,-117.63
99149,47.01,-117.48
99150,48.81,-118.6
99151,48.79,-117.92
99152,48.48,-117.22
99153,48.73,-117.34
99154,47.61,-118.4
99155,48.14,-119.01
99156,48.45,-117.23
99157,48.91,-117.85
99158,47.08,-117.41
99159,47.34,-118.66
99160,48.89,-118.21
99161,46.77,-117.16
99163,46.83,-117.32
99164,46.84,-117.64
99165,46.84,-117.64
99166,48.67,-118.68
99167,48.42,-118.1
99169,47.09,-118.48
99170,47.03,-117.46
99171,47.12,-117.68
99173,48.0,-117.83
99174,46.84,-117.64
99176,47.12,-117.43
99179,46.55,-117.11
99180,48.25,-117.35
99181,48.12,-117.76
99185,47.76,-118.73
99201,47.66,-117.44
99202,47.61,-117.52
99203,47.63,-117.41
99204,47.65,-117.43
99205,47.69,-117.45
99206,47.67,-117.37
99207,47.69,-117.38
99208,47.78,-117.46
99209,47.65,-117.79
99210,47.65,-117.43
99211,47.65,-117.43
99212,47.67,-117.31
99213,47.66,-117.28
99214,47.65,-117.43
99215,47.65,-117.43
99216,47.67,-117.2
99217,47.74,-117.26
99218,47.76,-117.41
99219,47.65,-117.43
99220,47.65,-117.43
99223,47.59,-117.34
99224,47.63,-117.55
99228,47.65,-117.43
99251,47.65,-117.43
99252,47.65,-117.43
99256,47.65,-117.43
99258,47.65,-117.43
99260,47.65,-117.43
99299,47.65,-117.43
99301,46.42,-118.9
99302,46.23,-119.09
99320,46.24,-119.48
99321,46.84,-119.94
99322,45.89,-120.28
99323,46.2,-118.9
99324,46.05,-118.41
99326,46.59,-118.9
99327,46.83,-118.83
99328,46.39,-117.95
99329,46.14,-118.15
99330,46.51,-118.99
99332,46.77,-118.8
99333,46.84,-117.64
99335,46.68,-118.53
99336,46.21,-119.16
99337,46.12,-119.09
99338,46.16,-119.26
99341,46.9,-118.69
99343,46.58,-119.16
99344,46.85,-118.99
99345,45.86,-119.86
99346,45.93,-119.4
99347,46.48,-117.54
99348,46.35,-118.46
99349,46.73,-119.78
99350,46.15,-119.56
99352,46.28,-119.49
99353,46.32,-119.37
99356,45.85,-120.35
99357,46.9,-119.69
99359,46.51,-118.1
99360,46.13,-118.46
99361,46.16,-118.14
99362,46.13,-118.29
99363,46.08,-118.91
99371,46.82,-118.34
99401,46.12,-117.18
99402,46.17,-117.12
99403,46.37,-117.23
99501,61.29,-149.49
99502,61.17,-149.96
99503,61.19,-149.89
99504,61.21,-149.77
99505,61.26,-149.69
99506,61.26,-149.8
99507,61.15,-149.78
99508,61.21,-149.82
99509,61.11,-149.44
99510,61.14,-149.88
99511,61.07,-149.8
99512,61.2,-149.81
99513,61.21,-149.89
99514,61.11,-149.44
99515,61.12,-149.91
99516,61.09,-149.76
99517,61.19,-149.94
99518,61.16,-149.89
99519,61.11,-149.44
99520,61.11,-149.44
99521,61.11,-149.44
99522,61.11,-149.44
99523,61.11,-149.44
99524,61.11,-149.44
99540,61.11,-149.44
99546,54.24,-176.79
99547,54.24,-176.79
99548,58.27,-156.65
99549,58.27,-156.65
99550,57.7,-153.51
99551,60.31,-163.12
99552,60.31,-163.12
99553,55.43,-162.56
99554,62.12,-163.24
99555,58.96,-163.12
99556,59.84,-151.71
99557,60.31,-163.12
99558,65.23,-151.03
99559,60.13,-162.17
99561,60.31,-163.12
99563,62.12,-163.24
99564,58.27,-156.65
99565,58.27,-156.65
99566,61.47,-144.99
99567,61.39,-149.42
99568,60.19,-151.44
99569,58.96,-163.12
99571,55.65,-160.65
99572,60.49,-149.77
99573,61.47,-144.99
99574,60.54,-145.75
99575,60.31,-163.12
99576,59.04,-158.52
99577,61.3,-149.42
99578,60.31,-163.12
99579,58.27,-156.65
99580,58.96,-163.12
99581,62.12,-163.24
99583,55.43,-162.56
99584,65.23,-151.03
99585,62.12,-163.24
99586,61.47,-144.99
99587,60.96,-149.14
99588,61.47,-144.99
99589,60.31,-163.12
99590,65.23,-151.03
99591,54.24,-176.79
99599,61.19,-149.88
99602,65.23,-151.03
99603,60.06,-151.36
99604,62.12,-163.24
99605,60.04,-151.66
99606,59.75,-154.82
99607,60.31,-163.12
99608,58.27,-155.8
99609,60.31,-163.12
99610,60.35,-151.12
99611,60.42,-150.41
99612,55.43,-162.56
99613,58.75,-157.16
99614,60.31,-163.12
99615,57.76,-152.47
99619,58.27,-155.8
99620,62.12,-163.24
99621,60.31,-163.12
99622,60.31,-163.12
99624,58.27,-155.8
99625,58.27,-156.65
99626,60.31,-163.12
99627,62.95,-155.57
99628,58.96,-163.12
99630,60.31,-163.12
99631,60.04,-151.66
99632,62.33,-164.29
99633,58.66,-156.79
99634,60.31,-163.12
99635,60.7,-151.28
99636,58.96,-163.12
99637,60.31,-163.12
99638,54.24,-176.79
99639,60.05,-151.52
99640,58.27,-156.65
99641,60.31,-163.12
99643,58.27,-155.8
99644,58.27,-155.8
99645,62.26,-149.63
99647,58.27,-156.65
99648,58.27,-156.65
99649,57.53,-157.49
99650,62.12,-163.24
99651,60.31,-163.12
99652,61.52,-149.73
99653,58.27,-156.65
99654,61.58,-149.37
99655,60.31,-163.12
99656,60.31,-163.12
99657,62.12,-163.24
99658,62.12,-163.24
99659,64.76,-165.67
99660,54.24,-176.79
99661,55.35,-160.49
99662,62.12,-163.24
99663,59.45,-151.7
99664,60.25,-149.4
99665,65.23,-151.03
99666,62.12,-163.24
99667,62.28,-149.72
99668,60.31,-163.12
99669,60.11,-151.25
99670,58.75,-157.16
99671,64.76,-165.67
99672,60.51,-150.85
99674,61.73,-148.78
99675,65.23,-151.03
99676,62.28,-149.72
99677,61.47,-144.99
99678,58.96,-163.12
99679,60.31,-163.12
99680,60.31,-163.12
99681,60.31,-163.12
99682,60.04,-151.66
99683,61.72,-150.01
99684,64.76,-165.67
99685,53.86,-166.52
99686,61.69,-145.78
99687,61.53,-149.48
99688,61.9,-150.0
99689,58.33,-135.18
99690,60.31,-163.12
99691,65.23,-151.03
99692,53.87,-166.53
99693,61.47,-144.99
99694,62.28,-149.72
99695,61.11,-149.44
99697,58.27,-155.8
99701,64.64,-147.52
99702,64.79,-147.46
99703,64.83,-147.64
99704,63.54,-149.99
99705,64.78,-147.21
99706,64.85,-147.94
99707,64.7,-147.41
99708,64.95,-147.86
99709,64.86,-148.0
99710,64.95,-147.54
99711,64.83,-147.39
99712,65.04,-147.16
99714,64.49,-146.92
99716,64.87,-146.9
99720,65.23,-151.03
99721,66.69,-153.99
99722,65.23,-151.03
99723,70.22,-150.24
99724,66.93,-149.19
99725,64.87,-148.09
99726,65.23,-151.03
99727,66.87,-159.84
99729,63.54,-149.99
99730,65.23,-151.03
99732,63.87,-144.0
99733,65.23,-151.03
99734,66.69,-153.99
99736,66.87,-159.84
99737,63.11,-143.42
99738,63.87,-144.0
99739,64.76,-165.67
99740,65.23,-151.03
99741,65.23,-151.03
99742,64.76,-165.67
99743,63.54,-149.99
99744,63.54,-149.99
99745,65.23,-151.03
99746,65.23,-151.03
99747,66.69,-153.99
99748,65.23,-151.03
99749,66.87,-159.84
99750,66.87,-159.84
99751,66.87,-159.84
99752,66.87,-161.78
99753,64.76,-165.67
99754,65.23,-151.03
99755,63.54,-149.99
99756,65.23,-151.03
99757,65.23,-151.03
99758,65.23,-151.03
99759,68.89,-164.25
99760,64.12,-153.45
99761,66.87,-159.84
99762,63.89,-163.8
99763,66.87,-159.84
99764,63.87,-144.0
99765,65.23,-151.03
99766,66.69,-153.99
99767,65.51,-150.16
99768,65.23,-151.03
99769,64.76,-165.67
99770,66.87,-159.84
99771,64.76,-165.67
99772,64.76,-165.67
99773,66.87,-159.84
99774,65.23,-151.03
99775,64.86,-147.83
99776,63.87,-144.0
99777,65.23,-151.03
99778,64.76,-165.67
99779,63.87,-144.0
99780,63.87,-144.0
99781,65.23,-151.03
99782,66.69,-153.99
99783,64.76,-165.67
99784,64.76,-165.67
99785,64.76,-165.67
99786,66.87,-159.84
99788,65.23,-151.03
99789,66.69,-153.99
99790,64.86,-146.28
99791,70.49,-157.44
99801,58.37,-134.52
99802,58.41,-134.59
99803,58.38,-134.62
99811,58.38,-134.2
99820,57.5,-134.59
99821,58.45,-134.7
99824,58.28,-134.4
99825,58.33,-135.18
99826,58.33,-135.18
99827,59.31,-135.68
99829,58.1,-135.43
99830,56.97,-133.94
99832,58.33,-135.18
99833,56.77,-132.93
99835,57.08,-135.32
99836,56.54,-132.83
99840,59.46,-135.31
99841,57.8,-135.29
99850,58.38,-134.2
99901,55.4,-131.67
99903,55.52,-132.0
99918,55.52,-132.0
99919,55.13,-131.58
99921,55.51,-133.12
99922,55.21,-132.83
99923,55.52,-132.0
99925,55.55,-133.09
99926,55.09,-131.57
99927,55.52,-132.0
99928,55.4,-131.68
99929,56.45,-132.36
99950,55.54,-131.43
